Godot Engine v4.7.1.stable.custom_build.a13da4feb (2026-07-13 21:00:28 UTC) - https://godotengine.org

[   0% ] [90m[1mfirst_scan_filesystem[22m | Started Project initialization (5 steps)[39m[0m
[   0% ] [90m[1mfirst_scan_filesystem[22m | Scanning file structure...[39m[0m
[  16% ] [90m[1mfirst_scan_filesystem[22m | Loading global class names...[39m[0m
[  33% ] [90m[1mfirst_scan_filesystem[22m | Verifying GDExtensions...[39m[0m
[  50% ] [90m[1mfirst_scan_filesystem[22m | Creating autoload scripts...[39m[0m
[  66% ] [90m[1mfirst_scan_filesystem[22m | Initializing plugins...[39m[0m
[  83% ] [90m[1mfirst_scan_filesystem[22m | Starting file scan...[39m[0m
[92m[ DONE ][39m [1mfirst_scan_filesystem[22m
[0m
[   0% ] [90m[1msavepack[22m | Started Packing (102 steps)[39m[0m
[   1% ] [90m[1msavepack[22m | Storing File: res://assets/animations/AL_HeroStates.res[39m[0m
[   1% ] [90m[1msavepack[22m | Storing File: res://assets/animations/AL_RaiderStates.res[39m[0m
[   1% ] [90m[1msavepack[22m | Storing File: res://.godot/imported/UAL1_Standard.glb-ab194a90b21a61ecb15ec763646cbd14.scn[39m[0m
[   1% ] [90m[1msavepack[22m | Storing File: res://assets/animations/UAL1_Standard.glb.import[39m[0m
[   1% ] [90m[1msavepack[22m | Storing File: res://.godot/imported/UAL2_Standard.glb-2d7e9caa982b4bbe70b21bc2e0fbed0c.scn[39m[0m
[   1% ] [90m[1msavepack[22m | Storing File: res://assets/animations/UAL2_Standard.glb.import[39m[0m
[   1% ] [90m[1msavepack[22m | Storing File: res://.godot/imported/SM_Barrow_Stones.glb-ba2d13b6b49c01e68f707fd3f01cb262.scn[39m[0m
[   1% ] [90m[1msavepack[22m | Storing File: res://assets/architecture/barrow/SM_Barrow_Stones.glb.import[39m[0m
[   1% ] [90m[1msavepack[22m | Storing File: res://.godot/imported/SM_Farm_Ruins.glb-28d70cfee8f3397b7c7eed2c565755db.scn[39m[0m
[   1% ] [90m[1msavepack[22m | Storing File: res://assets/architecture/farm/SM_Farm_Ruins.glb.import[39m[0m
[   1% ] [90m[1msavepack[22m | Storing File: res://.godot/imported/SM_ThunderstruckTree.glb-a072e884a4c79baf688290efe4e8504f.scn[39m[0m
[   1% ] [90m[1msavepack[22m | Storing File: res://assets/architecture/flora/SM_ThunderstruckTree.glb.import[39m[0m
[   1% ] [90m[1msavepack[22m | Storing File: res://.godot/imported/SM_Pylon_Resonance.glb-14755a1caa3b3579c93e8d34d3d0abe3.scn[39m[0m
[   1% ] [90m[1msavepack[22m | Storing File: res://assets/architecture/pylon/SM_Pylon_Resonance.glb.import[39m[0m
[   2% ] [90m[1msavepack[22m | Storing File: res://.godot/imported/SM_Shrine_Vestige.glb-2c4ef6c663b282590cc3eb3760c53502.scn[39m[0m
[   2% ] [90m[1msavepack[22m | Storing File: res://assets/architecture/shrine/SM_Shrine_Vestige.glb.import[39m[0m
[   2% ] [90m[1msavepack[22m | Storing File: res://.godot/imported/SM_StoneBridge_Arch.glb-72b906e8d90d0608a1c8bb277ef5f013.scn[39m[0m
[   2% ] [90m[1msavepack[22m | Storing File: res://assets/architecture/stone_bridge/SM_StoneBridge_Arch.glb.import[39m[0m
[   2% ] [90m[1msavepack[22m | Storing File: res://.godot/imported/SM_Village_Quay.glb-5d9ca751046d9c69fd2ad5becc295bd4.scn[39m[0m
[   2% ] [90m[1msavepack[22m | Storing File: res://assets/architecture/village/SM_Village_Quay.glb.import[39m[0m
[   2% ] [90m[1msavepack[22m | Storing File: res://.godot/imported/SM_Village_Wall.glb-2aa2f27892904a99f0d86a599bd3c188.scn[39m[0m
[   2% ] [90m[1msavepack[22m | Storing File: res://assets/architecture/village/SM_Village_Wall.glb.import[39m[0m
[   2% ] [90m[1msavepack[22m | Storing File: res://.godot/imported/SM_Watchtower_Ruin.glb-28aea0f66d4d2efb977b7cfb0947348d.scn[39m[0m
[   2% ] [90m[1msavepack[22m | Storing File: res://assets/architecture/watchtower/SM_Watchtower_Ruin.glb.import[39m[0m
[   2% ] [90m[1msavepack[22m | Storing File: res://.godot/imported/amb_valley.wav-e3ea65bd7adcea4099e220b8c146b2c3.sample[39m[0m
[   2% ] [90m[1msavepack[22m | Storing File: res://assets/audio/sfx/amb_valley.wav.import[39m[0m
[   2% ] [90m[1msavepack[22m | Storing File: res://.godot/imported/chest_open.wav-689d673a31dd2e0d6cb0fc278d307b3e.sample[39m[0m
[   2% ] [90m[1msavepack[22m | Storing File: res://assets/audio/sfx/chest_open.wav.import[39m[0m
[   2% ] [90m[1msavepack[22m | Storing File: res://.godot/imported/death.wav-eb8bf206799fefce7cf26366434348b8.sample[39m[0m
[   2% ] [90m[1msavepack[22m | Storing File: res://assets/audio/sfx/death.wav.import[39m[0m
[   3% ] [90m[1msavepack[22m | Storing File: res://.godot/imported/guard.wav-6ab39ad48d7ff9874003bbafebac9425.sample[39m[0m
[   3% ] [90m[1msavepack[22m | Storing File: res://assets/audio/sfx/guard.wav.import[39m[0m
[   3% ] [90m[1msavepack[22m | Storing File: res://.godot/imported/hit_land.wav-86872604116e65f0ecc1ff649533c5ba.sample[39m[0m
[   3% ] [90m[1msavepack[22m | Storing File: res://assets/audio/sfx/hit_land.wav.import[39m[0m
[   3% ] [90m[1msavepack[22m | Storing File: res://.godot/imported/hit_taken.wav-e35591f7d6cb2a19fc044ac24ca7c850.sample[39m[0m
[   3% ] [90m[1msavepack[22m | Storing File: res://assets/audio/sfx/hit_taken.wav.import[39m[0m
[   3% ] [90m[1msavepack[22m | Storing File: res://.godot/imported/jump.wav-127418ac4fc0b61a7fed0684053202c7.sample[39m[0m
[   3% ] [90m[1msavepack[22m | Storing File: res://assets/audio/sfx/jump.wav.import[39m[0m
[   3% ] [90m[1msavepack[22m | Storing File: res://.godot/imported/land_hard.wav-7d57407cfee5f06ae51b905dcab0c560.sample[39m[0m
[   3% ] [90m[1msavepack[22m | Storing File: res://assets/audio/sfx/land_hard.wav.import[39m[0m
[   3% ] [90m[1msavepack[22m | Storing File: res://.godot/imported/land_soft.wav-84e8a009a4c77a184f61c9ac058cc11b.sample[39m[0m
[   3% ] [90m[1msavepack[22m | Storing File: res://assets/audio/sfx/land_soft.wav.import[39m[0m
[   3% ] [90m[1msavepack[22m | Storing File: res://.godot/imported/parry.wav-bd17b32003f1fc044c326ad83f386707.sample[39m[0m
[   3% ] [90m[1msavepack[22m | Storing File: res://assets/audio/sfx/parry.wav.import[39m[0m
[   3% ] [90m[1msavepack[22m | Storing File: res://.godot/imported/pickup.wav-ab250a1f66a2a1fa9405a9d94b827447.sample[39m[0m
[   3% ] [90m[1msavepack[22m | Storing File: res://assets/audio/sfx/pickup.wav.import[39m[0m
[   4% ] [90m[1msavepack[22m | Storing File: res://.godot/imported/refuse.wav-09f0134ddd281b8266bade6692f42271.sample[39m[0m
[   4% ] [90m[1msavepack[22m | Storing File: res://assets/audio/sfx/refuse.wav.import[39m[0m
[   4% ] [90m[1msavepack[22m | Storing File: res://.godot/imported/step_grass_a.wav-5f1adeb991551209aecb5f9d187cd105.sample[39m[0m
[   4% ] [90m[1msavepack[22m | Storing File: res://assets/audio/sfx/step_grass_a.wav.import[39m[0m
[   4% ] [90m[1msavepack[22m | Storing File: res://.godot/imported/step_grass_b.wav-b4c2700cf61408876a56ad3c2b00a1bd.sample[39m[0m
[   4% ] [90m[1msavepack[22m | Storing File: res://assets/audio/sfx/step_grass_b.wav.import[39m[0m
[   4% ] [90m[1msavepack[22m | Storing File: res://.godot/imported/step_grass_c.wav-3a7cd5699611fbfae770a302126b4b44.sample[39m[0m
[   4% ] [90m[1msavepack[22m | Storing File: res://assets/audio/sfx/step_grass_c.wav.import[39m[0m
[   4% ] [90m[1msavepack[22m | Storing File: res://.godot/imported/step_stone_a.wav-3e79d6c670a32d55823527e94f7f5071.sample[39m[0m
[   4% ] [90m[1msavepack[22m | Storing File: res://assets/audio/sfx/step_stone_a.wav.import[39m[0m
[   4% ] [90m[1msavepack[22m | Storing File: res://.godot/imported/step_stone_b.wav-1a8db3b92ab2fbff1f29e49fbc0a1eec.sample[39m[0m
[   4% ] [90m[1msavepack[22m | Storing File: res://assets/audio/sfx/step_stone_b.wav.import[39m[0m
[   4% ] [90m[1msavepack[22m | Storing File: res://.godot/imported/swing.wav-a7cbca82a73ef05789a25e7e44028fc6.sample[39m[0m
[   4% ] [90m[1msavepack[22m | Storing File: res://assets/audio/sfx/swing.wav.import[39m[0m
[   4% ] [90m[1msavepack[22m | Storing File: res://.godot/imported/ui_accept.wav-cc1d412e6d84623b4fc9863737cbff74.sample[39m[0m
[   4% ] [90m[1msavepack[22m | Storing File: res://assets/audio/sfx/ui_accept.wav.import[39m[0m
[   5% ] [90m[1msavepack[22m | Storing File: res://.godot/imported/ui_move.wav-beadd58da3486de5cdd558795599ad69.sample[39m[0m
[   5% ] [90m[1msavepack[22m | Storing File: res://assets/audio/sfx/ui_move.wav.import[39m[0m
[   5% ] [90m[1msavepack[22m | Storing File: res://.godot/imported/weapon_break.wav-5a184cc8182f7dcbdfadb8458a7a2d0a.sample[39m[0m
[   5% ] [90m[1msavepack[22m | Storing File: res://assets/audio/sfx/weapon_break.wav.import[39m[0m
[   5% ] [90m[1msavepack[22m | Storing File: res://.godot/imported/ui_back.ogg-c8dc4b5a94b26d57b86e25f5c5945ad9.oggvorbisstr[39m[0m
[   5% ] [90m[1msavepack[22m | Storing File: res://assets/audio/ui/ui_back.ogg.import[39m[0m
[   5% ] [90m[1msavepack[22m | Storing File: res://.godot/imported/ui_click.ogg-9e3021d5f66fd4619f358a1a25af1e98.oggvorbisstr[39m[0m
[   5% ] [90m[1msavepack[22m | Storing File: res://assets/audio/ui/ui_click.ogg.import[39m[0m
[   5% ] [90m[1msavepack[22m | Storing File: res://.godot/imported/ui_confirm.ogg-bd87160d9d9881e51e6b926ec7eea523.oggvorbisstr[39m[0m
[   5% ] [90m[1msavepack[22m | Storing File: res://assets/audio/ui/ui_confirm.ogg.import[39m[0m
[   5% ] [90m[1msavepack[22m | Storing File: res://.godot/imported/ui_error.ogg-680adb51a0a473cb4b081ae7c94c06bb.oggvorbisstr[39m[0m
[   5% ] [90m[1msavepack[22m | Storing File: res://assets/audio/ui/ui_error.ogg.import[39m[0m
[   5% ] [90m[1msavepack[22m | Storing File: res://.godot/imported/ui_hover.ogg-2e47eb3f0dc8fb0fac178a01187a52f3.oggvorbisstr[39m[0m
[   5% ] [90m[1msavepack[22m | Storing File: res://assets/audio/ui/ui_hover.ogg.import[39m[0m
[   6% ] [90m[1msavepack[22m | Storing File: res://.godot/imported/ui_open.ogg-94c39882b031fb6559c72330462f79df.oggvorbisstr[39m[0m
[   6% ] [90m[1msavepack[22m | Storing File: res://assets/audio/ui/ui_open.ogg.import[39m[0m
[   6% ] [90m[1msavepack[22m | Storing File: res://.godot/imported/SK_StormGuardian.glb-14d92936382ceb065095dc79de96dbc2.scn[39m[0m
[   6% ] [90m[1msavepack[22m | Storing File: res://assets/characters/boss/SK_StormGuardian.glb.import[39m[0m
[   6% ] [90m[1msavepack[22m | Storing File: res://.godot/imported/SK_StormGuardian_T_Guardian_BaseColor.png-8e4e43c88e57cc384323e1c926794936.ctex[39m[0m
[   6% ] [90m[1msavepack[22m | Storing File: res://assets/characters/boss/SK_StormGuardian_T_Guardian_BaseColor.png.import[39m[0m
[   6% ] [90m[1msavepack[22m | Storing File: res://.godot/imported/SK_StormGuardian_T_Guardian_MR.png-ea27c1dad9c34afb4665c418c85cd6bc.ctex[39m[0m
[   6% ] [90m[1msavepack[22m | Storing File: res://assets/characters/boss/SK_StormGuardian_T_Guardian_MR.png.import[39m[0m
[   6% ] [90m[1msavepack[22m | Storing File: res://.godot/imported/SK_CentaurHunter.glb-60c5fb4003093a06d24ec089b4e04746.scn[39m[0m
[   6% ] [90m[1msavepack[22m | Storing File: res://assets/characters/creatures/SK_CentaurHunter.glb.import[39m[0m
[   6% ] [90m[1msavepack[22m | Storing File: res://.godot/imported/SK_RavineTroll.glb-bf7f3b837ababd38165bf89d8091451a.scn[39m[0m
[   6% ] [90m[1msavepack[22m | Storing File: res://assets/characters/creatures/SK_RavineTroll.glb.import[39m[0m
[   6% ] [90m[1msavepack[22m | Storing File: res://.godot/imported/Male_Peasant.gltf-e7217f74f0624539a7886d84a1873117.scn[39m[0m
[   6% ] [90m[1msavepack[22m | Storing File: res://assets/characters/enemies/Male_Peasant.gltf.import[39m[0m
[   6% ] [90m[1msavepack[22m | Storing File: res://.godot/imported/SK_RaiderBlack.glb-9bb007b39d8535cde07f27b89a1a21f7.scn[39m[0m
[   6% ] [90m[1msavepack[22m | Storing File: res://assets/characters/enemies/SK_RaiderBlack.glb.import[39m[0m
[   7% ] [90m[1msavepack[22m | Storing File: res://.godot/imported/SK_RaiderBlack_T_Peasant_BaseColor.png-9b9a640e6615fb39cea6a494242dd2cc.ctex[39m[0m
[   7% ] [90m[1msavepack[22m | Storing File: res://assets/characters/enemies/SK_RaiderBlack_T_Peasant_BaseColor.png.import[39m[0m
[   7% ] [90m[1msavepack[22m | Storing File: res://.godot/imported/SK_RaiderBlack_T_Peasant_Normal.png-5cb28f2a304e1af23b5f141944cd13fa.ctex[39m[0m
[   7% ] [90m[1msavepack[22m | Storing File: res://assets/characters/enemies/SK_RaiderBlack_T_Peasant_Normal.png.import[39m[0m
[   7% ] [90m[1msavepack[22m | Storing File: res://.godot/imported/SK_RaiderBlack_T_Peasant_ORM.png-c502263775c1055240b99b0410797efb.ctex[39m[0m
[   7% ] [90m[1msavepack[22m | Storing File: res://assets/characters/enemies/SK_RaiderBlack_T_Peasant_ORM.png.import[39m[0m
[   7% ] [90m[1msavepack[22m | Storing File: res://.godot/imported/SK_RaiderBlack_T_Regular_Male_Dark_BaseColor.png-0bd48cf5eba42bd49f480ca4afe8cdd0.ctex[39m[0m
[   7% ] [90m[1msavepack[22m | Storing File: res://assets/characters/enemies/SK_RaiderBlack_T_Regular_Male_Dark_BaseColor.png.import[39m[0m
[   7% ] [90m[1msavepack[22m | Storing File: res://.godot/imported/SK_RaiderBlack_T_Regular_Male_Normal.png-910d374e80c1e69398a89eb71a2de4e0.ctex[39m[0m
[   7% ] [90m[1msavepack[22m | Storing File: res://assets/characters/enemies/SK_RaiderBlack_T_Regular_Male_Normal.png.import[39m[0m
[   7% ] [90m[1msavepack[22m | Storing File: res://.godot/imported/SK_RaiderBlack_T_Regular_Male_Roughness.png-c7470a916f447955fba02c6aec71bae5.ctex[39m[0m
[   7% ] [90m[1msavepack[22m | Storing File: res://assets/characters/enemies/SK_RaiderBlack_T_Regular_Male_Roughness.png.import[39m[0m
[   7% ] [90m[1msavepack[22m | Storing File: res://.godot/imported/SK_RaiderBlue.glb-7c86b4b965c8828872b07b482c57ff94.scn[39m[0m
[   7% ] [90m[1msavepack[22m | Storing File: res://assets/characters/enemies/SK_RaiderBlue.glb.import[39m[0m
[   7% ] [90m[1msavepack[22m | Storing File: res://.godot/imported/SK_RaiderBlue_T_Peasant_BaseColor.png-cb63161d69309dc3eb9843c5f0fe62f2.ctex[39m[0m
[   7% ] [90m[1msavepack[22m | Storing File: res://assets/characters/enemies/SK_RaiderBlue_T_Peasant_BaseColor.png.import[39m[0m
[   8% ] [90m[1msavepack[22m | Storing File: res://.godot/imported/SK_RaiderBlue_T_Peasant_Normal.png-624bc2ef2c10737188f970c8744f3956.ctex[39m[0m
[   8% ] [90m[1msavepack[22m | Storing File: res://assets/characters/enemies/SK_RaiderBlue_T_Peasant_Normal.png.import[39m[0m
[   8% ] [90m[1msavepack[22m | Storing File: res://.godot/imported/SK_RaiderBlue_T_Peasant_ORM.png-6efce96a7209ad89fa95cdef04aea365.ctex[39m[0m
[   8% ] [90m[1msavepack[22m | Storing File: res://assets/characters/enemies/SK_RaiderBlue_T_Peasant_ORM.png.import[39m[0m
[   8% ] [90m[1msavepack[22m | Storing File: res://.godot/imported/SK_RaiderBlue_T_Regular_Male_Dark_BaseColor.png-9d09384abb5660c8b74e6abcfb502171.ctex[39m[0m
[   8% ] [90m[1msavepack[22m | Storing File: res://assets/characters/enemies/SK_RaiderBlue_T_Regular_Male_Dark_BaseColor.png.import[39m[0m
[   8% ] [90m[1msavepack[22m | Storing File: res://.godot/imported/SK_RaiderBlue_T_Regular_Male_Normal.png-a908544ceb2e8707840a439671eeff32.ctex[39m[0m
[   8% ] [90m[1msavepack[22m | Storing File: res://assets/characters/enemies/SK_RaiderBlue_T_Regular_Male_Normal.png.import[39m[0m
[   8% ] [90m[1msavepack[22m | Storing File: res://.godot/imported/SK_RaiderBlue_T_Regular_Male_Roughness.png-45d738f3899cc829cf05f2b46aeb4507.ctex[39m[0m
[   8% ] [90m[1msavepack[22m | Storing File: res://assets/characters/enemies/SK_RaiderBlue_T_Regular_Male_Roughness.png.import[39m[0m
[   8% ] [90m[1msavepack[22m | Storing File: res://.godot/imported/SK_RaiderRed.glb-04760d025d7e2a4b3910f44addb2d7de.scn[39m[0m
[   8% ] [90m[1msavepack[22m | Storing File: res://assets/characters/enemies/SK_RaiderRed.glb.import[39m[0m
[   8% ] [90m[1msavepack[22m | Storing File: res://.godot/imported/SK_RaiderRed_T_Peasant_BaseColor.png-408976eebb9e584fd6ae8b9ba4511cd5.ctex[39m[0m
[   8% ] [90m[1msavepack[22m | Storing File: res://assets/characters/enemies/SK_RaiderRed_T_Peasant_BaseColor.png.import[39m[0m
[   8% ] [90m[1msavepack[22m | Storing File: res://.godot/imported/SK_RaiderRed_T_Peasant_Normal.png-c0bffdbbc81ea489e7b5d486276d4d20.ctex[39m[0m
[   8% ] [90m[1msavepack[22m | Storing File: res://assets/characters/enemies/SK_RaiderRed_T_Peasant_Normal.png.import[39m[0m
[   9% ] [90m[1msavepack[22m | Storing File: res://.godot/imported/SK_RaiderRed_T_Peasant_ORM.png-fbcf644297da6efa0ede7a4c8801dc0a.ctex[39m[0m
[   9% ] [90m[1msavepack[22m | Storing File: res://assets/characters/enemies/SK_RaiderRed_T_Peasant_ORM.png.import[39m[0m
[   9% ] [90m[1msavepack[22m | Storing File: res://.godot/imported/SK_RaiderRed_T_Regular_Male_Dark_BaseColor.png-5cba7ce8f0e7fa979c48b17d366dae4f.ctex[39m[0m
[   9% ] [90m[1msavepack[22m | Storing File: res://assets/characters/enemies/SK_RaiderRed_T_Regular_Male_Dark_BaseColor.png.import[39m[0m
[   9% ] [90m[1msavepack[22m | Storing File: res://.godot/imported/SK_RaiderRed_T_Regular_Male_Normal.png-9b0f16ed5b0cb56eee11e5f1b8269b6f.ctex[39m[0m
[   9% ] [90m[1msavepack[22m | Storing File: res://assets/characters/enemies/SK_RaiderRed_T_Regular_Male_Normal.png.import[39m[0m
[   9% ] [90m[1msavepack[22m | Storing File: res://.godot/imported/SK_RaiderRed_T_Regular_Male_Roughness.png-08d5f7ee259b4d05096eed386d798324.ctex[39m[0m
[   9% ] [90m[1msavepack[22m | Storing File: res://assets/characters/enemies/SK_RaiderRed_T_Regular_Male_Roughness.png.import[39m[0m
[   9% ] [90m[1msavepack[22m | Storing File: res://.godot/imported/T_Peasant_BaseColor.png-d2ca92faf960670946ed248826164dc8.ctex[39m[0m
[   9% ] [90m[1msavepack[22m | Storing File: res://assets/characters/enemies/T_Peasant_BaseColor.png.import[39m[0m
[   9% ] [90m[1msavepack[22m | Storing File: res://.godot/imported/T_Peasant_Normal.png-1bcf25fa377dea3e2390a8a2b4b5eab4.ctex[39m[0m
[   9% ] [90m[1msavepack[22m | Storing File: res://assets/characters/enemies/T_Peasant_Normal.png.import[39m[0m
[   9% ] [90m[1msavepack[22m | Storing File: res://.godot/imported/T_Peasant_ORM.png-fdf63dd690e46c92012483fa73792d18.ctex[39m[0m
[   9% ] [90m[1msavepack[22m | Storing File: res://assets/characters/enemies/T_Peasant_ORM.png.import[39m[0m
[   9% ] [90m[1msavepack[22m | Storing File: res://.godot/imported/T_Regular_Male_Dark_BaseColor.png-74dd711ae4124ba2168ab31800f44334.ctex[39m[0m
[   9% ] [90m[1msavepack[22m | Storing File: res://assets/characters/enemies/T_Regular_Male_Dark_BaseColor.png.import[39m[0m
[  10% ] [90m[1msavepack[22m | Storing File: res://.godot/imported/T_Regular_Male_Normal.png-5c97eb928f7178a9e2b89eef62f56e6c.ctex[39m[0m
[  10% ] [90m[1msavepack[22m | Storing File: res://assets/characters/enemies/T_Regular_Male_Normal.png.import[39m[0m
[  10% ] [90m[1msavepack[22m | Storing File: res://.godot/imported/T_Regular_Male_Roughness.png-d4e08eadd2f4df4c5b39d71290872877.ctex[39m[0m
[  10% ] [90m[1msavepack[22m | Storing File: res://assets/characters/enemies/T_Regular_Male_Roughness.png.import[39m[0m
[  10% ] [90m[1msavepack[22m | Storing File: res://.godot/imported/Male_Ranger.gltf-1988cc0386b6a6fbd9e2bd7d5dd902a2.scn[39m[0m
[  10% ] [90m[1msavepack[22m | Storing File: res://assets/characters/hero/Male_Ranger.gltf.import[39m[0m
[  10% ] [90m[1msavepack[22m | Storing File: res://.godot/imported/SK_TestRigAnim.glb-e6f29f98a3ee65c5b937a4505735fbd8.scn[39m[0m
[  10% ] [90m[1msavepack[22m | Storing File: res://assets/characters/hero/SK_TestRigAnim.glb.import[39m[0m
[  10% ] [90m[1msavepack[22m | Storing File: res://.godot/imported/T_Ranger_BaseColor.png-7e184b583aeb10ced1c0ceb85ce180c6.ctex[39m[0m
[  10% ] [90m[1msavepack[22m | Storing File: res://assets/characters/hero/T_Ranger_BaseColor.png.import[39m[0m
[  10% ] [90m[1msavepack[22m | Storing File: res://assets/characters/hero/T_Ranger_Hero_BaseColor.manifest.json[39m[0m
[  10% ] [90m[1msavepack[22m | Storing File: res://.godot/imported/T_Ranger_Hero_BaseColor.png-d2c56ecc36588668edf1928e67f09f92.ctex[39m[0m
[  10% ] [90m[1msavepack[22m | Storing File: res://assets/characters/hero/T_Ranger_Hero_BaseColor.png.import[39m[0m
[  11% ] [90m[1msavepack[22m | Storing File: res://.godot/imported/T_Ranger_Normal.png-71ed4916a346d45f95c3a47903a5f3d7.ctex[39m[0m
[  11% ] [90m[1msavepack[22m | Storing File: res://assets/characters/hero/T_Ranger_Normal.png.import[39m[0m
[  11% ] [90m[1msavepack[22m | Storing File: res://.godot/imported/T_Ranger_ORM.png-39ed15077ad028a49f0ce09ec83551af.ctex[39m[0m
[  11% ] [90m[1msavepack[22m | Storing File: res://assets/characters/hero/T_Ranger_ORM.png.import[39m[0m
[  11% ] [90m[1msavepack[22m | Storing File: res://.godot/imported/T_Regular_Male_Dark_BaseColor.png-c068b5aa77f99efce21ca8253c7e22c6.ctex[39m[0m
[  11% ] [90m[1msavepack[22m | Storing File: res://assets/characters/hero/T_Regular_Male_Dark_BaseColor.png.import[39m[0m
[  11% ] [90m[1msavepack[22m | Storing File: res://.godot/imported/T_Regular_Male_Normal.png-2d587bb30c583dbeb5cb4d66da387831.ctex[39m[0m
[  11% ] [90m[1msavepack[22m | Storing File: res://assets/characters/hero/T_Regular_Male_Normal.png.import[39m[0m
[  11% ] [90m[1msavepack[22m | Storing File: res://.godot/imported/T_Regular_Male_Roughness.png-104013e2a9bf8530bd9767e12b33b08c.ctex[39m[0m
[  11% ] [90m[1msavepack[22m | Storing File: res://assets/characters/hero/T_Regular_Male_Roughness.png.import[39m[0m
[  11% ] [90m[1msavepack[22m | Storing File: res://.godot/imported/SM_Mount_Steppe.glb-94c0e38055380ec05153cd6fd86a590d.scn[39m[0m
[  11% ] [90m[1msavepack[22m | Storing File: res://assets/characters/mount/SM_Mount_Steppe.glb.import[39m[0m
[  11% ] [90m[1msavepack[22m | Storing File: res://.godot/imported/Male_Ranger_Acc_Pauldron.gltf-c35d4c30c83530dd85fa1edfce2d4389.scn[39m[0m
[  11% ] [90m[1msavepack[22m | Storing File: res://assets/characters/parts/Male_Ranger_Acc_Pauldron.gltf.import[39m[0m
[  11% ] [90m[1msavepack[22m | Storing File: res://.godot/imported/Male_Ranger_Feet_Boots.gltf-45d88c5af772ea5003b81d2948da261a.scn[39m[0m
[  11% ] [90m[1msavepack[22m | Storing File: res://assets/characters/parts/Male_Ranger_Feet_Boots.gltf.import[39m[0m
[  12% ] [90m[1msavepack[22m | Storing File: res://.godot/imported/Male_Ranger_Head_Hood.gltf-a8b0f90e74d64d5b03384e8b99d4bada.scn[39m[0m
[  12% ] [90m[1msavepack[22m | Storing File: res://assets/characters/parts/Male_Ranger_Head_Hood.gltf.import[39m[0m
[  12% ] [90m[1msavepack[22m | Storing File: res://.godot/imported/SM_UniversalHead.glb-51c155e29c7f1ecdf87ac3528f335b98.scn[39m[0m
[  12% ] [90m[1msavepack[22m | Storing File: res://assets/characters/parts/SM_UniversalHead.glb.import[39m[0m
[  12% ] [90m[1msavepack[22m | Storing File: res://.godot/imported/Superhero_Male_FullBody.gltf-de7dfa8941bed461f22fb263df9832f4.scn[39m[0m
[  12% ] [90m[1msavepack[22m | Storing File: res://assets/characters/parts/Superhero_Male_FullBody.gltf.import[39m[0m
[  12% ] [90m[1msavepack[22m | Storing File: res://.godot/imported/T_Eye_Brown.png-2314e2d62da1169da6ded5e0f8c81cd6.ctex[39m[0m
[  12% ] [90m[1msavepack[22m | Storing File: res://assets/characters/parts/T_Eye_Brown.png.import[39m[0m
[  12% ] [90m[1msavepack[22m | Storing File: res://.godot/imported/T_Eye_Normal_png.png-afb31e2d05fdfb1134497c5ca31360c7.ctex[39m[0m
[  12% ] [90m[1msavepack[22m | Storing File: res://assets/characters/parts/T_Eye_Normal_png.png.import[39m[0m
[  12% ] [90m[1msavepack[22m | Storing File: res://.godot/imported/T_Hair_1_BaseColor.png-31cd3f20ef11ae4a3ab4f6dde8d42171.ctex[39m[0m
[  12% ] [90m[1msavepack[22m | Storing File: res://assets/characters/parts/T_Hair_1_BaseColor.png.import[39m[0m
[  12% ] [90m[1msavepack[22m | Storing File: res://.godot/imported/T_Hair_1_Normal_png.png-ae86275709ee3360fd4d57cbbd2b62c0.ctex[39m[0m
[  12% ] [90m[1msavepack[22m | Storing File: res://assets/characters/parts/T_Hair_1_Normal_png.png.import[39m[0m
[  12% ] [90m[1msavepack[22m | Storing File: res://.godot/imported/T_Ranger_BaseColor.png-5561c59e64316ab86fe1f80b1944c231.ctex[39m[0m
[  12% ] [90m[1msavepack[22m | Storing File: res://assets/characters/parts/T_Ranger_BaseColor.png.import[39m[0m
[  13% ] [90m[1msavepack[22m | Storing File: res://.godot/imported/T_Ranger_Normal.png-44221cdb977e8a3f0d94cd0c4a6f5d85.ctex[39m[0m
[  13% ] [90m[1msavepack[22m | Storing File: res://assets/characters/parts/T_Ranger_Normal.png.import[39m[0m
[  13% ] [90m[1msavepack[22m | Storing File: res://.godot/imported/T_Ranger_ORM.png-5a497d817b19b3c77e95ca94b8be5509.ctex[39m[0m
[  13% ] [90m[1msavepack[22m | Storing File: res://assets/characters/parts/T_Ranger_ORM.png.import[39m[0m
[  13% ] [90m[1msavepack[22m | Storing File: res://.godot/imported/T_Superhero_Male_Dark.png-d7ce9891970fc6fdceb46d78b25ed2b3.ctex[39m[0m
[  13% ] [90m[1msavepack[22m | Storing File: res://assets/characters/parts/T_Superhero_Male_Dark.png.import[39m[0m
[  13% ] [90m[1msavepack[22m | Storing File: res://.godot/imported/T_Superhero_Male_Normal.png-dcbd25b65cc9b71d2c004666317904c7.ctex[39m[0m
[  13% ] [90m[1msavepack[22m | Storing File: res://assets/characters/parts/T_Superhero_Male_Normal.png.import[39m[0m
[  13% ] [90m[1msavepack[22m | Storing File: res://.godot/imported/T_Superhero_Male_Roughness.png-ce89d42c0108bec655ff5a1950c5f1fb.ctex[39m[0m
[  13% ] [90m[1msavepack[22m | Storing File: res://assets/characters/parts/T_Superhero_Male_Roughness.png.import[39m[0m
[  13% ] [90m[1msavepack[22m | Storing File: res://.godot/imported/SM_CaveEnvelope_ProtoA.glb-e0957d01722ef5a80db2a1fcb2c04963.scn[39m[0m
[  13% ] [90m[1msavepack[22m | Storing File: res://assets/environment/caves/prototypes/SM_CaveEnvelope_ProtoA.glb.import[39m[0m
[  13% ] [90m[1msavepack[22m | Storing File: res://.godot/imported/SM_CaveEnvelope_ProtoB.glb-da0740d70d7e8ee7e3c61698d721db10.scn[39m[0m
[  13% ] [90m[1msavepack[22m | Storing File: res://assets/environment/caves/prototypes/SM_CaveEnvelope_ProtoB.glb.import[39m[0m
[  13% ] [90m[1msavepack[22m | Storing File: res://.godot/imported/SM_CaveEnvelope_ProtoC.glb-b17dc2ec7acf42f9e71e82ce4a6cf123.scn[39m[0m
[  13% ] [90m[1msavepack[22m | Storing File: res://assets/environment/caves/prototypes/SM_CaveEnvelope_ProtoC.glb.import[39m[0m
[  14% ] [90m[1msavepack[22m | Storing File: res://.godot/imported/SM_WaterfallCave.glb-7904d1170b521d4e67f0b10164a9056d.scn[39m[0m
[  14% ] [90m[1msavepack[22m | Storing File: res://assets/environment/caves/SM_WaterfallCave.glb.import[39m[0m
[  14% ] [90m[1msavepack[22m | Storing File: res://.godot/imported/SM_WaterfallCave_r2a358.glb-86b615ae468087d1f39c58e2641eacab.scn[39m[0m
[  14% ] [90m[1msavepack[22m | Storing File: res://assets/environment/caves/SM_WaterfallCave_r2a358.glb.import[39m[0m
[  14% ] [90m[1msavepack[22m | Storing File: res://.godot/imported/cliff_blockSlope_rock.glb-4c75cab8a246f69235cc85a78d53e935.scn[39m[0m
[  14% ] [90m[1msavepack[22m | Storing File: res://assets/environment/cliffs/cliff_blockSlope_rock.glb.import[39m[0m
[  14% ] [90m[1msavepack[22m | Storing File: res://.godot/imported/cliff_cornerLarge_rock.glb-741c9e6b0409f121b3cf86486d27b9d4.scn[39m[0m
[  14% ] [90m[1msavepack[22m | Storing File: res://assets/environment/cliffs/cliff_cornerLarge_rock.glb.import[39m[0m
[  14% ] [90m[1msavepack[22m | Storing File: res://.godot/imported/cliff_corner_rock.glb-0862d4806228f40e74ac6d6b7d8aeb24.scn[39m[0m
[  14% ] [90m[1msavepack[22m | Storing File: res://assets/environment/cliffs/cliff_corner_rock.glb.import[39m[0m
[  14% ] [90m[1msavepack[22m | Storing File: res://.godot/imported/cliff_half_rock.glb-c3b0db6ce9a647bc88ef2ddf350aaa32.scn[39m[0m
[  14% ] [90m[1msavepack[22m | Storing File: res://assets/environment/cliffs/cliff_half_rock.glb.import[39m[0m
[  14% ] [90m[1msavepack[22m | Storing File: res://.godot/imported/cliff_large_rock.glb-fbd414148c8ace8e74b1e2e54c8b91e9.scn[39m[0m
[  14% ] [90m[1msavepack[22m | Storing File: res://assets/environment/cliffs/cliff_large_rock.glb.import[39m[0m
[  14% ] [90m[1msavepack[22m | Storing File: res://.godot/imported/rock_largeA.glb-7aa2e5fcd57fd93bff35ecdfa7b0efca.scn[39m[0m
[  14% ] [90m[1msavepack[22m | Storing File: res://assets/environment/cliffs/rock_largeA.glb.import[39m[0m
[  15% ] [90m[1msavepack[22m | Storing File: res://.godot/imported/rock_largeC.glb-09d65d7602fc32c27f479ee4c79d9a9a.scn[39m[0m
[  15% ] [90m[1msavepack[22m | Storing File: res://assets/environment/cliffs/rock_largeC.glb.import[39m[0m
[  15% ] [90m[1msavepack[22m | Storing File: res://.godot/imported/rock_smallB.glb-4e63f0be5db1c8689c1bd2003e44e70f.scn[39m[0m
[  15% ] [90m[1msavepack[22m | Storing File: res://assets/environment/cliffs/rock_smallB.glb.import[39m[0m
[  15% ] [90m[1msavepack[22m | Storing File: res://.godot/imported/colormap_castle.png-87dfde37345821991b292c6e1d29a8f0.ctex[39m[0m
[  15% ] [90m[1msavepack[22m | Storing File: res://assets/environment/dungeon/Textures/colormap_castle.png.import[39m[0m
[  15% ] [90m[1msavepack[22m | Storing File: res://.godot/imported/colormap_cave.png-9d16898885add2415cc8b34c21b9e81d.ctex[39m[0m
[  15% ] [90m[1msavepack[22m | Storing File: res://assets/environment/dungeon/Textures/colormap_cave.png.import[39m[0m
[  15% ] [90m[1msavepack[22m | Storing File: res://.godot/imported/Balcony_Simple_Straight.gltf-75f4da2612260770900cf24b93b5f65d.scn[39m[0m
[  15% ] [90m[1msavepack[22m | Storing File: res://assets/environment/dungeon/Balcony_Simple_Straight.gltf.import[39m[0m
[  15% ] [90m[1msavepack[22m | Storing File: res://.godot/imported/Corner_ExteriorWide_Brick.gltf-a6ef6f99aaadb62bd2c800fa9b6498e0.scn[39m[0m
[  15% ] [90m[1msavepack[22m | Storing File: res://assets/environment/dungeon/Corner_ExteriorWide_Brick.gltf.import[39m[0m
[  15% ] [90m[1msavepack[22m | Storing File: res://.godot/imported/Corner_Exterior_Brick.gltf-2ad6f832d55ea544fc0239f90e58afe9.scn[39m[0m
[  15% ] [90m[1msavepack[22m | Storing File: res://assets/environment/dungeon/Corner_Exterior_Brick.gltf.import[39m[0m
[  16% ] [90m[1msavepack[22m | Storing File: res://.godot/imported/Corner_Exterior_Wood.gltf-5ba65c327aeaf630e0a1a104d683df88.scn[39m[0m
[  16% ] [90m[1msavepack[22m | Storing File: res://assets/environment/dungeon/Corner_Exterior_Wood.gltf.import[39m[0m
[  16% ] [90m[1msavepack[22m | Storing File: res://.godot/imported/DoorFrame_Flat_Brick.gltf-541149f2c31ef860ea9ea4bedd50025f.scn[39m[0m
[  16% ] [90m[1msavepack[22m | Storing File: res://assets/environment/dungeon/DoorFrame_Flat_Brick.gltf.import[39m[0m
[  16% ] [90m[1msavepack[22m | Storing File: res://.godot/imported/DoorFrame_Round_Brick.gltf-f284b0f0b9c549cc3a50de531487baee.scn[39m[0m
[  16% ] [90m[1msavepack[22m | Storing File: res://assets/environment/dungeon/DoorFrame_Round_Brick.gltf.import[39m[0m
[  16% ] [90m[1msavepack[22m | Storing File: res://.godot/imported/Door_1_Round.gltf-30b32361a0588ecbced7e4de479980ea.scn[39m[0m
[  16% ] [90m[1msavepack[22m | Storing File: res://assets/environment/dungeon/Door_1_Round.gltf.import[39m[0m
[  16% ] [90m[1msavepack[22m | Storing File: res://.godot/imported/Door_8_Round.gltf-216a45789cbd52c0f50abb0e8555d623.scn[39m[0m
[  16% ] [90m[1msavepack[22m | Storing File: res://assets/environment/dungeon/Door_8_Round.gltf.import[39m[0m
[  16% ] [90m[1msavepack[22m | Storing File: res://.godot/imported/Floor_Brick.gltf-bc606b4ccc94ed50bdb92e68ee437725.scn[39m[0m
[  16% ] [90m[1msavepack[22m | Storing File: res://assets/environment/dungeon/Floor_Brick.gltf.import[39m[0m
[  16% ] [90m[1msavepack[22m | Storing File: res://.godot/imported/Floor_UnevenBrick.gltf-d60d7ca5b7a3772b52de452f7923db78.scn[39m[0m
[  16% ] [90m[1msavepack[22m | Storing File: res://assets/environment/dungeon/Floor_UnevenBrick.gltf.import[39m[0m
[  16% ] [90m[1msavepack[22m | Storing File: res://.godot/imported/Floor_WoodDark.gltf-b4146367ffc439cdf74d8679f5eb10c7.scn[39m[0m
[  16% ] [90m[1msavepack[22m | Storing File: res://assets/environment/dungeon/Floor_WoodDark.gltf.import[39m[0m
[  17% ] [90m[1msavepack[22m | Storing File: res://.godot/imported/Overhang_Plaster_Short.gltf-d944e9a680683903010e76de39670582.scn[39m[0m
[  17% ] [90m[1msavepack[22m | Storing File: res://assets/environment/dungeon/Overhang_Plaster_Short.gltf.import[39m[0m
[  17% ] [90m[1msavepack[22m | Storing File: res://.godot/imported/Prop_Brick1.gltf-ee6575ebe1cd8608cca4b986eeb4c430.scn[39m[0m
[  17% ] [90m[1msavepack[22m | Storing File: res://assets/environment/dungeon/Prop_Brick1.gltf.import[39m[0m
[  17% ] [90m[1msavepack[22m | Storing File: res://.godot/imported/Prop_Chimney.gltf-656a1ebab31a424e620d22334fc6c82f.scn[39m[0m
[  17% ] [90m[1msavepack[22m | Storing File: res://assets/environment/dungeon/Prop_Chimney.gltf.import[39m[0m
[  17% ] [90m[1msavepack[22m | Storing File: res://.godot/imported/Prop_ExteriorBorder_Straight1.gltf-2a182609457c4ee24da357456f2f248b.scn[39m[0m
[  17% ] [90m[1msavepack[22m | Storing File: res://assets/environment/dungeon/Prop_ExteriorBorder_Straight1.gltf.import[39m[0m
[  17% ] [90m[1msavepack[22m | Storing File: res://.godot/imported/Prop_MetalFence_Simple.gltf-79e799a99e5a8fac45966a50e2f45d95.scn[39m[0m
[  17% ] [90m[1msavepack[22m | Storing File: res://assets/environment/dungeon/Prop_MetalFence_Simple.gltf.import[39m[0m
[  17% ] [90m[1msavepack[22m | Storing File: res://.godot/imported/Prop_Support.gltf-39ddd65f7a573c42f4c8f15c62770d9f.scn[39m[0m
[  17% ] [90m[1msavepack[22m | Storing File: res://assets/environment/dungeon/Prop_Support.gltf.import[39m[0m
[  17% ] [90m[1msavepack[22m | Storing File: res://.godot/imported/Prop_Vine1.gltf-f53e1789fd540fc9037abb294cc4c6b8.scn[39m[0m
[  17% ] [90m[1msavepack[22m | Storing File: res://assets/environment/dungeon/Prop_Vine1.gltf.import[39m[0m
[  17% ] [90m[1msavepack[22m | Storing File: res://.godot/imported/Prop_Vine2.gltf-1159bfa4480bc4293566634b14ffe5c8.scn[39m[0m
[  17% ] [90m[1msavepack[22m | Storing File: res://assets/environment/dungeon/Prop_Vine2.gltf.import[39m[0m
[  18% ] [90m[1msavepack[22m | Storing File: res://.godot/imported/Prop_Wagon.gltf-d1799b54486495cc86b05d72ed2156b1.scn[39m[0m
[  18% ] [90m[1msavepack[22m | Storing File: res://assets/environment/dungeon/Prop_Wagon.gltf.import[39m[0m
[  18% ] [90m[1msavepack[22m | Storing File: res://.godot/imported/Prop_WoodenFence_Extension1.gltf-ebe75827825d0c5fec59ab21dfcfc5d5.scn[39m[0m
[  18% ] [90m[1msavepack[22m | Storing File: res://assets/environment/dungeon/Prop_WoodenFence_Extension1.gltf.import[39m[0m
[  18% ] [90m[1msavepack[22m | Storing File: res://.godot/imported/Prop_WoodenFence_Single.gltf-1e0ed4c2b4a88757213dfa45047c697b.scn[39m[0m
[  18% ] [90m[1msavepack[22m | Storing File: res://assets/environment/dungeon/Prop_WoodenFence_Single.gltf.import[39m[0m
[  18% ] [90m[1msavepack[22m | Storing File: res://.godot/imported/Roof_RoundTiles_4x6.gltf-7eda58c51ed4ed03bd562863774b63df.scn[39m[0m
[  18% ] [90m[1msavepack[22m | Storing File: res://assets/environment/dungeon/Roof_RoundTiles_4x6.gltf.import[39m[0m
[  18% ] [90m[1msavepack[22m | Storing File: res://.godot/imported/Roof_RoundTiles_6x8.gltf-ed331939a8e1292ce54eaa81f2fa7db7.scn[39m[0m
[  18% ] [90m[1msavepack[22m | Storing File: res://assets/environment/dungeon/Roof_RoundTiles_6x8.gltf.import[39m[0m
[  18% ] [90m[1msavepack[22m | Storing File: res://.godot/imported/Roof_Wooden_2x1.gltf-d13ac1a35d6fc14574d49de1c24a0dab.scn[39m[0m
[  18% ] [90m[1msavepack[22m | Storing File: res://assets/environment/dungeon/Roof_Wooden_2x1.gltf.import[39m[0m
[  18% ] [90m[1msavepack[22m | Storing File: res://.godot/imported/SM_Dungeon_ArchBlock.glb-704eeaeb692d7a2fe00ecd4e4448fbd2.scn[39m[0m
[  18% ] [90m[1msavepack[22m | Storing File: res://assets/environment/dungeon/SM_Dungeon_ArchBlock.glb.import[39m[0m
[  18% ] [90m[1msavepack[22m | Storing File: res://.godot/imported/SM_Dungeon_Banner.glb-a8d87b2f8b7d1d9984e3a5515bd1db9f.scn[39m[0m
[  18% ] [90m[1msavepack[22m | Storing File: res://assets/environment/dungeon/SM_Dungeon_Banner.glb.import[39m[0m
[  19% ] [90m[1msavepack[22m | Storing File: res://.godot/imported/SM_Dungeon_CaveArch.glb-8486f79b2971e80c297d174193703044.scn[39m[0m
[  19% ] [90m[1msavepack[22m | Storing File: res://assets/environment/dungeon/SM_Dungeon_CaveArch.glb.import[39m[0m
[  19% ] [90m[1msavepack[22m | Storing File: res://.godot/imported/SM_Dungeon_CaveRock.glb-be391fa8e818c71d778a14cb4c1528be.scn[39m[0m
[  19% ] [90m[1msavepack[22m | Storing File: res://assets/environment/dungeon/SM_Dungeon_CaveRock.glb.import[39m[0m
[  19% ] [90m[1msavepack[22m | Storing File: res://.godot/imported/SM_Dungeon_CaveWall.glb-c742da724c31b6c0954230e80d6220c8.scn[39m[0m
[  19% ] [90m[1msavepack[22m | Storing File: res://assets/environment/dungeon/SM_Dungeon_CaveWall.glb.import[39m[0m
[  19% ] [90m[1msavepack[22m | Storing File: res://.godot/imported/SM_Dungeon_CaveWallHalf.glb-ec7924ebaf3a67abc5a2884613404076.scn[39m[0m
[  19% ] [90m[1msavepack[22m | Storing File: res://assets/environment/dungeon/SM_Dungeon_CaveWallHalf.glb.import[39m[0m
[  19% ] [90m[1msavepack[22m | Storing File: res://.godot/imported/SM_Dungeon_CaveWallTop.glb-cb587c86281fdc5b70cc416d1405d0cf.scn[39m[0m
[  19% ] [90m[1msavepack[22m | Storing File: res://assets/environment/dungeon/SM_Dungeon_CaveWallTop.glb.import[39m[0m
[  19% ] [90m[1msavepack[22m | Storing File: res://.godot/imported/SM_Dungeon_PillarStub.glb-b6fccfec8a3f758c06b400158856e546.scn[39m[0m
[  19% ] [90m[1msavepack[22m | Storing File: res://assets/environment/dungeon/SM_Dungeon_PillarStub.glb.import[39m[0m
[  19% ] [90m[1msavepack[22m | Storing File: res://.godot/imported/SM_Dungeon_RubbleLarge.glb-93ded673f9a74e2109774aaaaf57d004.scn[39m[0m
[  19% ] [90m[1msavepack[22m | Storing File: res://assets/environment/dungeon/SM_Dungeon_RubbleLarge.glb.import[39m[0m
[  19% ] [90m[1msavepack[22m | Storing File: res://.godot/imported/SM_Dungeon_RubbleSmall.glb-39de03bcc5a230d74c0e4c6365b52648.scn[39m[0m
[  19% ] [90m[1msavepack[22m | Storing File: res://assets/environment/dungeon/SM_Dungeon_RubbleSmall.glb.import[39m[0m
[  20% ] [90m[1msavepack[22m | Storing File: res://.godot/imported/Stairs_Exterior_Platform.gltf-a402b689074ed099119c449abf1a8b63.scn[39m[0m
[  20% ] [90m[1msavepack[22m | Storing File: res://assets/environment/dungeon/Stairs_Exterior_Platform.gltf.import[39m[0m
[  20% ] [90m[1msavepack[22m | Storing File: res://.godot/imported/Stairs_Exterior_Sides.gltf-6e4f0c4d2302eabb603a6da6c47a7002.scn[39m[0m
[  20% ] [90m[1msavepack[22m | Storing File: res://assets/environment/dungeon/Stairs_Exterior_Sides.gltf.import[39m[0m
[  20% ] [90m[1msavepack[22m | Storing File: res://.godot/imported/Stairs_Exterior_Straight.gltf-1476b10d141c190b34a1079b4e813281.scn[39m[0m
[  20% ] [90m[1msavepack[22m | Storing File: res://assets/environment/dungeon/Stairs_Exterior_Straight.gltf.import[39m[0m
[  20% ] [90m[1msavepack[22m | Storing File: res://.godot/imported/Stair_Interior_Solid.gltf-99e3cd93d9a398fafdc91dd0a5ba847d.scn[39m[0m
[  20% ] [90m[1msavepack[22m | Storing File: res://assets/environment/dungeon/Stair_Interior_Solid.gltf.import[39m[0m
[  20% ] [90m[1msavepack[22m | Storing File: res://.godot/imported/T_Brick_BaseColor.png-0232eb5d89f45eff3da0cf6153cf4789.ctex[39m[0m
[  20% ] [90m[1msavepack[22m | Storing File: res://assets/environment/dungeon/T_Brick_BaseColor.png.import[39m[0m
[  20% ] [90m[1msavepack[22m | Storing File: res://.godot/imported/T_Brick_Normal.png-6f4c92fb7c17c28858a668d469b4c6bb.ctex[39m[0m
[  20% ] [90m[1msavepack[22m | Storing File: res://assets/environment/dungeon/T_Brick_Normal.png.import[39m[0m
[  20% ] [90m[1msavepack[22m | Storing File: res://.godot/imported/T_Brick_Roughness.png-90b439d478fbc8173142fa79939b556b.ctex[39m[0m
[  20% ] [90m[1msavepack[22m | Storing File: res://assets/environment/dungeon/T_Brick_Roughness.png.import[39m[0m
[  21% ] [90m[1msavepack[22m | Storing File: res://.godot/imported/T_MetalOrnaments_BaseColor.png-f94536b5fa03c64153ac93797cea6714.ctex[39m[0m
[  21% ] [90m[1msavepack[22m | Storing File: res://assets/environment/dungeon/T_MetalOrnaments_BaseColor.png.import[39m[0m
[  21% ] [90m[1msavepack[22m | Storing File: res://.godot/imported/T_MetalOrnaments_Roughness.png-a7006f88e9f550d6d9a367970e20358e.ctex[39m[0m
[  21% ] [90m[1msavepack[22m | Storing File: res://assets/environment/dungeon/T_MetalOrnaments_Roughness.png.import[39m[0m
[  21% ] [90m[1msavepack[22m | Storing File: res://.godot/imported/T_Plaster_BaseColor.png-21fa14a410d20f2be52572f579020023.ctex[39m[0m
[  21% ] [90m[1msavepack[22m | Storing File: res://assets/environment/dungeon/T_Plaster_BaseColor.png.import[39m[0m
[  21% ] [90m[1msavepack[22m | Storing File: res://.godot/imported/T_Plaster_Normal.png-4874ac84b51fc08773b6a6e9736938b4.ctex[39m[0m
[  21% ] [90m[1msavepack[22m | Storing File: res://assets/environment/dungeon/T_Plaster_Normal.png.import[39m[0m
[  21% ] [90m[1msavepack[22m | Storing File: res://.godot/imported/T_Plaster_ORM.png-12cdbb20d1ef1d5e45c20b3dc9d23a38.ctex[39m[0m
[  21% ] [90m[1msavepack[22m | Storing File: res://assets/environment/dungeon/T_Plaster_ORM.png.import[39m[0m
[  21% ] [90m[1msavepack[22m | Storing File: res://.godot/imported/T_RockTrim_BaseColor.png-836be31cf4b5e4bcda695a526f822826.ctex[39m[0m
[  21% ] [90m[1msavepack[22m | Storing File: res://assets/environment/dungeon/T_RockTrim_BaseColor.png.import[39m[0m
[  21% ] [90m[1msavepack[22m | Storing File: res://.godot/imported/T_RockTrim_Normal.png-603b875e6dc27ebad631c51a6fc5df67.ctex[39m[0m
[  21% ] [90m[1msavepack[22m | Storing File: res://assets/environment/dungeon/T_RockTrim_Normal.png.import[39m[0m
[  21% ] [90m[1msavepack[22m | Storing File: res://.godot/imported/T_RockTrim_ORM.png-38b187202288d0092361474c6249f8c0.ctex[39m[0m
[  21% ] [90m[1msavepack[22m | Storing File: res://assets/environment/dungeon/T_RockTrim_ORM.png.import[39m[0m
[  22% ] [90m[1msavepack[22m | Storing File: res://.godot/imported/T_RoundTiles_BaseColor.png-56b735b2998863e27c09eadec0207620.ctex[39m[0m
[  22% ] [90m[1msavepack[22m | Storing File: res://assets/environment/dungeon/T_RoundTiles_BaseColor.png.import[39m[0m
[  22% ] [90m[1msavepack[22m | Storing File: res://.godot/imported/T_RoundTiles_Normal.png-5721a36defba00bce5a3924eb94024dc.ctex[39m[0m
[  22% ] [90m[1msavepack[22m | Storing File: res://assets/environment/dungeon/T_RoundTiles_Normal.png.import[39m[0m
[  22% ] [90m[1msavepack[22m | Storing File: res://.godot/imported/T_RoundTiles_Roughness.png-3ae024700242ac53c56ffe0295e182d4.ctex[39m[0m
[  22% ] [90m[1msavepack[22m | Storing File: res://assets/environment/dungeon/T_RoundTiles_Roughness.png.import[39m[0m
[  22% ] [90m[1msavepack[22m | Storing File: res://.godot/imported/T_UnevenBrick_BaseColor.png-c1629c879ae96f49ce4e4b0d223af96a.ctex[39m[0m
[  22% ] [90m[1msavepack[22m | Storing File: res://assets/environment/dungeon/T_UnevenBrick_BaseColor.png.import[39m[0m
[  22% ] [90m[1msavepack[22m | Storing File: res://.godot/imported/T_UnevenBrick_Normal.png-4c4acc831d02f7c14f65771fc884aaef.ctex[39m[0m
[  22% ] [90m[1msavepack[22m | Storing File: res://assets/environment/dungeon/T_UnevenBrick_Normal.png.import[39m[0m
[  22% ] [90m[1msavepack[22m | Storing File: res://.godot/imported/T_UnevenBrick_Roughness.png-6eec12df5f7a270012dfcc522d45ccda.ctex[39m[0m
[  22% ] [90m[1msavepack[22m | Storing File: res://assets/environment/dungeon/T_UnevenBrick_Roughness.png.import[39m[0m
[  22% ] [90m[1msavepack[22m | Storing File: res://.godot/imported/T_VineLeaf_png.png-7ea9061222496c90d7cc3c714222e38b.ctex[39m[0m
[  22% ] [90m[1msavepack[22m | Storing File: res://assets/environment/dungeon/T_VineLeaf_png.png.import[39m[0m
[  22% ] [90m[1msavepack[22m | Storing File: res://.godot/imported/T_WoodTrim_BaseColor.png-ce72dca1dce1464acc7303d9133a5418.ctex[39m[0m
[  22% ] [90m[1msavepack[22m | Storing File: res://assets/environment/dungeon/T_WoodTrim_BaseColor.png.import[39m[0m
[  23% ] [90m[1msavepack[22m | Storing File: res://.godot/imported/T_WoodTrim_Normal.png-b352cb76bf8b1aed8134cd79b55646eb.ctex[39m[0m
[  23% ] [90m[1msavepack[22m | Storing File: res://assets/environment/dungeon/T_WoodTrim_Normal.png.import[39m[0m
[  23% ] [90m[1msavepack[22m | Storing File: res://.godot/imported/T_WoodTrim_Roughness.png-0f1f38d366df9b6768784272ecda658c.ctex[39m[0m
[  23% ] [90m[1msavepack[22m | Storing File: res://assets/environment/dungeon/T_WoodTrim_Roughness.png.import[39m[0m
[  23% ] [90m[1msavepack[22m | Storing File: res://.godot/imported/Wall_Arch.gltf-9072338c9bf717c856ee7460a2b1d878.scn[39m[0m
[  23% ] [90m[1msavepack[22m | Storing File: res://assets/environment/dungeon/Wall_Arch.gltf.import[39m[0m
[  23% ] [90m[1msavepack[22m | Storing File: res://.godot/imported/Wall_BottomCover.gltf-2fbab68fc7b2718b053ba5f1983d5bc8.scn[39m[0m
[  23% ] [90m[1msavepack[22m | Storing File: res://assets/environment/dungeon/Wall_BottomCover.gltf.import[39m[0m
[  23% ] [90m[1msavepack[22m | Storing File: res://.godot/imported/Wall_Plaster_Door_Round.gltf-e5724794768b844046da05d9767d3075.scn[39m[0m
[  23% ] [90m[1msavepack[22m | Storing File: res://assets/environment/dungeon/Wall_Plaster_Door_Round.gltf.import[39m[0m
[  23% ] [90m[1msavepack[22m | Storing File: res://.godot/imported/Wall_Plaster_Straight.gltf-92ce206854f2974b27bba01d480c72b0.scn[39m[0m
[  23% ] [90m[1msavepack[22m | Storing File: res://assets/environment/dungeon/Wall_Plaster_Straight.gltf.import[39m[0m
[  23% ] [90m[1msavepack[22m | Storing File: res://.godot/imported/Wall_Plaster_Straight_L.gltf-822dafc93ee247419fcfb597f94c41e6.scn[39m[0m
[  23% ] [90m[1msavepack[22m | Storing File: res://assets/environment/dungeon/Wall_Plaster_Straight_L.gltf.import[39m[0m
[  23% ] [90m[1msavepack[22m | Storing File: res://.godot/imported/Wall_Plaster_Straight_R.gltf-9361891463e42c70d0d10808bc1e3093.scn[39m[0m
[  23% ] [90m[1msavepack[22m | Storing File: res://assets/environment/dungeon/Wall_Plaster_Straight_R.gltf.import[39m[0m
[  24% ] [90m[1msavepack[22m | Storing File: res://.godot/imported/Wall_Plaster_Window_Wide_Round.gltf-b00bacc663664a8fbdf50b92434778c6.scn[39m[0m
[  24% ] [90m[1msavepack[22m | Storing File: res://assets/environment/dungeon/Wall_Plaster_Window_Wide_Round.gltf.import[39m[0m
[  24% ] [90m[1msavepack[22m | Storing File: res://.godot/imported/Wall_UnevenBrick_Door_Round.gltf-c5c35b84b14d7c82c01000f4abd516fd.scn[39m[0m
[  24% ] [90m[1msavepack[22m | Storing File: res://assets/environment/dungeon/Wall_UnevenBrick_Door_Round.gltf.import[39m[0m
[  24% ] [90m[1msavepack[22m | Storing File: res://.godot/imported/Wall_UnevenBrick_Straight.gltf-a5fa949101177eb6d5e00fd3a9342dea.scn[39m[0m
[  24% ] [90m[1msavepack[22m | Storing File: res://assets/environment/dungeon/Wall_UnevenBrick_Straight.gltf.import[39m[0m
[  24% ] [90m[1msavepack[22m | Storing File: res://.godot/imported/Wall_UnevenBrick_Window_Thin_Round.gltf-e19d69f4d110c88925de8910a6b6fd84.scn[39m[0m
[  24% ] [90m[1msavepack[22m | Storing File: res://assets/environment/dungeon/Wall_UnevenBrick_Window_Thin_Round.gltf.import[39m[0m
[  24% ] [90m[1msavepack[22m | Storing File: res://.godot/imported/Wall_UnevenBrick_Window_Wide_Round.gltf-ba838e5777d82334b1a2f1c7b523cc31.scn[39m[0m
[  24% ] [90m[1msavepack[22m | Storing File: res://assets/environment/dungeon/Wall_UnevenBrick_Window_Wide_Round.gltf.import[39m[0m
[  24% ] [90m[1msavepack[22m | Storing File: res://.godot/imported/WindowShutters_Wide_Round_Open.gltf-cec32d7aa357b4a853bf1afea480ae6e.scn[39m[0m
[  24% ] [90m[1msavepack[22m | Storing File: res://assets/environment/dungeon/WindowShutters_Wide_Round_Open.gltf.import[39m[0m
[  24% ] [90m[1msavepack[22m | Storing File: res://.godot/imported/Window_Wide_Round1.gltf-d94301110dcffce49c05a95c198f43cd.scn[39m[0m
[  24% ] [90m[1msavepack[22m | Storing File: res://assets/environment/dungeon/Window_Wide_Round1.gltf.import[39m[0m
[  25% ] [90m[1msavepack[22m | Storing File: res://.godot/imported/Bark_DeadTree.png-3015f7caf0f02e2bb71c1578d16fb371.ctex[39m[0m
[  25% ] [90m[1msavepack[22m | Storing File: res://assets/environment/foliage/Bark_DeadTree.png.import[39m[0m
[  25% ] [90m[1msavepack[22m | Storing File: res://.godot/imported/Bark_DeadTree_Normal.png-f3fc0adfb88eda6ffa047d2b3040accd.ctex[39m[0m
[  25% ] [90m[1msavepack[22m | Storing File: res://assets/environment/foliage/Bark_DeadTree_Normal.png.import[39m[0m
[  25% ] [90m[1msavepack[22m | Storing File: res://.godot/imported/Bark_NormalTree.png-b11eafaa6604d6d8d64d2312b849ce2e.ctex[39m[0m
[  25% ] [90m[1msavepack[22m | Storing File: res://assets/environment/foliage/Bark_NormalTree.png.import[39m[0m
[  25% ] [90m[1msavepack[22m | Storing File: res://.godot/imported/Bark_NormalTree_Normal.png-7d3bf7ee5584b7f127750cce868f56a3.ctex[39m[0m
[  25% ] [90m[1msavepack[22m | Storing File: res://assets/environment/foliage/Bark_NormalTree_Normal.png.import[39m[0m
[  25% ] [90m[1msavepack[22m | Storing File: res://.godot/imported/Bark_TwistedTree.png-14c685be2ef707b10998305cb916582d.ctex[39m[0m
[  25% ] [90m[1msavepack[22m | Storing File: res://assets/environment/foliage/Bark_TwistedTree.png.import[39m[0m
[  25% ] [90m[1msavepack[22m | Storing File: res://.godot/imported/Bark_TwistedTree_Normal.png-cd4276f7c30d56152950c3359e488c59.ctex[39m[0m
[  25% ] [90m[1msavepack[22m | Storing File: res://assets/environment/foliage/Bark_TwistedTree_Normal.png.import[39m[0m
[  25% ] [90m[1msavepack[22m | Storing File: res://.godot/imported/Bush_Common.gltf-30a9bb081a05907626bcee89f9d97e86.scn[39m[0m
[  25% ] [90m[1msavepack[22m | Storing File: res://assets/environment/foliage/Bush_Common.gltf.import[39m[0m
[  25% ] [90m[1msavepack[22m | Storing File: res://.godot/imported/Bush_Common_Flowers.gltf-3d6ac165f5fcbeb7afba7f436e3b4e1f.scn[39m[0m
[  25% ] [90m[1msavepack[22m | Storing File: res://assets/environment/foliage/Bush_Common_Flowers.gltf.import[39m[0m
[  26% ] [90m[1msavepack[22m | Storing File: res://.godot/imported/Clover_1.gltf-86025e995b1cff4e248d279dd1c5a48a.scn[39m[0m
[  26% ] [90m[1msavepack[22m | Storing File: res://assets/environment/foliage/Clover_1.gltf.import[39m[0m
[  26% ] [90m[1msavepack[22m | Storing File: res://.godot/imported/Clover_2.gltf-d32ab5627cc08156b839976c4431fa36.scn[39m[0m
[  26% ] [90m[1msavepack[22m | Storing File: res://assets/environment/foliage/Clover_2.gltf.import[39m[0m
[  26% ] [90m[1msavepack[22m | Storing File: res://.godot/imported/CommonTree_1.gltf-b8f69933f2705c4e1ed1f1532ab52547.scn[39m[0m
[  26% ] [90m[1msavepack[22m | Storing File: res://assets/environment/foliage/CommonTree_1.gltf.import[39m[0m
[  26% ] [90m[1msavepack[22m | Storing File: res://.godot/imported/CommonTree_2.gltf-0bbb4f2dc68bfe01f4571023e59efa96.scn[39m[0m
[  26% ] [90m[1msavepack[22m | Storing File: res://assets/environment/foliage/CommonTree_2.gltf.import[39m[0m
[  26% ] [90m[1msavepack[22m | Storing File: res://.godot/imported/CommonTree_3.gltf-755275a9d2b0674656c36943f30bea9b.scn[39m[0m
[  26% ] [90m[1msavepack[22m | Storing File: res://assets/environment/foliage/CommonTree_3.gltf.import[39m[0m
[  26% ] [90m[1msavepack[22m | Storing File: res://.godot/imported/CommonTree_4.gltf-9f7e4f52960303d93c2b2a0a8abea59e.scn[39m[0m
[  26% ] [90m[1msavepack[22m | Storing File: res://assets/environment/foliage/CommonTree_4.gltf.import[39m[0m
[  26% ] [90m[1msavepack[22m | Storing File: res://.godot/imported/CommonTree_5.gltf-e3c301820f644ea4a2727a90d3d765c7.scn[39m[0m
[  26% ] [90m[1msavepack[22m | Storing File: res://assets/environment/foliage/CommonTree_5.gltf.import[39m[0m
[  26% ] [90m[1msavepack[22m | Storing File: res://.godot/imported/DeadTree_1.gltf-8914b1f302c7bdaa7276a3b93f4dd711.scn[39m[0m
[  26% ] [90m[1msavepack[22m | Storing File: res://assets/environment/foliage/DeadTree_1.gltf.import[39m[0m
[  27% ] [90m[1msavepack[22m | Storing File: res://.godot/imported/DeadTree_2.gltf-88ad9b75c868a53de8b19d0b19001ae3.scn[39m[0m
[  27% ] [90m[1msavepack[22m | Storing File: res://assets/environment/foliage/DeadTree_2.gltf.import[39m[0m
[  27% ] [90m[1msavepack[22m | Storing File: res://.godot/imported/Fern_1.gltf-d1d8858c920ba4174b83a79c4e75a790.scn[39m[0m
[  27% ] [90m[1msavepack[22m | Storing File: res://assets/environment/foliage/Fern_1.gltf.import[39m[0m
[  27% ] [90m[1msavepack[22m | Storing File: res://.godot/imported/Flowers.png-d8a076e156ef5470ced8e0ec071dfbe3.ctex[39m[0m
[  27% ] [90m[1msavepack[22m | Storing File: res://assets/environment/foliage/Flowers.png.import[39m[0m
[  27% ] [90m[1msavepack[22m | Storing File: res://.godot/imported/Flower_3_Group.gltf-809cb04f605f33f56a1e07821be5f97b.scn[39m[0m
[  27% ] [90m[1msavepack[22m | Storing File: res://assets/environment/foliage/Flower_3_Group.gltf.import[39m[0m
[  27% ] [90m[1msavepack[22m | Storing File: res://.godot/imported/Flower_3_Single.gltf-8a8b5f3eba9ed051b0e01b7f86288009.scn[39m[0m
[  27% ] [90m[1msavepack[22m | Storing File: res://assets/environment/foliage/Flower_3_Single.gltf.import[39m[0m
[  27% ] [90m[1msavepack[22m | Storing File: res://.godot/imported/Flower_4_Group.gltf-39112bc89244d54bd371002112065731.scn[39m[0m
[  27% ] [90m[1msavepack[22m | Storing File: res://assets/environment/foliage/Flower_4_Group.gltf.import[39m[0m
[  27% ] [90m[1msavepack[22m | Storing File: res://.godot/imported/Flower_4_Single.gltf-e3aed52d5863d25fceee63c13e79bb4a.scn[39m[0m
[  27% ] [90m[1msavepack[22m | Storing File: res://assets/environment/foliage/Flower_4_Single.gltf.import[39m[0m
[  27% ] [90m[1msavepack[22m | Storing File: res://.godot/imported/Grass.png-0962f637b481efdf1c781bf7aaf87acf.ctex[39m[0m
[  27% ] [90m[1msavepack[22m | Storing File: res://assets/environment/foliage/Grass.png.import[39m[0m
[  28% ] [90m[1msavepack[22m | Storing File: res://.godot/imported/Grass_Common_Short.gltf-059490f4436e3e40172d3d4a5014e70d.scn[39m[0m
[  28% ] [90m[1msavepack[22m | Storing File: res://assets/environment/foliage/Grass_Common_Short.gltf.import[39m[0m
[  28% ] [90m[1msavepack[22m | Storing File: res://.godot/imported/Grass_Common_Tall.gltf-1f7fd352613c26dd7c94df9e585a74ed.scn[39m[0m
[  28% ] [90m[1msavepack[22m | Storing File: res://assets/environment/foliage/Grass_Common_Tall.gltf.import[39m[0m
[  28% ] [90m[1msavepack[22m | Storing File: res://.godot/imported/Grass_Wispy_Short.gltf-7fc9dd68e006859f5c34eaecc48d5a7d.scn[39m[0m
[  28% ] [90m[1msavepack[22m | Storing File: res://assets/environment/foliage/Grass_Wispy_Short.gltf.import[39m[0m
[  28% ] [90m[1msavepack[22m | Storing File: res://.godot/imported/Grass_Wispy_Tall.gltf-4a8e798a4771f1c55f65edd75fefebdf.scn[39m[0m
[  28% ] [90m[1msavepack[22m | Storing File: res://assets/environment/foliage/Grass_Wispy_Tall.gltf.import[39m[0m
[  28% ] [90m[1msavepack[22m | Storing File: res://.godot/imported/Leaf_Pine_C.png-36686905ffc4faeec4f458a15471262d.ctex[39m[0m
[  28% ] [90m[1msavepack[22m | Storing File: res://assets/environment/foliage/Leaf_Pine_C.png.import[39m[0m
[  28% ] [90m[1msavepack[22m | Storing File: res://.godot/imported/Leaves.png-3a056d0f75db6f481276190747be43f0.ctex[39m[0m
[  28% ] [90m[1msavepack[22m | Storing File: res://assets/environment/foliage/Leaves.png.import[39m[0m
[  28% ] [90m[1msavepack[22m | Storing File: res://.godot/imported/Leaves_NormalTree_C.png-5bdc0c6eb7a3f4f244e8baa66fb6a19e.ctex[39m[0m
[  28% ] [90m[1msavepack[22m | Storing File: res://assets/environment/foliage/Leaves_NormalTree_C.png.import[39m[0m
[  28% ] [90m[1msavepack[22m | Storing File: res://.godot/imported/Leaves_TwistedTree_C.png-bc111da07b72f57d6ac476c888bbdf24.ctex[39m[0m
[  28% ] [90m[1msavepack[22m | Storing File: res://assets/environment/foliage/Leaves_TwistedTree_C.png.import[39m[0m
[  29% ] [90m[1msavepack[22m | Storing File: res://.godot/imported/Leaves_TwistedTree_C_olive.png-1e2e4318f630c57102dea534cc7289fb.ctex[39m[0m
[  29% ] [90m[1msavepack[22m | Storing File: res://assets/environment/foliage/Leaves_TwistedTree_C_olive.png.import[39m[0m
[  29% ] [90m[1msavepack[22m | Storing File: res://.godot/imported/Mushrooms.png-19862fc97171b39fc19674b737628b7d.ctex[39m[0m
[  29% ] [90m[1msavepack[22m | Storing File: res://assets/environment/foliage/Mushrooms.png.import[39m[0m
[  29% ] [90m[1msavepack[22m | Storing File: res://.godot/imported/Mushroom_Common.gltf-0f789a805f0a56e14bde93a15f7c429d.scn[39m[0m
[  29% ] [90m[1msavepack[22m | Storing File: res://assets/environment/foliage/Mushroom_Common.gltf.import[39m[0m
[  29% ] [90m[1msavepack[22m | Storing File: res://.godot/imported/Mushroom_Laetiporus.gltf-ce8fc3dd54c12a25528a1ebd4b6d219d.scn[39m[0m
[  29% ] [90m[1msavepack[22m | Storing File: res://assets/environment/foliage/Mushroom_Laetiporus.gltf.import[39m[0m
[  29% ] [90m[1msavepack[22m | Storing File: res://.godot/imported/Pine_1.gltf-87fba602e7f95922a79c96ed1673e890.scn[39m[0m
[  29% ] [90m[1msavepack[22m | Storing File: res://assets/environment/foliage/Pine_1.gltf.import[39m[0m
[  29% ] [90m[1msavepack[22m | Storing File: res://.godot/imported/Pine_2.gltf-d78630c36fdaf0d4177c31db3d5b7596.scn[39m[0m
[  29% ] [90m[1msavepack[22m | Storing File: res://assets/environment/foliage/Pine_2.gltf.import[39m[0m
[  29% ] [90m[1msavepack[22m | Storing File: res://.godot/imported/Pine_3.gltf-485d64d62aed58f48633d407c2b51a70.scn[39m[0m
[  29% ] [90m[1msavepack[22m | Storing File: res://assets/environment/foliage/Pine_3.gltf.import[39m[0m
[  30% ] [90m[1msavepack[22m | Storing File: res://.godot/imported/Pine_4.gltf-f5d75e17337fe7f02581aa1c18f76ac2.scn[39m[0m
[  30% ] [90m[1msavepack[22m | Storing File: res://assets/environment/foliage/Pine_4.gltf.import[39m[0m
[  30% ] [90m[1msavepack[22m | Storing File: res://.godot/imported/Pine_5.gltf-8103a6ac21e1a3fcdde1197bc26af3c8.scn[39m[0m
[  30% ] [90m[1msavepack[22m | Storing File: res://assets/environment/foliage/Pine_5.gltf.import[39m[0m
[  30% ] [90m[1msavepack[22m | Storing File: res://.godot/imported/Plant_1.gltf-c2f0633571ea4624e5e457ae7501822a.scn[39m[0m
[  30% ] [90m[1msavepack[22m | Storing File: res://assets/environment/foliage/Plant_1.gltf.import[39m[0m
[  30% ] [90m[1msavepack[22m | Storing File: res://.godot/imported/Plant_1_Big.gltf-e32a44e472d1e6d84b237ada32d5313a.scn[39m[0m
[  30% ] [90m[1msavepack[22m | Storing File: res://assets/environment/foliage/Plant_1_Big.gltf.import[39m[0m
[  30% ] [90m[1msavepack[22m | Storing File: res://.godot/imported/Plant_7.gltf-67085ec6bd3e8b91f36fad4246c4e021.scn[39m[0m
[  30% ] [90m[1msavepack[22m | Storing File: res://assets/environment/foliage/Plant_7.gltf.import[39m[0m
[  30% ] [90m[1msavepack[22m | Storing File: res://.godot/imported/Plant_7_Big.gltf-5f20fc536a59caeb1b64c33116c89c30.scn[39m[0m
[  30% ] [90m[1msavepack[22m | Storing File: res://assets/environment/foliage/Plant_7_Big.gltf.import[39m[0m
[  30% ] [90m[1msavepack[22m | Storing File: res://.godot/imported/TwistedTree_1.gltf-16c862fdcb9561548de3089a3de9273e.scn[39m[0m
[  30% ] [90m[1msavepack[22m | Storing File: res://assets/environment/foliage/TwistedTree_1.gltf.import[39m[0m
[  30% ] [90m[1msavepack[22m | Storing File: res://.godot/imported/TwistedTree_2.gltf-ae0d3e1b248412cb4d504bcd165d6b23.scn[39m[0m
[  30% ] [90m[1msavepack[22m | Storing File: res://assets/environment/foliage/TwistedTree_2.gltf.import[39m[0m
[  31% ] [90m[1msavepack[22m | Storing File: res://.godot/imported/TwistedTree_3.gltf-6d0826f00a10513642a31a3818dfaca8.scn[39m[0m
[  31% ] [90m[1msavepack[22m | Storing File: res://assets/environment/foliage/TwistedTree_3.gltf.import[39m[0m
[  31% ] [90m[1msavepack[22m | Storing File: res://.godot/imported/Anvil.gltf-c700704066bc361142f85cfeea063bbe.scn[39m[0m
[  31% ] [90m[1msavepack[22m | Storing File: res://assets/environment/props/Anvil.gltf.import[39m[0m
[  31% ] [90m[1msavepack[22m | Storing File: res://.godot/imported/Anvil_Log.gltf-5330692603f0f6d952328689d34c85e1.scn[39m[0m
[  31% ] [90m[1msavepack[22m | Storing File: res://assets/environment/props/Anvil_Log.gltf.import[39m[0m
[  31% ] [90m[1msavepack[22m | Storing File: res://.godot/imported/Axe_Bronze.gltf-2ad0baac692cd874673ffb57630e2f1e.scn[39m[0m
[  31% ] [90m[1msavepack[22m | Storing File: res://assets/environment/props/Axe_Bronze.gltf.import[39m[0m
[  31% ] [90m[1msavepack[22m | Storing File: res://.godot/imported/Bag.gltf-4c80c567edfc27f0b23b64aa5bf3ac9b.scn[39m[0m
[  31% ] [90m[1msavepack[22m | Storing File: res://assets/environment/props/Bag.gltf.import[39m[0m
[  31% ] [90m[1msavepack[22m | Storing File: res://.godot/imported/Banner_1.gltf-eb763f7a84d79e412e8c64790206c746.scn[39m[0m
[  31% ] [90m[1msavepack[22m | Storing File: res://assets/environment/props/Banner_1.gltf.import[39m[0m
[  31% ] [90m[1msavepack[22m | Storing File: res://.godot/imported/Banner_1_Cloth.gltf-74d054698000007aa2df3584fca20d0c.scn[39m[0m
[  31% ] [90m[1msavepack[22m | Storing File: res://assets/environment/props/Banner_1_Cloth.gltf.import[39m[0m
[  31% ] [90m[1msavepack[22m | Storing File: res://.godot/imported/Banner_2.gltf-00a0b3b5a89316578c1d4d7a28985804.scn[39m[0m
[  31% ] [90m[1msavepack[22m | Storing File: res://assets/environment/props/Banner_2.gltf.import[39m[0m
[  32% ] [90m[1msavepack[22m | Storing File: res://.godot/imported/Banner_2_Cloth.gltf-e286ba95f946fa52a290a9c960efdb90.scn[39m[0m
[  32% ] [90m[1msavepack[22m | Storing File: res://assets/environment/props/Banner_2_Cloth.gltf.import[39m[0m
[  32% ] [90m[1msavepack[22m | Storing File: res://.godot/imported/Barrel.gltf-f5f6e8ee59e1d9ee9489bf76587863f3.scn[39m[0m
[  32% ] [90m[1msavepack[22m | Storing File: res://assets/environment/props/Barrel.gltf.import[39m[0m
[  32% ] [90m[1msavepack[22m | Storing File: res://.godot/imported/Barrel_Apples.gltf-ebc59c9a343ea8323be66b745ee2a70a.scn[39m[0m
[  32% ] [90m[1msavepack[22m | Storing File: res://assets/environment/props/Barrel_Apples.gltf.import[39m[0m
[  32% ] [90m[1msavepack[22m | Storing File: res://.godot/imported/Barrel_Holder.gltf-603312428f4db600fa01b875bcf095a9.scn[39m[0m
[  32% ] [90m[1msavepack[22m | Storing File: res://assets/environment/props/Barrel_Holder.gltf.import[39m[0m
[  32% ] [90m[1msavepack[22m | Storing File: res://.godot/imported/Bed_Twin1.gltf-da2aa378bd7d5f81fc01cb019f649c72.scn[39m[0m
[  32% ] [90m[1msavepack[22m | Storing File: res://assets/environment/props/Bed_Twin1.gltf.import[39m[0m
[  32% ] [90m[1msavepack[22m | Storing File: res://.godot/imported/Bench.gltf-9bf2695a75caa72c80223a4f2981be95.scn[39m[0m
[  32% ] [90m[1msavepack[22m | Storing File: res://assets/environment/props/Bench.gltf.import[39m[0m
[  32% ] [90m[1msavepack[22m | Storing File: res://.godot/imported/Bookcase_2.gltf-2a64a1f3cd3c16544564752b4a6a84bd.scn[39m[0m
[  32% ] [90m[1msavepack[22m | Storing File: res://assets/environment/props/Bookcase_2.gltf.import[39m[0m
[  32% ] [90m[1msavepack[22m | Storing File: res://.godot/imported/Book_Stack_1.gltf-7ac137ba26f78241ff7392d2a3a3f02d.scn[39m[0m
[  32% ] [90m[1msavepack[22m | Storing File: res://assets/environment/props/Book_Stack_1.gltf.import[39m[0m
[  33% ] [90m[1msavepack[22m | Storing File: res://.godot/imported/Bottle_1.gltf-296937bc939a81e5ecf02900b6783efb.scn[39m[0m
[  33% ] [90m[1msavepack[22m | Storing File: res://assets/environment/props/Bottle_1.gltf.import[39m[0m
[  33% ] [90m[1msavepack[22m | Storing File: res://.godot/imported/Bucket_Metal.gltf-efb60af54a6ea0ddcbf9d4fef0b85849.scn[39m[0m
[  33% ] [90m[1msavepack[22m | Storing File: res://assets/environment/props/Bucket_Metal.gltf.import[39m[0m
[  33% ] [90m[1msavepack[22m | Storing File: res://.godot/imported/Bucket_Wooden_1.gltf-529f7e786c8a6cac3eedcc8371db8494.scn[39m[0m
[  33% ] [90m[1msavepack[22m | Storing File: res://assets/environment/props/Bucket_Wooden_1.gltf.import[39m[0m
[  33% ] [90m[1msavepack[22m | Storing File: res://.godot/imported/CandleStick.gltf-370ad4a237fd13a62106af7b787a55fc.scn[39m[0m
[  33% ] [90m[1msavepack[22m | Storing File: res://assets/environment/props/CandleStick.gltf.import[39m[0m
[  33% ] [90m[1msavepack[22m | Storing File: res://.godot/imported/Candle_1.gltf-0c4d6d44da89cf64da95f2724dd76bd8.scn[39m[0m
[  33% ] [90m[1msavepack[22m | Storing File: res://assets/environment/props/Candle_1.gltf.import[39m[0m
[  33% ] [90m[1msavepack[22m | Storing File: res://.godot/imported/Carrot.gltf-957f7787a4331a7ce120d0f5a8531b5f.scn[39m[0m
[  33% ] [90m[1msavepack[22m | Storing File: res://assets/environment/props/Carrot.gltf.import[39m[0m
[  33% ] [90m[1msavepack[22m | Storing File: res://.godot/imported/Cauldron.gltf-1ecbf63de844757dfa4a26e6388bfddb.scn[39m[0m
[  33% ] [90m[1msavepack[22m | Storing File: res://assets/environment/props/Cauldron.gltf.import[39m[0m
[  33% ] [90m[1msavepack[22m | Storing File: res://.godot/imported/Chain_Coil.gltf-34438aa283311de41ab00349fa5d5443.scn[39m[0m
[  33% ] [90m[1msavepack[22m | Storing File: res://assets/environment/props/Chain_Coil.gltf.import[39m[0m
[  33% ] [90m[1msavepack[22m | Storing File: res://.godot/imported/Chair_1.gltf-84486c9f2e8dafe9606e9a524faf1137.scn[39m[0m
[  33% ] [90m[1msavepack[22m | Storing File: res://assets/environment/props/Chair_1.gltf.import[39m[0m
[  33% ] [90m[1msavepack[22m | Storing File: res://.godot/imported/Chest_Wood.gltf-ec38e9e4d05aff82bbf8e98c4c624003.scn[39m[0m
[  33% ] [90m[1msavepack[22m | Storing File: res://assets/environment/props/Chest_Wood.gltf.import[39m[0m
[  33% ] [90m[1msavepack[22m | Storing File: res://.godot/imported/Crate_Metal.gltf-eac6058bda74f261daa7f86f789dbca2.scn[39m[0m
[  33% ] [90m[1msavepack[22m | Storing File: res://assets/environment/props/Crate_Metal.gltf.import[39m[0m
[  33% ] [90m[1msavepack[22m | Storing File: res://.godot/imported/Crate_Wooden.gltf-feb2651a3e0a5120d7d7b311a41fc56c.scn[39m[0m
[  33% ] [90m[1msavepack[22m | Storing File: res://assets/environment/props/Crate_Wooden.gltf.import[39m[0m
[  33% ] [90m[1msavepack[22m | Storing File: res://.godot/imported/FarmCrate_Apple.gltf-7ce7163709a9ab60f0e9c808a7c92223.scn[39m[0m
[  33% ] [90m[1msavepack[22m | Storing File: res://assets/environment/props/FarmCrate_Apple.gltf.import[39m[0m
[  33% ] [90m[1msavepack[22m | Storing File: res://.godot/imported/FarmCrate_Carrot.gltf-c2c1a85f0dbaee8cc484e6e0167c92bd.scn[39m[0m
[  33% ] [90m[1msavepack[22m | Storing File: res://assets/environment/props/FarmCrate_Carrot.gltf.import[39m[0m
[  33% ] [90m[1msavepack[22m | Storing File: res://.godot/imported/FarmCrate_Empty.gltf-0c2f94e082aeb69e77f9bff7029f4199.scn[39m[0m
[  33% ] [90m[1msavepack[22m | Storing File: res://assets/environment/props/FarmCrate_Empty.gltf.import[39m[0m
[  34% ] [90m[1msavepack[22m | Storing File: res://.godot/imported/Lantern_Wall.gltf-076c86f29dbe1650f65f5c0c9778e965.scn[39m[0m
[  34% ] [90m[1msavepack[22m | Storing File: res://assets/environment/props/Lantern_Wall.gltf.import[39m[0m
[  34% ] [90m[1msavepack[22m | Storing File: res://.godot/imported/Mug.gltf-692d6195ee8086c4423047e17c442807.scn[39m[0m
[  34% ] [90m[1msavepack[22m | Storing File: res://assets/environment/props/Mug.gltf.import[39m[0m
[  34% ] [90m[1msavepack[22m | Storing File: res://.godot/imported/Pickaxe_Bronze.gltf-b2e597bf53398cfbb28bfb18a54ef5d8.scn[39m[0m
[  34% ] [90m[1msavepack[22m | Storing File: res://assets/environment/props/Pickaxe_Bronze.gltf.import[39m[0m
[  34% ] [90m[1msavepack[22m | Storing File: res://.godot/imported/Pot_1.gltf-e54a2a09b364eb05a4646d67bb0b1383.scn[39m[0m
[  34% ] [90m[1msavepack[22m | Storing File: res://assets/environment/props/Pot_1.gltf.import[39m[0m
[  34% ] [90m[1msavepack[22m | Storing File: res://.godot/imported/Pot_1_Lid.gltf-737b79fefdb1e77386029096574ad8b1.scn[39m[0m
[  34% ] [90m[1msavepack[22m | Storing File: res://assets/environment/props/Pot_1_Lid.gltf.import[39m[0m
[  34% ] [90m[1msavepack[22m | Storing File: res://.godot/imported/Pouch_Large.gltf-2cb31a2c85682898aecbfef3c221c33c.scn[39m[0m
[  34% ] [90m[1msavepack[22m | Storing File: res://assets/environment/props/Pouch_Large.gltf.import[39m[0m
[  34% ] [90m[1msavepack[22m | Storing File: res://.godot/imported/Rope_1.gltf-7d35bd61ab2b8dc2c1855e94016314dd.scn[39m[0m
[  34% ] [90m[1msavepack[22m | Storing File: res://assets/environment/props/Rope_1.gltf.import[39m[0m
[  34% ] [90m[1msavepack[22m | Storing File: res://.godot/imported/Scroll_1.gltf-84e01520fac2127f1173ba0360f1def9.scn[39m[0m
[  34% ] [90m[1msavepack[22m | Storing File: res://assets/environment/props/Scroll_1.gltf.import[39m[0m
[  35% ] [90m[1msavepack[22m | Storing File: res://.godot/imported/Shelf_Arch.gltf-62ebe1545299e48b84148d18076a2510.scn[39m[0m
[  35% ] [90m[1msavepack[22m | Storing File: res://assets/environment/props/Shelf_Arch.gltf.import[39m[0m
[  35% ] [90m[1msavepack[22m | Storing File: res://.godot/imported/Shelf_Simple.gltf-022f489c7028cbb11ab0b138a37aa88c.scn[39m[0m
[  35% ] [90m[1msavepack[22m | Storing File: res://assets/environment/props/Shelf_Simple.gltf.import[39m[0m
[  35% ] [90m[1msavepack[22m | Storing File: res://.godot/imported/Shield_Wooden.gltf-e63b6312245d4b6e79af9036a7c9a7e2.scn[39m[0m
[  35% ] [90m[1msavepack[22m | Storing File: res://assets/environment/props/Shield_Wooden.gltf.import[39m[0m
[  35% ] [90m[1msavepack[22m | Storing File: res://.godot/imported/SM_TestCube.glb-9d3c9387804eb8f95fe440b668eed219.scn[39m[0m
[  35% ] [90m[1msavepack[22m | Storing File: res://assets/environment/props/SM_TestCube.glb.import[39m[0m
[  35% ] [90m[1msavepack[22m | Storing File: res://.godot/imported/Stall_Cart_Empty.gltf-6481bf9d7048563630bc3dc4a0d731e2.scn[39m[0m
[  35% ] [90m[1msavepack[22m | Storing File: res://assets/environment/props/Stall_Cart_Empty.gltf.import[39m[0m
[  35% ] [90m[1msavepack[22m | Storing File: res://.godot/imported/Stool.gltf-a8ea4ff5407171e49440eb54f5a327b9.scn[39m[0m
[  35% ] [90m[1msavepack[22m | Storing File: res://assets/environment/props/Stool.gltf.import[39m[0m
[  35% ] [90m[1msavepack[22m | Storing File: res://.godot/imported/Sword_Bronze.gltf-82741b7faf52fd4568016d5a8db65564.scn[39m[0m
[  35% ] [90m[1msavepack[22m | Storing File: res://assets/environment/props/Sword_Bronze.gltf.import[39m[0m
[  35% ] [90m[1msavepack[22m | Storing File: res://.godot/imported/Table_Large.gltf-32475c3e4cb0921a04eb806612c08522.scn[39m[0m
[  35% ] [90m[1msavepack[22m | Storing File: res://assets/environment/props/Table_Large.gltf.import[39m[0m
[  36% ] [90m[1msavepack[22m | Storing File: res://.godot/imported/Torch_Metal.gltf-481d45cf17a58a9e16e5be2a9c830edc.scn[39m[0m
[  36% ] [90m[1msavepack[22m | Storing File: res://assets/environment/props/Torch_Metal.gltf.import[39m[0m
[  36% ] [90m[1msavepack[22m | Storing File: res://.godot/imported/T_Page_Noise.png-c3b33a975b6eca16b54ab414a4116ff6.ctex[39m[0m
[  36% ] [90m[1msavepack[22m | Storing File: res://assets/environment/props/T_Page_Noise.png.import[39m[0m
[  36% ] [90m[1msavepack[22m | Storing File: res://.godot/imported/T_Trim_Cloth_BaseColor.png-51095231745df0058ee65893f0310f21.ctex[39m[0m
[  36% ] [90m[1msavepack[22m | Storing File: res://assets/environment/props/T_Trim_Cloth_BaseColor.png.import[39m[0m
[  36% ] [90m[1msavepack[22m | Storing File: res://.godot/imported/T_Trim_Cloth_Normal.png-c56cadbada10f8e6108b9940d0e9d00f.ctex[39m[0m
[  36% ] [90m[1msavepack[22m | Storing File: res://assets/environment/props/T_Trim_Cloth_Normal.png.import[39m[0m
[  36% ] [90m[1msavepack[22m | Storing File: res://.godot/imported/T_Trim_Cloth_ORM.png-cfccad7bd8b51106094143986de18794.ctex[39m[0m
[  36% ] [90m[1msavepack[22m | Storing File: res://assets/environment/props/T_Trim_Cloth_ORM.png.import[39m[0m
[  36% ] [90m[1msavepack[22m | Storing File: res://.godot/imported/T_Trim_Furniture_BaseColor.png-4b61e6b6982fd682ac06b1a2a1770f69.ctex[39m[0m
[  36% ] [90m[1msavepack[22m | Storing File: res://assets/environment/props/T_Trim_Furniture_BaseColor.png.import[39m[0m
[  36% ] [90m[1msavepack[22m | Storing File: res://.godot/imported/T_Trim_Furniture_Normal.png-a06d92145186d2e7c10b678d1287a5e6.ctex[39m[0m
[  36% ] [90m[1msavepack[22m | Storing File: res://assets/environment/props/T_Trim_Furniture_Normal.png.import[39m[0m
[  36% ] [90m[1msavepack[22m | Storing File: res://.godot/imported/T_Trim_Furniture_ORM.png-996aa75f107de80e0072392ae8445ebc.ctex[39m[0m
[  36% ] [90m[1msavepack[22m | Storing File: res://assets/environment/props/T_Trim_Furniture_ORM.png.import[39m[0m
[  37% ] [90m[1msavepack[22m | Storing File: res://.godot/imported/T_Trim_Metal_BaseColor.png-e085700b66fb8abefc79edc238d1470b.ctex[39m[0m
[  37% ] [90m[1msavepack[22m | Storing File: res://assets/environment/props/T_Trim_Metal_BaseColor.png.import[39m[0m
[  37% ] [90m[1msavepack[22m | Storing File: res://.godot/imported/T_Trim_Metal_Normal.png-4e0b4b1e0501b7fbfb02dbdf881b4b4a.ctex[39m[0m
[  37% ] [90m[1msavepack[22m | Storing File: res://assets/environment/props/T_Trim_Metal_Normal.png.import[39m[0m
[  37% ] [90m[1msavepack[22m | Storing File: res://.godot/imported/T_Trim_Metal_ORM.png-e966d2e4bf934328f315306fd28210bd.ctex[39m[0m
[  37% ] [90m[1msavepack[22m | Storing File: res://assets/environment/props/T_Trim_Metal_ORM.png.import[39m[0m
[  37% ] [90m[1msavepack[22m | Storing File: res://.godot/imported/T_Trim_Props_BaseColor.png-68e37eb17459da245c22c3182c9cc94c.ctex[39m[0m
[  37% ] [90m[1msavepack[22m | Storing File: res://assets/environment/props/T_Trim_Props_BaseColor.png.import[39m[0m
[  37% ] [90m[1msavepack[22m | Storing File: res://.godot/imported/T_Trim_Props_Normal.png-b0e9ab73324ad9f716fb8f195f5cc6c3.ctex[39m[0m
[  37% ] [90m[1msavepack[22m | Storing File: res://assets/environment/props/T_Trim_Props_Normal.png.import[39m[0m
[  37% ] [90m[1msavepack[22m | Storing File: res://.godot/imported/T_Trim_Props_ORM.png-8ea4f7a1aeab101c29475d7dfc85d951.ctex[39m[0m
[  37% ] [90m[1msavepack[22m | Storing File: res://assets/environment/props/T_Trim_Props_ORM.png.import[39m[0m
[  37% ] [90m[1msavepack[22m | Storing File: res://.godot/imported/WeaponStand.gltf-f94eacf0d8d7559cd018a39fc9fef551.scn[39m[0m
[  37% ] [90m[1msavepack[22m | Storing File: res://assets/environment/props/WeaponStand.gltf.import[39m[0m
[  37% ] [90m[1msavepack[22m | Storing File: res://.godot/imported/Whetstone.gltf-9d64f5f1deee1a31022dff40db0e1380.scn[39m[0m
[  37% ] [90m[1msavepack[22m | Storing File: res://assets/environment/props/Whetstone.gltf.import[39m[0m
[  38% ] [90m[1msavepack[22m | Storing File: res://.godot/imported/Workbench.gltf-883b8e69976f75a34d8f06ce99d47ed1.scn[39m[0m
[  38% ] [90m[1msavepack[22m | Storing File: res://assets/environment/props/Workbench.gltf.import[39m[0m
[  38% ] [90m[1msavepack[22m | Storing File: res://.godot/imported/BushBerries_1.obj-17bb8d66cd3b20836e7c7e0bb944c1cc.mesh[39m[0m
[  38% ] [90m[1msavepack[22m | Storing File: res://assets/environment/riverside/BushBerries_1.obj.import[39m[0m
[  38% ] [90m[1msavepack[22m | Storing File: res://.godot/imported/Rock_Moss_2.obj-6b67f297ff5924e36d2adcac991080b8.mesh[39m[0m
[  38% ] [90m[1msavepack[22m | Storing File: res://assets/environment/riverside/Rock_Moss_2.obj.import[39m[0m
[  38% ] [90m[1msavepack[22m | Storing File: res://.godot/imported/Rock_Moss_5.obj-e289f60659a99cea34b768e3cdf6e633.mesh[39m[0m
[  38% ] [90m[1msavepack[22m | Storing File: res://assets/environment/riverside/Rock_Moss_5.obj.import[39m[0m
[  38% ] [90m[1msavepack[22m | Storing File: res://.godot/imported/TreeStump_Moss.obj-f759895fb7f959fb52502a6195ba1286.mesh[39m[0m
[  38% ] [90m[1msavepack[22m | Storing File: res://assets/environment/riverside/TreeStump_Moss.obj.import[39m[0m
[  38% ] [90m[1msavepack[22m | Storing File: res://.godot/imported/Willow_1.obj-ffe579752ec0704d00cdc0c03af3559d.mesh[39m[0m
[  38% ] [90m[1msavepack[22m | Storing File: res://assets/environment/riverside/Willow_1.obj.import[39m[0m
[  38% ] [90m[1msavepack[22m | Storing File: res://.godot/imported/Willow_3.obj-8100d941b59cc4a436edefd85073590f.mesh[39m[0m
[  38% ] [90m[1msavepack[22m | Storing File: res://assets/environment/riverside/Willow_3.obj.import[39m[0m
[  39% ] [90m[1msavepack[22m | Storing File: res://.godot/imported/Willow_5.obj-856dbddaf6219083d074b17b23c55545.mesh[39m[0m
[  39% ] [90m[1msavepack[22m | Storing File: res://assets/environment/riverside/Willow_5.obj.import[39m[0m
[  39% ] [90m[1msavepack[22m | Storing File: res://.godot/imported/WoodLog_Moss.obj-ba76e53bff3220d2aab01ca54a1986b3.mesh[39m[0m
[  39% ] [90m[1msavepack[22m | Storing File: res://assets/environment/riverside/WoodLog_Moss.obj.import[39m[0m
[  39% ] [90m[1msavepack[22m | Storing File: res://.godot/imported/PathRocks_Diffuse.png-2c1f0260fcb84273c7b1e0fec26c2cf2.ctex[39m[0m
[  39% ] [90m[1msavepack[22m | Storing File: res://assets/environment/rocks/PathRocks_Diffuse.png.import[39m[0m
[  39% ] [90m[1msavepack[22m | Storing File: res://.godot/imported/Pebble_Round_1.gltf-e1726a472dc00310a266223abd0fb57e.scn[39m[0m
[  39% ] [90m[1msavepack[22m | Storing File: res://assets/environment/rocks/Pebble_Round_1.gltf.import[39m[0m
[  39% ] [90m[1msavepack[22m | Storing File: res://.godot/imported/Pebble_Round_2.gltf-9ceeeb5abfb5d251f9ac357365223db3.scn[39m[0m
[  39% ] [90m[1msavepack[22m | Storing File: res://assets/environment/rocks/Pebble_Round_2.gltf.import[39m[0m
[  39% ] [90m[1msavepack[22m | Storing File: res://.godot/imported/Pebble_Round_3.gltf-c8641458e37318b3927b18501d03636a.scn[39m[0m
[  39% ] [90m[1msavepack[22m | Storing File: res://assets/environment/rocks/Pebble_Round_3.gltf.import[39m[0m
[  39% ] [90m[1msavepack[22m | Storing File: res://.godot/imported/Pebble_Round_4.gltf-da1dc8b4d8399a2e6eb3db0303110c14.scn[39m[0m
[  39% ] [90m[1msavepack[22m | Storing File: res://assets/environment/rocks/Pebble_Round_4.gltf.import[39m[0m
[  39% ] [90m[1msavepack[22m | Storing File: res://.godot/imported/Pebble_Round_5.gltf-ae5c59a486bd803f6e7b932c093fa499.scn[39m[0m
[  39% ] [90m[1msavepack[22m | Storing File: res://assets/environment/rocks/Pebble_Round_5.gltf.import[39m[0m
[  40% ] [90m[1msavepack[22m | Storing File: res://.godot/imported/Pebble_Square_1.gltf-f50097adef29104a1ebaafa8c1f72d02.scn[39m[0m
[  40% ] [90m[1msavepack[22m | Storing File: res://assets/environment/rocks/Pebble_Square_1.gltf.import[39m[0m
[  40% ] [90m[1msavepack[22m | Storing File: res://.godot/imported/Pebble_Square_2.gltf-9f8472e85872b52570b1e0a9d4f0adcf.scn[39m[0m
[  40% ] [90m[1msavepack[22m | Storing File: res://assets/environment/rocks/Pebble_Square_2.gltf.import[39m[0m
[  40% ] [90m[1msavepack[22m | Storing File: res://.godot/imported/RockPath_Round_Small_1.gltf-4f0ecd5a5a0ff22c51c5b9c735f568ee.scn[39m[0m
[  40% ] [90m[1msavepack[22m | Storing File: res://assets/environment/rocks/RockPath_Round_Small_1.gltf.import[39m[0m
[  40% ] [90m[1msavepack[22m | Storing File: res://.godot/imported/RockPath_Round_Thin.gltf-8853d1c79b4afa681c84473d9451848b.scn[39m[0m
[  40% ] [90m[1msavepack[22m | Storing File: res://assets/environment/rocks/RockPath_Round_Thin.gltf.import[39m[0m
[  40% ] [90m[1msavepack[22m | Storing File: res://.godot/imported/RockPath_Round_Wide.gltf-7b27f445675d23b1a39114bb911b8c07.scn[39m[0m
[  40% ] [90m[1msavepack[22m | Storing File: res://assets/environment/rocks/RockPath_Round_Wide.gltf.import[39m[0m
[  40% ] [90m[1msavepack[22m | Storing File: res://.godot/imported/RockPath_Square_Small_1.gltf-ac6ec41ab308b3a172c8a9dc2544d27f.scn[39m[0m
[  40% ] [90m[1msavepack[22m | Storing File: res://assets/environment/rocks/RockPath_Square_Small_1.gltf.import[39m[0m
[  40% ] [90m[1msavepack[22m | Storing File: res://.godot/imported/RockPath_Square_Wide.gltf-aa24950b4b5e0c865467f583a659fdd8.scn[39m[0m
[  40% ] [90m[1msavepack[22m | Storing File: res://assets/environment/rocks/RockPath_Square_Wide.gltf.import[39m[0m
[  40% ] [90m[1msavepack[22m | Storing File: res://.godot/imported/Rocks_Diffuse.png-7cbb4ae66ebabc43c234fcd9d6429806.ctex[39m[0m
[  40% ] [90m[1msavepack[22m | Storing File: res://assets/environment/rocks/Rocks_Diffuse.png.import[39m[0m
[  41% ] [90m[1msavepack[22m | Storing File: res://.godot/imported/Rock_Medium_1.gltf-ac678d13b4906cc33f5278e8f9314ff4.scn[39m[0m
[  41% ] [90m[1msavepack[22m | Storing File: res://assets/environment/rocks/Rock_Medium_1.gltf.import[39m[0m
[  41% ] [90m[1msavepack[22m | Storing File: res://.godot/imported/Rock_Medium_2.gltf-84b1eb54e5c6a7a7d48146559a0894d3.scn[39m[0m
[  41% ] [90m[1msavepack[22m | Storing File: res://assets/environment/rocks/Rock_Medium_2.gltf.import[39m[0m
[  41% ] [90m[1msavepack[22m | Storing File: res://.godot/imported/Rock_Medium_3.gltf-df6250dbc629a182cbd6a5f2cdde331e.scn[39m[0m
[  41% ] [90m[1msavepack[22m | Storing File: res://assets/environment/rocks/Rock_Medium_3.gltf.import[39m[0m
[  41% ] [90m[1msavepack[22m | Storing File: res://.godot/imported/SM_FlowerField_Steles.glb-0326c5f593eb4fac52aafe0aa14dff1a.scn[39m[0m
[  41% ] [90m[1msavepack[22m | Storing File: res://assets/environment/rocks/SM_FlowerField_Steles.glb.import[39m[0m
[  41% ] [90m[1msavepack[22m | Storing File: res://.godot/imported/SM_OverlookCrags.glb-87302c54248b230fd3c6ef07a1263711.scn[39m[0m
[  41% ] [90m[1msavepack[22m | Storing File: res://assets/environment/rocks/SM_OverlookCrags.glb.import[39m[0m
[  41% ] [90m[1msavepack[22m | Storing File: res://.godot/imported/SM_SpringMaw.glb-f2f9b0410acc37143a524e018503509d.scn[39m[0m
[  41% ] [90m[1msavepack[22m | Storing File: res://assets/environment/rocks/SM_SpringMaw.glb.import[39m[0m
[  41% ] [90m[1msavepack[22m | Storing File: res://.godot/imported/Balcony_Cross_Straight.gltf-92f0aad876a7bef3eab60c80e86849d0.scn[39m[0m
[  41% ] [90m[1msavepack[22m | Storing File: res://assets/environment/village/Balcony_Cross_Straight.gltf.import[39m[0m
[  41% ] [90m[1msavepack[22m | Storing File: res://.godot/imported/Balcony_Simple_Corner.gltf-12424d2ac002d9fdfe90573c3fd657a5.scn[39m[0m
[  41% ] [90m[1msavepack[22m | Storing File: res://assets/environment/village/Balcony_Simple_Corner.gltf.import[39m[0m
[  42% ] [90m[1msavepack[22m | Storing File: res://.godot/imported/DoorFrame_Round_WoodDark.gltf-ef7331e77855cc6b8130016c8e590de0.scn[39m[0m
[  42% ] [90m[1msavepack[22m | Storing File: res://assets/environment/village/DoorFrame_Round_WoodDark.gltf.import[39m[0m
[  42% ] [90m[1msavepack[22m | Storing File: res://.godot/imported/Door_2_Round.gltf-79fa4d65d7de1ca89e05eb38ea837e5e.scn[39m[0m
[  42% ] [90m[1msavepack[22m | Storing File: res://assets/environment/village/Door_2_Round.gltf.import[39m[0m
[  42% ] [90m[1msavepack[22m | Storing File: res://.godot/imported/Door_4_Round.gltf-d92af6f2ac125127fa2cd570d8677220.scn[39m[0m
[  42% ] [90m[1msavepack[22m | Storing File: res://assets/environment/village/Door_4_Round.gltf.import[39m[0m
[  42% ] [90m[1msavepack[22m | Storing File: res://.godot/imported/Floor_RedBrick.gltf-3e72be42a6f1605aece0ad7f9fe835bc.scn[39m[0m
[  42% ] [90m[1msavepack[22m | Storing File: res://assets/environment/village/Floor_RedBrick.gltf.import[39m[0m
[  42% ] [90m[1msavepack[22m | Storing File: res://.godot/imported/Floor_WoodDark_Half1.gltf-42be76f1dddadc1982aaca357b5c3126.scn[39m[0m
[  42% ] [90m[1msavepack[22m | Storing File: res://assets/environment/village/Floor_WoodDark_Half1.gltf.import[39m[0m
[  42% ] [90m[1msavepack[22m | Storing File: res://.godot/imported/Floor_WoodLight.gltf-a1cf9fb0a0485a3ac3680e3c198c7845.scn[39m[0m
[  42% ] [90m[1msavepack[22m | Storing File: res://assets/environment/village/Floor_WoodLight.gltf.import[39m[0m
[  42% ] [90m[1msavepack[22m | Storing File: res://.godot/imported/Floor_WoodLight_OverhangCorner.gltf-9b8a87a484125bb66311352d57db6426.scn[39m[0m
[  42% ] [90m[1msavepack[22m | Storing File: res://assets/environment/village/Floor_WoodLight_OverhangCorner.gltf.import[39m[0m
[  43% ] [90m[1msavepack[22m | Storing File: res://.godot/imported/Overhang_Plaster_Corner.gltf-9ee8cadbb3500113b9896e1abe36ba7f.scn[39m[0m
[  43% ] [90m[1msavepack[22m | Storing File: res://assets/environment/village/Overhang_Plaster_Corner.gltf.import[39m[0m
[  43% ] [90m[1msavepack[22m | Storing File: res://.godot/imported/Overhang_Plaster_Long.gltf-4117d3f5f5ab4a96b7ebc410ac23af6d.scn[39m[0m
[  43% ] [90m[1msavepack[22m | Storing File: res://assets/environment/village/Overhang_Plaster_Long.gltf.import[39m[0m
[  43% ] [90m[1msavepack[22m | Storing File: res://.godot/imported/Overhang_RoofIncline_Plaster.gltf-ca79b60ed869245ddf14cdd1e41db4a3.scn[39m[0m
[  43% ] [90m[1msavepack[22m | Storing File: res://assets/environment/village/Overhang_RoofIncline_Plaster.gltf.import[39m[0m
[  43% ] [90m[1msavepack[22m | Storing File: res://.godot/imported/Overhang_RoofIncline_UnevenBricks.gltf-896ef4b937e2f21d861c9b93691e87c7.scn[39m[0m
[  43% ] [90m[1msavepack[22m | Storing File: res://assets/environment/village/Overhang_RoofIncline_UnevenBricks.gltf.import[39m[0m
[  43% ] [90m[1msavepack[22m | Storing File: res://.godot/imported/Overhang_Roof_Plaster.gltf-ce8db98c8f8ad5ccb90289c8d168697e.scn[39m[0m
[  43% ] [90m[1msavepack[22m | Storing File: res://assets/environment/village/Overhang_Roof_Plaster.gltf.import[39m[0m
[  43% ] [90m[1msavepack[22m | Storing File: res://.godot/imported/Overhang_Roof_UnevenBricks.gltf-6bf2feaa5d016b0173f28dfa5c6b217e.scn[39m[0m
[  43% ] [90m[1msavepack[22m | Storing File: res://assets/environment/village/Overhang_Roof_UnevenBricks.gltf.import[39m[0m
[  43% ] [90m[1msavepack[22m | Storing File: res://.godot/imported/Overhang_Side_Plaster_Long_L.gltf-687ff878b1e7cdfcb48e42079de0730d.scn[39m[0m
[  43% ] [90m[1msavepack[22m | Storing File: res://assets/environment/village/Overhang_Side_Plaster_Long_L.gltf.import[39m[0m
[  43% ] [90m[1msavepack[22m | Storing File: res://.godot/imported/Overhang_Side_Plaster_Long_R.gltf-cd8bb32dd6ab8be3b7c0b607bcd7b664.scn[39m[0m
[  43% ] [90m[1msavepack[22m | Storing File: res://assets/environment/village/Overhang_Side_Plaster_Long_R.gltf.import[39m[0m
[  44% ] [90m[1msavepack[22m | Storing File: res://.godot/imported/Overhang_Side_UnevenBrick_Long_L.gltf-d096c17092bc7bbe1f2cfc405bc3b0fd.scn[39m[0m
[  44% ] [90m[1msavepack[22m | Storing File: res://assets/environment/village/Overhang_Side_UnevenBrick_Long_L.gltf.import[39m[0m
[  44% ] [90m[1msavepack[22m | Storing File: res://.godot/imported/Overhang_Side_UnevenBrick_Long_R.gltf-410cdea9c64d284d125bd5a5bca3e0e1.scn[39m[0m
[  44% ] [90m[1msavepack[22m | Storing File: res://assets/environment/village/Overhang_Side_UnevenBrick_Long_R.gltf.import[39m[0m
[  44% ] [90m[1msavepack[22m | Storing File: res://.godot/imported/Overhang_UnevenBrick_Corner.gltf-6c9abe611e75547053323a87f36febff.scn[39m[0m
[  44% ] [90m[1msavepack[22m | Storing File: res://assets/environment/village/Overhang_UnevenBrick_Corner.gltf.import[39m[0m
[  44% ] [90m[1msavepack[22m | Storing File: res://.godot/imported/Overhang_UnevenBrick_Long.gltf-0a4b9502d98101d87ab37ee51d848adb.scn[39m[0m
[  44% ] [90m[1msavepack[22m | Storing File: res://assets/environment/village/Overhang_UnevenBrick_Long.gltf.import[39m[0m
[  44% ] [90m[1msavepack[22m | Storing File: res://.godot/imported/Prop_Chimney2.gltf-6f220da48c4cbb097ab047f9c10476ba.scn[39m[0m
[  44% ] [90m[1msavepack[22m | Storing File: res://assets/environment/village/Prop_Chimney2.gltf.import[39m[0m
[  44% ] [90m[1msavepack[22m | Storing File: res://.godot/imported/Prop_Crate.gltf-399e8a114f35be82cae02b3596742b84.scn[39m[0m
[  44% ] [90m[1msavepack[22m | Storing File: res://assets/environment/village/Prop_Crate.gltf.import[39m[0m
[  44% ] [90m[1msavepack[22m | Storing File: res://.godot/imported/Prop_MetalFence_Ornament.gltf-fff23ef3bf9cf4964ca88c7b3fb5d086.scn[39m[0m
[  44% ] [90m[1msavepack[22m | Storing File: res://assets/environment/village/Prop_MetalFence_Ornament.gltf.import[39m[0m
[  44% ] [90m[1msavepack[22m | Storing File: res://.godot/imported/Prop_WoodenFence_Extension2.gltf-4b1737a9662e41b839ee1b27db532a5c.scn[39m[0m
[  44% ] [90m[1msavepack[22m | Storing File: res://assets/environment/village/Prop_WoodenFence_Extension2.gltf.import[39m[0m
[  45% ] [90m[1msavepack[22m | Storing File: res://.godot/imported/Roof_Dormer_RoundTile.gltf-a908892ae2b062f5c0ba7c48629f8f8e.scn[39m[0m
[  45% ] [90m[1msavepack[22m | Storing File: res://assets/environment/village/Roof_Dormer_RoundTile.gltf.import[39m[0m
[  45% ] [90m[1msavepack[22m | Storing File: res://.godot/imported/Roof_FrontSupports.gltf-310b6288e393a045125e5cec4f28e43f.scn[39m[0m
[  45% ] [90m[1msavepack[22m | Storing File: res://assets/environment/village/Roof_FrontSupports.gltf.import[39m[0m
[  45% ] [90m[1msavepack[22m | Storing File: res://.godot/imported/Roof_Front_Brick4.gltf-cb2d613399977571cad27da316f5f9cd.scn[39m[0m
[  45% ] [90m[1msavepack[22m | Storing File: res://assets/environment/village/Roof_Front_Brick4.gltf.import[39m[0m
[  45% ] [90m[1msavepack[22m | Storing File: res://.godot/imported/Roof_Front_Brick4_Half_L.gltf-77efc92964049b3ab12f8f3818f67deb.scn[39m[0m
[  45% ] [90m[1msavepack[22m | Storing File: res://assets/environment/village/Roof_Front_Brick4_Half_L.gltf.import[39m[0m
[  45% ] [90m[1msavepack[22m | Storing File: res://.godot/imported/Roof_Front_Brick4_Half_R.gltf-91f02bd872feb252be5a933df925b561.scn[39m[0m
[  45% ] [90m[1msavepack[22m | Storing File: res://assets/environment/village/Roof_Front_Brick4_Half_R.gltf.import[39m[0m
[  45% ] [90m[1msavepack[22m | Storing File: res://.godot/imported/Roof_Front_Brick6.gltf-e3018cfbdd677aa34bf6a0a8bf783c69.scn[39m[0m
[  45% ] [90m[1msavepack[22m | Storing File: res://assets/environment/village/Roof_Front_Brick6.gltf.import[39m[0m
[  45% ] [90m[1msavepack[22m | Storing File: res://.godot/imported/Roof_Front_Brick8.gltf-f05052943bdd35ee59a6c0c80d9bc362.scn[39m[0m
[  45% ] [90m[1msavepack[22m | Storing File: res://assets/environment/village/Roof_Front_Brick8.gltf.import[39m[0m
[  45% ] [90m[1msavepack[22m | Storing File: res://.godot/imported/Roof_Log.gltf-32120348363476f6a7c0f55e208e1c60.scn[39m[0m
[  45% ] [90m[1msavepack[22m | Storing File: res://assets/environment/village/Roof_Log.gltf.import[39m[0m
[  46% ] [90m[1msavepack[22m | Storing File: res://.godot/imported/Roof_Modular_RoundTiles.gltf-a46649520569ccbfb0ddb893277e0eeb.scn[39m[0m
[  46% ] [90m[1msavepack[22m | Storing File: res://assets/environment/village/Roof_Modular_RoundTiles.gltf.import[39m[0m
[  46% ] [90m[1msavepack[22m | Storing File: res://.godot/imported/Roof_RoundTiles_4x4.gltf-3a786f62582c6b8cef1764bbdeb83733.scn[39m[0m
[  46% ] [90m[1msavepack[22m | Storing File: res://assets/environment/village/Roof_RoundTiles_4x4.gltf.import[39m[0m
[  46% ] [90m[1msavepack[22m | Storing File: res://.godot/imported/Roof_RoundTiles_4x8.gltf-a28a74089210f1863e61e9d9e109cefb.scn[39m[0m
[  46% ] [90m[1msavepack[22m | Storing File: res://assets/environment/village/Roof_RoundTiles_4x8.gltf.import[39m[0m
[  46% ] [90m[1msavepack[22m | Storing File: res://.godot/imported/Roof_RoundTiles_6x6.gltf-54074ff18de9a52bf1ec2e5d5ffe7221.scn[39m[0m
[  46% ] [90m[1msavepack[22m | Storing File: res://assets/environment/village/Roof_RoundTiles_6x6.gltf.import[39m[0m
[  46% ] [90m[1msavepack[22m | Storing File: res://.godot/imported/Roof_RoundTiles_6x10.gltf-a2625ee183bd343f16424b37bc4600db.scn[39m[0m
[  46% ] [90m[1msavepack[22m | Storing File: res://assets/environment/village/Roof_RoundTiles_6x10.gltf.import[39m[0m
[  46% ] [90m[1msavepack[22m | Storing File: res://.godot/imported/Roof_RoundTiles_8x8.gltf-8ad2b6c615f92ad1ee7fee67af904d46.scn[39m[0m
[  46% ] [90m[1msavepack[22m | Storing File: res://assets/environment/village/Roof_RoundTiles_8x8.gltf.import[39m[0m
[  46% ] [90m[1msavepack[22m | Storing File: res://.godot/imported/Roof_RoundTile_2x1.gltf-bcce23126e7ab04b3b683dd281b25bb2.scn[39m[0m
[  46% ] [90m[1msavepack[22m | Storing File: res://assets/environment/village/Roof_RoundTile_2x1.gltf.import[39m[0m
[  46% ] [90m[1msavepack[22m | Storing File: res://.godot/imported/Roof_Support2.gltf-60e8295fd9c3bdb332b51ec8a315f1b7.scn[39m[0m
[  46% ] [90m[1msavepack[22m | Storing File: res://assets/environment/village/Roof_Support2.gltf.import[39m[0m
[  47% ] [90m[1msavepack[22m | Storing File: res://.godot/imported/Roof_Tower_RoundTiles.gltf-8762a7814ec6e5ea087d9288acfb19e5.scn[39m[0m
[  47% ] [90m[1msavepack[22m | Storing File: res://assets/environment/village/Roof_Tower_RoundTiles.gltf.import[39m[0m
[  47% ] [90m[1msavepack[22m | Storing File: res://.godot/imported/Roof_Wooden_2x1_Center.gltf-f3e8ae6d192e6b3abeeae1ae4ccf3790.scn[39m[0m
[  47% ] [90m[1msavepack[22m | Storing File: res://assets/environment/village/Roof_Wooden_2x1_Center.gltf.import[39m[0m
[  47% ] [90m[1msavepack[22m | Storing File: res://.godot/imported/Roof_Wooden_2x1_Corner.gltf-29f93e26222c912e74991b82e3ff7e58.scn[39m[0m
[  47% ] [90m[1msavepack[22m | Storing File: res://assets/environment/village/Roof_Wooden_2x1_Corner.gltf.import[39m[0m
[  47% ] [90m[1msavepack[22m | Storing File: res://.godot/imported/Roof_Wooden_2x1_L.gltf-c85fa6d7d4f194403695f18a11e7ceae.scn[39m[0m
[  47% ] [90m[1msavepack[22m | Storing File: res://assets/environment/village/Roof_Wooden_2x1_L.gltf.import[39m[0m
[  47% ] [90m[1msavepack[22m | Storing File: res://.godot/imported/Roof_Wooden_2x1_R.gltf-a46ce07f65ffa223427dbdcb1829b09e.scn[39m[0m
[  47% ] [90m[1msavepack[22m | Storing File: res://assets/environment/village/Roof_Wooden_2x1_R.gltf.import[39m[0m
[  47% ] [90m[1msavepack[22m | Storing File: res://.godot/imported/Stairs_Exterior_SidePlatform.gltf-1daa348e79eb419440042e0adebc48a1.scn[39m[0m
[  47% ] [90m[1msavepack[22m | Storing File: res://assets/environment/village/Stairs_Exterior_SidePlatform.gltf.import[39m[0m
[  47% ] [90m[1msavepack[22m | Storing File: res://.godot/imported/Stairs_Exterior_Straight_L.gltf-afecbab2587054559f6cf5f756b98f78.scn[39m[0m
[  47% ] [90m[1msavepack[22m | Storing File: res://assets/environment/village/Stairs_Exterior_Straight_L.gltf.import[39m[0m
[  48% ] [90m[1msavepack[22m | Storing File: res://.godot/imported/Stairs_Exterior_Straight_R.gltf-969d9b47276d3fa36b525f5fb1c94e03.scn[39m[0m
[  48% ] [90m[1msavepack[22m | Storing File: res://assets/environment/village/Stairs_Exterior_Straight_R.gltf.import[39m[0m
[  48% ] [90m[1msavepack[22m | Storing File: res://.godot/imported/Stair_Interior_Rails.gltf-49deba12dee0aa6de6c68ef75cc2013e.scn[39m[0m
[  48% ] [90m[1msavepack[22m | Storing File: res://assets/environment/village/Stair_Interior_Rails.gltf.import[39m[0m
[  48% ] [90m[1msavepack[22m | Storing File: res://.godot/imported/Stair_Interior_Simple.gltf-22686b085f3ce71ae73a20c53818bc87.scn[39m[0m
[  48% ] [90m[1msavepack[22m | Storing File: res://assets/environment/village/Stair_Interior_Simple.gltf.import[39m[0m
[  48% ] [90m[1msavepack[22m | Storing File: res://.godot/imported/T_Brick_BaseColor.png-75fd72bc94dc14e0716d873d127d8f4e.ctex[39m[0m
[  48% ] [90m[1msavepack[22m | Storing File: res://assets/environment/village/T_Brick_BaseColor.png.import[39m[0m
[  48% ] [90m[1msavepack[22m | Storing File: res://.godot/imported/T_Brick_Normal.png-93f6ba271230e288354c39a69c222c86.ctex[39m[0m
[  48% ] [90m[1msavepack[22m | Storing File: res://assets/environment/village/T_Brick_Normal.png.import[39m[0m
[  48% ] [90m[1msavepack[22m | Storing File: res://.godot/imported/T_Brick_Roughness.png-30cced08b91ee210246d14d88981877d.ctex[39m[0m
[  48% ] [90m[1msavepack[22m | Storing File: res://assets/environment/village/T_Brick_Roughness.png.import[39m[0m
[  48% ] [90m[1msavepack[22m | Storing File: res://.godot/imported/T_MetalOrnaments_BaseColor.png-6a7ff89126bb7753c5d8ebbdff8b78d7.ctex[39m[0m
[  48% ] [90m[1msavepack[22m | Storing File: res://assets/environment/village/T_MetalOrnaments_BaseColor.png.import[39m[0m
[  48% ] [90m[1msavepack[22m | Storing File: res://.godot/imported/T_MetalOrnaments_Roughness.png-ded45ddac48ad28ac12a9a3b57102d27.ctex[39m[0m
[  48% ] [90m[1msavepack[22m | Storing File: res://assets/environment/village/T_MetalOrnaments_Roughness.png.import[39m[0m
[  49% ] [90m[1msavepack[22m | Storing File: res://.godot/imported/T_Plaster_BaseColor.png-326fdc3966427af25d15824527c02eba.ctex[39m[0m
[  49% ] [90m[1msavepack[22m | Storing File: res://assets/environment/village/T_Plaster_BaseColor.png.import[39m[0m
[  49% ] [90m[1msavepack[22m | Storing File: res://.godot/imported/T_Plaster_Normal.png-1c0d9b12d88f58adf20725d0d31322ee.ctex[39m[0m
[  49% ] [90m[1msavepack[22m | Storing File: res://assets/environment/village/T_Plaster_Normal.png.import[39m[0m
[  49% ] [90m[1msavepack[22m | Storing File: res://.godot/imported/T_Plaster_ORM.png-f4f10b20e743a097a82fcc2b24efaa3c.ctex[39m[0m
[  49% ] [90m[1msavepack[22m | Storing File: res://assets/environment/village/T_Plaster_ORM.png.import[39m[0m
[  49% ] [90m[1msavepack[22m | Storing File: res://.godot/imported/T_RedBrick_BaseColor.png-6b714245f0cff79ab6c38689d9efbb2e.ctex[39m[0m
[  49% ] [90m[1msavepack[22m | Storing File: res://assets/environment/village/T_RedBrick_BaseColor.png.import[39m[0m
[  49% ] [90m[1msavepack[22m | Storing File: res://.godot/imported/T_RockTrim_BaseColor.png-8d0d81dc10e7ab4428394f89a6090ec5.ctex[39m[0m
[  49% ] [90m[1msavepack[22m | Storing File: res://assets/environment/village/T_RockTrim_BaseColor.png.import[39m[0m
[  49% ] [90m[1msavepack[22m | Storing File: res://.godot/imported/T_RockTrim_Normal.png-f4341dd3717757bb03d80ef66ee44ee0.ctex[39m[0m
[  49% ] [90m[1msavepack[22m | Storing File: res://assets/environment/village/T_RockTrim_Normal.png.import[39m[0m
[  49% ] [90m[1msavepack[22m | Storing File: res://.godot/imported/T_RockTrim_ORM.png-da3e46adbf76c1e609af33d067f5b4aa.ctex[39m[0m
[  49% ] [90m[1msavepack[22m | Storing File: res://assets/environment/village/T_RockTrim_ORM.png.import[39m[0m
[  49% ] [90m[1msavepack[22m | Storing File: res://.godot/imported/T_RoundTiles_BaseColor.png-acfc0a9f16e49413e9b2edf47b3cfbcb.ctex[39m[0m
[  49% ] [90m[1msavepack[22m | Storing File: res://assets/environment/village/T_RoundTiles_BaseColor.png.import[39m[0m
[  50% ] [90m[1msavepack[22m | Storing File: res://.godot/imported/T_RoundTiles_Normal.png-88cd9b06fb42b57366ea67c355996437.ctex[39m[0m
[  50% ] [90m[1msavepack[22m | Storing File: res://assets/environment/village/T_RoundTiles_Normal.png.import[39m[0m
[  50% ] [90m[1msavepack[22m | Storing File: res://.godot/imported/T_RoundTiles_Roughness.png-485fbd81f108b2b8537d9ee4a2032c5c.ctex[39m[0m
[  50% ] [90m[1msavepack[22m | Storing File: res://assets/environment/village/T_RoundTiles_Roughness.png.import[39m[0m
[  50% ] [90m[1msavepack[22m | Storing File: res://.godot/imported/T_UnevenBrick_BaseColor.png-f005b077a5832452d02a515bd4511035.ctex[39m[0m
[  50% ] [90m[1msavepack[22m | Storing File: res://assets/environment/village/T_UnevenBrick_BaseColor.png.import[39m[0m
[  50% ] [90m[1msavepack[22m | Storing File: res://.godot/imported/T_UnevenBrick_Normal.png-4d576abdeab99c6ae070d94fe7e54f6a.ctex[39m[0m
[  50% ] [90m[1msavepack[22m | Storing File: res://assets/environment/village/T_UnevenBrick_Normal.png.import[39m[0m
[  50% ] [90m[1msavepack[22m | Storing File: res://.godot/imported/T_UnevenBrick_Roughness.png-bd88d7c7e5ad86a61aac407155b5037a.ctex[39m[0m
[  50% ] [90m[1msavepack[22m | Storing File: res://assets/environment/village/T_UnevenBrick_Roughness.png.import[39m[0m
[  50% ] [90m[1msavepack[22m | Storing File: res://.godot/imported/T_WoodTrim_BaseColor.png-86990a0681ab1c85ab3295de101304fd.ctex[39m[0m
[  50% ] [90m[1msavepack[22m | Storing File: res://assets/environment/village/T_WoodTrim_BaseColor.png.import[39m[0m
[  50% ] [90m[1msavepack[22m | Storing File: res://.godot/imported/T_WoodTrim_Normal.png-6adc3c17c18e18b488025138865d3fa0.ctex[39m[0m
[  50% ] [90m[1msavepack[22m | Storing File: res://assets/environment/village/T_WoodTrim_Normal.png.import[39m[0m
[  50% ] [90m[1msavepack[22m | Storing File: res://.godot/imported/T_WoodTrim_Roughness.png-01ee4dcee84ead384ae6c4368cd1d8bb.ctex[39m[0m
[  50% ] [90m[1msavepack[22m | Storing File: res://assets/environment/village/T_WoodTrim_Roughness.png.import[39m[0m
[  51% ] [90m[1msavepack[22m | Storing File: res://.godot/imported/Window_Roof_Thin.gltf-feb62b6332c0dfac982a4c002cf0c5b4.scn[39m[0m
[  51% ] [90m[1msavepack[22m | Storing File: res://assets/environment/village/Window_Roof_Thin.gltf.import[39m[0m
[  51% ] [90m[1msavepack[22m | Storing File: res://.godot/imported/Window_Roof_Wide.gltf-baeea5d7837e65d0cd864747b1f14e01.scn[39m[0m
[  51% ] [90m[1msavepack[22m | Storing File: res://assets/environment/village/Window_Roof_Wide.gltf.import[39m[0m
[  51% ] [90m[1msavepack[22m | Storing File: res://.godot/imported/T_Bark_Tree_Albedo.jpg-fbddd004902cc9d846072c3ed629c535.ctex[39m[0m
[  51% ] [90m[1msavepack[22m | Storing File: res://assets/textures/surfaces/T_Bark_Tree_Albedo.jpg.import[39m[0m
[  51% ] [90m[1msavepack[22m | Storing File: res://.godot/imported/T_Bark_Tree_Normal.jpg-9fae7dc18a6b6caf064850f7863da5ec.ctex[39m[0m
[  51% ] [90m[1msavepack[22m | Storing File: res://assets/textures/surfaces/T_Bark_Tree_Normal.jpg.import[39m[0m
[  51% ] [90m[1msavepack[22m | Storing File: res://.godot/imported/T_Bark_Tree_Rough.jpg-57b21a0e69e57996de7767bc089d08d5.ctex[39m[0m
[  51% ] [90m[1msavepack[22m | Storing File: res://assets/textures/surfaces/T_Bark_Tree_Rough.jpg.import[39m[0m
[  51% ] [90m[1msavepack[22m | Storing File: res://.godot/imported/T_Fabric_Canvas_Albedo.jpg-1ba1485c5c14eb20ff5e2937e9530b68.ctex[39m[0m
[  51% ] [90m[1msavepack[22m | Storing File: res://assets/textures/surfaces/T_Fabric_Canvas_Albedo.jpg.import[39m[0m
[  51% ] [90m[1msavepack[22m | Storing File: res://.godot/imported/T_Fabric_Canvas_Normal.jpg-1beda18d228cc86dcd8ef960b8627ec5.ctex[39m[0m
[  51% ] [90m[1msavepack[22m | Storing File: res://assets/textures/surfaces/T_Fabric_Canvas_Normal.jpg.import[39m[0m
[  51% ] [90m[1msavepack[22m | Storing File: res://.godot/imported/T_Fabric_Canvas_Rough.jpg-5e505f7ccf94c7a3319f73be8db3b76b.ctex[39m[0m
[  51% ] [90m[1msavepack[22m | Storing File: res://assets/textures/surfaces/T_Fabric_Canvas_Rough.jpg.import[39m[0m
[  52% ] [90m[1msavepack[22m | Storing File: res://.godot/imported/T_Grass_Field_Albedo.jpg-4df1cdc806ceb2cb397de7b90d1aada3.ctex[39m[0m
[  52% ] [90m[1msavepack[22m | Storing File: res://assets/textures/surfaces/T_Grass_Field_Albedo.jpg.import[39m[0m
[  52% ] [90m[1msavepack[22m | Storing File: res://.godot/imported/T_Grass_Field_Normal.jpg-3a086bab3eb7606d2229ac0d50fd77df.ctex[39m[0m
[  52% ] [90m[1msavepack[22m | Storing File: res://assets/textures/surfaces/T_Grass_Field_Normal.jpg.import[39m[0m
[  52% ] [90m[1msavepack[22m | Storing File: res://.godot/imported/T_Grass_Field_Rough.jpg-0175d77ee09aa519596f1ee2ba64350b.ctex[39m[0m
[  52% ] [90m[1msavepack[22m | Storing File: res://assets/textures/surfaces/T_Grass_Field_Rough.jpg.import[39m[0m
[  52% ] [90m[1msavepack[22m | Storing File: res://.godot/imported/T_Ground_Earth_Albedo.jpg-3cf3f9844635817260374bb2de2d466d.ctex[39m[0m
[  52% ] [90m[1msavepack[22m | Storing File: res://assets/textures/surfaces/T_Ground_Earth_Albedo.jpg.import[39m[0m
[  52% ] [90m[1msavepack[22m | Storing File: res://.godot/imported/T_Ground_Earth_Normal.jpg-31bdc59b0c09f27824cd16a0af82e60d.ctex[39m[0m
[  52% ] [90m[1msavepack[22m | Storing File: res://assets/textures/surfaces/T_Ground_Earth_Normal.jpg.import[39m[0m
[  52% ] [90m[1msavepack[22m | Storing File: res://.godot/imported/T_Ground_Earth_Rough.jpg-5014b73c192bc784c5ec2fbd1c0d5289.ctex[39m[0m
[  52% ] [90m[1msavepack[22m | Storing File: res://assets/textures/surfaces/T_Ground_Earth_Rough.jpg.import[39m[0m
[  52% ] [90m[1msavepack[22m | Storing File: res://.godot/imported/T_Rock_Mossy_Albedo.jpg-01cad23db4be669a221e4ea17a2d0ae4.ctex[39m[0m
[  52% ] [90m[1msavepack[22m | Storing File: res://assets/textures/surfaces/T_Rock_Mossy_Albedo.jpg.import[39m[0m
[  53% ] [90m[1msavepack[22m | Storing File: res://.godot/imported/T_Rock_Mossy_Normal.jpg-a8fd136d2794b4102f80000db05b2b28.ctex[39m[0m
[  53% ] [90m[1msavepack[22m | Storing File: res://assets/textures/surfaces/T_Rock_Mossy_Normal.jpg.import[39m[0m
[  53% ] [90m[1msavepack[22m | Storing File: res://.godot/imported/T_Rock_Mossy_Rough.jpg-05e266e4ee554e17e6ced002e1e151aa.ctex[39m[0m
[  53% ] [90m[1msavepack[22m | Storing File: res://assets/textures/surfaces/T_Rock_Mossy_Rough.jpg.import[39m[0m
[  53% ] [90m[1msavepack[22m | Storing File: res://.godot/imported/T_Rock_Strata_Albedo.jpg-4581c568763277e645cf739cb631cb93.ctex[39m[0m
[  53% ] [90m[1msavepack[22m | Storing File: res://assets/textures/surfaces/T_Rock_Strata_Albedo.jpg.import[39m[0m
[  53% ] [90m[1msavepack[22m | Storing File: res://.godot/imported/T_Rock_Strata_Normal.jpg-0a1ae3dbd09803703001e8e48e05ca5f.ctex[39m[0m
[  53% ] [90m[1msavepack[22m | Storing File: res://assets/textures/surfaces/T_Rock_Strata_Normal.jpg.import[39m[0m
[  53% ] [90m[1msavepack[22m | Storing File: res://.godot/imported/T_Rock_Strata_Rough.jpg-24571ab79d97fee4a4d2d1959bd1cddd.ctex[39m[0m
[  53% ] [90m[1msavepack[22m | Storing File: res://assets/textures/surfaces/T_Rock_Strata_Rough.jpg.import[39m[0m
[  53% ] [90m[1msavepack[22m | Storing File: res://.godot/imported/SM_ConductiveBlade.glb-76cc1456b03219f13d77dabf172ee11b.scn[39m[0m
[  53% ] [90m[1msavepack[22m | Storing File: res://assets/weapons/SM_ConductiveBlade.glb.import[39m[0m
[  53% ] [90m[1msavepack[22m | Storing File: res://.godot/imported/SM_HeavyAxe.glb-c1c0d22954be3f59030456bed74278a6.scn[39m[0m
[  53% ] [90m[1msavepack[22m | Storing File: res://assets/weapons/SM_HeavyAxe.glb.import[39m[0m
[  53% ] [90m[1msavepack[22m | Storing File: res://.godot/imported/SM_SimpleBow.glb-89f1e4f65958a941565ca10e8a3eb07b.scn[39m[0m
[  53% ] [90m[1msavepack[22m | Storing File: res://assets/weapons/SM_SimpleBow.glb.import[39m[0m
[  54% ] [90m[1msavepack[22m | Storing File: res://.godot/imported/SM_Spear.glb-dcd0671bbc6347523dfdb8230fce58ee.scn[39m[0m
[  54% ] [90m[1msavepack[22m | Storing File: res://assets/weapons/SM_Spear.glb.import[39m[0m
[  54% ] [90m[1msavepack[22m | Storing File: res://.godot/imported/SM_WoodClub.glb-137c5702af02eeb9b311ef60b8616688.scn[39m[0m
[  54% ] [90m[1msavepack[22m | Storing File: res://assets/weapons/SM_WoodClub.glb.import[39m[0m
[  54% ] [90m[1msavepack[22m | Storing File: res://.godot/imported/SM_WornSword.glb-814a3a31326f2e3ca85a843f56aab4bd.scn[39m[0m
[  54% ] [90m[1msavepack[22m | Storing File: res://assets/weapons/SM_WornSword.glb.import[39m[0m
[  54% ] [90m[1msavepack[22m | Storing File: res://.godot/imported/SM_WornSword_T_WornSword_BaseColor.png-0427044e693951a7121d0da0b2ab43d0.ctex[39m[0m
[  54% ] [90m[1msavepack[22m | Storing File: res://assets/weapons/SM_WornSword_T_WornSword_BaseColor.png.import[39m[0m
[  54% ] [90m[1msavepack[22m | Storing File: res://.godot/imported/SM_WornSword_T_WornSword_MR.png-1440ba0f976f8c25b8a151bc187dd279.ctex[39m[0m
[  54% ] [90m[1msavepack[22m | Storing File: res://assets/weapons/SM_WornSword_T_WornSword_MR.png.import[39m[0m
[  54% ] [90m[1msavepack[22m | Storing File: res://.godot/imported/SM_WornSword_T_WornSword_Normal.png-dc0e4d8cb2ae4ddfe8c7a89fc288e134.ctex[39m[0m
[  54% ] [90m[1msavepack[22m | Storing File: res://assets/weapons/SM_WornSword_T_WornSword_Normal.png.import[39m[0m
[  54% ] [90m[1msavepack[22m | Storing File: res://.godot/imported/T_WornSword_Icon.png-fb073e1d43aabd302aa1a0e7b62f9817.ctex[39m[0m
[  54% ] [90m[1msavepack[22m | Storing File: res://assets/weapons/T_WornSword_Icon.png.import[39m[0m
[  54% ] [90m[1msavepack[22m | Storing File: res://.godot/exported/133200997/export-26f5c44ae5c3220750dbd7050521528b-hero_anim_set.res[39m[0m
[  55% ] [90m[1msavepack[22m | Storing File: res://.godot/exported/133200997/export-d7cf76e1bd53f5758c52b185f626cb4f-raider_anim_set.res[39m[0m
[  55% ] [90m[1msavepack[22m | Storing File: res://.godot/exported/133200997/export-d000bef9c798fc8c253e3fb9d34aab34-heavy_1.res[39m[0m
[  55% ] [90m[1msavepack[22m | Storing File: res://.godot/exported/133200997/export-9c965b6d1c5a7e9d567fdb183984f58b-heavy_1.res[39m[0m
[  55% ] [90m[1msavepack[22m | Storing File: res://.godot/exported/133200997/export-16877ea1e69bb3b78a375fc564cfb9cd-guardian_arc.res[39m[0m
[  55% ] [90m[1msavepack[22m | Storing File: res://.godot/exported/133200997/export-3445c0e9d7aed86f9bef1b719b8633ba-guardian_slam.res[39m[0m
[  55% ] [90m[1msavepack[22m | Storing File: res://.godot/exported/133200997/export-9881016c255e249cc239bcdfb80945dd-guardian_swipe.res[39m[0m
[  55% ] [90m[1msavepack[22m | Storing File: res://.godot/exported/133200997/export-323ec1b34c7b492bc43888ded87ad720-heavy_1.res[39m[0m
[  55% ] [90m[1msavepack[22m | Storing File: res://.godot/exported/133200997/export-fe2654b3e16046d434ba4224488d3f2c-hunter_slash_1.res[39m[0m
[  56% ] [90m[1msavepack[22m | Storing File: res://.godot/exported/133200997/export-13263381956bec6523419687c417b7c9-hunter_slash_2.res[39m[0m
[  56% ] [90m[1msavepack[22m | Storing File: res://.godot/exported/133200997/export-7581b93e5ed88d0b02ff34117a8ded12-club_1.res[39m[0m
[  56% ] [90m[1msavepack[22m | Storing File: res://.godot/exported/133200997/export-5434c1601264cb2565eb2beeaf73b560-mace_1.res[39m[0m
[  56% ] [90m[1msavepack[22m | Storing File: res://.godot/exported/133200997/export-9ed0dc30b5d29611e4cad94872d54703-mace_2.res[39m[0m
[  56% ] [90m[1msavepack[22m | Storing File: res://.godot/exported/133200997/export-88341942411f5a5bc9d9360154309498-mace_3.res[39m[0m
[  56% ] [90m[1msavepack[22m | Storing File: res://.godot/exported/133200997/export-355f806b3fc52e31663a501a1c2c4603-spear_thrust.res[39m[0m
[  56% ] [90m[1msavepack[22m | Storing File: res://.godot/exported/133200997/export-e400f33b265cf9d2eaa7bec4cb4187cd-heavy_1.res[39m[0m
[  56% ] [90m[1msavepack[22m | Storing File: res://.godot/exported/133200997/export-f126b42c68b2d1630f684b1d7ce32b25-heavy_1.res[39m[0m
[  57% ] [90m[1msavepack[22m | Storing File: res://.godot/exported/133200997/export-7e67322c6e1271d95dc193f324212028-light_1.res[39m[0m
[  57% ] [90m[1msavepack[22m | Storing File: res://.godot/exported/133200997/export-b33d4a86bee4d0392646090c193caea2-light_2.res[39m[0m
[  57% ] [90m[1msavepack[22m | Storing File: res://.godot/exported/133200997/export-406cfa90d7e6d0e5ea2406ef688d4201-light_3.res[39m[0m
[  57% ] [90m[1msavepack[22m | Storing File: res://.godot/exported/133200997/export-0d84eed4c50ca2bbb801287a7467d48f-troll_slam.res[39m[0m
[  57% ] [90m[1msavepack[22m | Storing File: res://.godot/exported/133200997/export-dbe0895f6de6e368e99b6b26b8a3f7c8-troll_sweep.res[39m[0m
[  57% ] [90m[1msavepack[22m | Storing File: res://.godot/exported/133200997/export-b445808427851bb9f9b766531a728280-troll_vertical.res[39m[0m
[  57% ] [90m[1msavepack[22m | Storing File: res://resources/combat/attack_definition.gdc[39m[0m
[  58% ] [90m[1msavepack[22m | Storing File: res://.godot/exported/133200997/export-6e876a0d4ebe7b5fdb474e51743934b0-bow_default.res[39m[0m
[  58% ] [90m[1msavepack[22m | Storing File: res://resources/combat/bow_tuning.gdc[39m[0m
[  58% ] [90m[1msavepack[22m | Storing File: res://.godot/exported/133200997/export-66d3189dcf20caf54094e4a216931ec5-dodge_default.res[39m[0m
[  58% ] [90m[1msavepack[22m | Storing File: res://resources/combat/dodge_definition.gdc[39m[0m
[  58% ] [90m[1msavepack[22m | Storing File: res://.godot/exported/133200997/export-d8d02e491a9296d824fff5f0e8f95ecd-guard_default.res[39m[0m
[  58% ] [90m[1msavepack[22m | Storing File: res://.godot/exported/133200997/export-8a2be4ccbbbb37e0bc3ea296c4b0d1c4-hurt_default.res[39m[0m
[  58% ] [90m[1msavepack[22m | Storing File: res://resources/combat/hurt_tuning.gdc[39m[0m
[  58% ] [90m[1msavepack[22m | Storing File: res://.godot/exported/133200997/export-a4d658f5f6fddcf1c0f1dec540a2fe29-centaur_hunter_default.res[39m[0m
[  59% ] [90m[1msavepack[22m | Storing File: res://resources/enemies/enemy_tuning.gdc[39m[0m
[  59% ] [90m[1msavepack[22m | Storing File: res://.godot/exported/133200997/export-ac9b424e29a65029960171fe5a8d5238-raider_black_default.res[39m[0m
[  59% ] [90m[1msavepack[22m | Storing File: res://.godot/exported/133200997/export-125ca44ac972a352ee023b13c16d4875-raider_blue_default.res[39m[0m
[  59% ] [90m[1msavepack[22m | Storing File: res://.godot/exported/133200997/export-05fc0f27226ebe3947a7efb5236cfa3b-raider_red_default.res[39m[0m
[  59% ] [90m[1msavepack[22m | Storing File: res://.godot/exported/133200997/export-4df04be695a8bfd05742cb89ec0fb9d3-ravine_troll_default.res[39m[0m
[  59% ] [90m[1msavepack[22m | Storing File: res://.godot/exported/133200997/export-5a8f97cf9eb9c008f1ce349547fc46ca-defense_root.res[39m[0m
[  59% ] [90m[1msavepack[22m | Storing File: res://.godot/exported/133200997/export-be6c06e9bff2dbba02425ee5c76d536d-heal_fruit.res[39m[0m
[  59% ] [90m[1msavepack[22m | Storing File: res://.godot/exported/133200997/export-c0c89180f64d432add1225c3e1e3d09c-heal_mushroom.res[39m[0m
[  60% ] [90m[1msavepack[22m | Storing File: res://resources/ingredients/ingredient_definition.gdc[39m[0m
[  60% ] [90m[1msavepack[22m | Storing File: res://.godot/exported/133200997/export-f37f4a73ed4dd7d35faf084a6db4e04c-meat.res[39m[0m
[  60% ] [90m[1msavepack[22m | Storing File: res://.godot/exported/133200997/export-b59fce5827c62827aff1f4b22fa5f0e4-rare_spice.res[39m[0m
[  60% ] [90m[1msavepack[22m | Storing File: res://.godot/exported/133200997/export-71c0a1999b2f70cef275aedebad90b97-stamina_herb.res[39m[0m
[  60% ] [90m[1msavepack[22m | Storing File: res://.godot/exported/133200997/export-3a40d0123db7ccef475fc857eb9ee4ff-storm_berry.res[39m[0m
[  60% ] [90m[1msavepack[22m | Storing File: res://.godot/exported/133200997/export-383267abeb7ca3c8705eb35275733d75-MAT_PROFILE_bois.res[39m[0m
[  60% ] [90m[1msavepack[22m | Storing File: res://.godot/exported/133200997/export-4ae413291f9a94364b305266d6f09d2f-MAT_PROFILE_ceramique.res[39m[0m
[  60% ] [90m[1msavepack[22m | Storing File: res://.godot/exported/133200997/export-7a09025e6cafb9d8b9be98b41db36f52-MAT_PROFILE_eau.res[39m[0m
[  61% ] [90m[1msavepack[22m | Storing File: res://.godot/exported/133200997/export-62b98f87981f71265eb59037fc86baf9-MAT_PROFILE_isolant.res[39m[0m
[  61% ] [90m[1msavepack[22m | Storing File: res://.godot/exported/133200997/export-1d598deb9bd0998ddb18195bc5488e38-MAT_PROFILE_metal.res[39m[0m
[  61% ] [90m[1msavepack[22m | Storing File: res://.godot/exported/133200997/export-77a62736aee0b103ef5d5aab372d9d1e-MAT_PROFILE_organique.res[39m[0m
[  61% ] [90m[1msavepack[22m | Storing File: res://.godot/exported/133200997/export-7d1d594d0225498f16a8b7061c2dae3b-MAT_PROFILE_pierre.res[39m[0m
[  61% ] [90m[1msavepack[22m | Storing File: res://.godot/exported/133200997/export-1e67a2da2a7872fcf0155a967660e624-MAT_PROFILE_terre_conductrice.res[39m[0m
[  61% ] [90m[1msavepack[22m | Storing File: res://.godot/exported/133200997/export-3a99ab0d38ded022d1a1170bfceba10c-climb_default.res[39m[0m
[  61% ] [90m[1msavepack[22m | Storing File: res://resources/tuning/climb_tuning.gdc[39m[0m
[  62% ] [90m[1msavepack[22m | Storing File: res://resources/tuning/guard_tuning.gdc[39m[0m
[  62% ] [90m[1msavepack[22m | Storing File: res://.godot/exported/133200997/export-693893ac63f5af3f17e0ee1db1bb07b5-locomotion_default.res[39m[0m
[  62% ] [90m[1msavepack[22m | Storing File: res://resources/tuning/locomotion_tuning.gdc[39m[0m
[  62% ] [90m[1msavepack[22m | Storing File: res://.godot/exported/133200997/export-74eb78895a51375e33d664e7ab620269-stamina_default.res[39m[0m
[  62% ] [90m[1msavepack[22m | Storing File: res://resources/tuning/stamina_tuning.gdc[39m[0m
[  62% ] [90m[1msavepack[22m | Storing File: res://.godot/exported/133200997/export-863acf64c8c30cc2b5cf4239c35e363b-conductive_blade.res[39m[0m
[  62% ] [90m[1msavepack[22m | Storing File: res://.godot/exported/133200997/export-a88e5e98a1a6fb04c35b17992fdacf71-heavy_axe.res[39m[0m
[  62% ] [90m[1msavepack[22m | Storing File: res://.godot/exported/133200997/export-650d8a6211846c517304a8e2e16a16ba-simple_bow.res[39m[0m
[  63% ] [90m[1msavepack[22m | Storing File: res://.godot/exported/133200997/export-0a3e3a81c23899782fd1bcd33967337e-spear.res[39m[0m
[  63% ] [90m[1msavepack[22m | Storing File: res://resources/weapons/weapon_definition.gdc[39m[0m
[  63% ] [90m[1msavepack[22m | Storing File: res://.godot/exported/133200997/export-42df72eff03dea11bdbed2fc6f91f581-wood_club.res[39m[0m
[  63% ] [90m[1msavepack[22m | Storing File: res://.godot/exported/133200997/export-72ffa799038bb7a0378a182c2f621e59-worn_sword.res[39m[0m
[  63% ] [90m[1msavepack[22m | Storing File: res://.godot/exported/133200997/export-bcfcbd8c0e2b6d6fb0abc3e04e7270e9-world_v2_navmesh_q0.res[39m[0m
[  63% ] [90m[1msavepack[22m | Storing File: res://.godot/exported/133200997/export-85dc0d22264ab2bf9e00989aeaa5d008-world_v2_navmesh_q1.res[39m[0m
[  63% ] [90m[1msavepack[22m | Storing File: res://.godot/exported/133200997/export-3afb39ce83dc444aeef5f72ffce9e809-world_v2_navmesh_q2.res[39m[0m
[  63% ] [90m[1msavepack[22m | Storing File: res://.godot/exported/133200997/export-172f8d5a8919412740329dec998b6786-world_v2_navmesh_q3.res[39m[0m
[  64% ] [90m[1msavepack[22m | Storing File: res://resources/world_v2/world_v2_layout.json[39m[0m
[  64% ] [90m[1msavepack[22m | Storing File: res://.godot/exported/133200997/export-d243c278bb449b98b75dbb67ac2f29aa-Boot.scn[39m[0m
[  64% ] [90m[1msavepack[22m | Storing File: res://.godot/exported/133200997/export-a5f14518d42198475b87a1a46232c441-BossArena.scn[39m[0m
[  64% ] [90m[1msavepack[22m | Storing File: res://.godot/exported/133200997/export-5e81dc9154b1e8da00298f6605161ce2-GuardianVisual.scn[39m[0m
[  64% ] [90m[1msavepack[22m | Storing File: res://.godot/exported/133200997/export-d17c37578b537faa45024acb4b14e439-StormGuardian.scn[39m[0m
[  64% ] [90m[1msavepack[22m | Storing File: res://.godot/exported/133200997/export-9bb65146a2689c722b8c4a23b716a9e4-CentaurHunterVisual.scn[39m[0m
[  64% ] [90m[1msavepack[22m | Storing File: res://.godot/exported/133200997/export-b22b47e916cf1aaf8896b073a6c43543-HeroVisual.scn[39m[0m
[  64% ] [90m[1msavepack[22m | Storing File: res://.godot/exported/133200997/export-3f9d6986f443ecb64840d32f31aa1926-RaiderBlackVisual.scn[39m[0m
[  65% ] [90m[1msavepack[22m | Storing File: res://.godot/exported/133200997/export-2ab3ded31ebe6494284eb50d2780b974-RaiderBlueVisual.scn[39m[0m
[  65% ] [90m[1msavepack[22m | Storing File: res://.godot/exported/133200997/export-ca0e8ea2bc483e4ba208c75d751acc2a-RaiderRedVisual.scn[39m[0m
[  65% ] [90m[1msavepack[22m | Storing File: res://.godot/exported/133200997/export-2317b26199a25481b536304c15376dc1-RavineTrollVisual.scn[39m[0m
[  65% ] [90m[1msavepack[22m | Storing File: res://.godot/exported/133200997/export-badfce90a3f84395131edabcc15279ee-Antechamber.scn[39m[0m
[  65% ] [90m[1msavepack[22m | Storing File: res://.godot/exported/133200997/export-8980b5bafbb6a83af67024ba2fe85c0a-CentralHall.scn[39m[0m
[  65% ] [90m[1msavepack[22m | Storing File: res://.godot/exported/133200997/export-39e9074d0cfef20f0610207593d38cff-Room1Initiation.scn[39m[0m
[  65% ] [90m[1msavepack[22m | Storing File: res://.godot/exported/133200997/export-db078fed06e8385ca39648d8f3b05ed2-Room2Vertical.scn[39m[0m
[  65% ] [90m[1msavepack[22m | Storing File: res://.godot/exported/133200997/export-1155158b480e54f1ffdd07e7063021a4-Room3Relays.scn[39m[0m
[  66% ] [90m[1msavepack[22m | Storing File: res://.godot/exported/133200997/export-72722575c697af812a96213efee0d96c-Room4Battery.scn[39m[0m
[  66% ] [90m[1msavepack[22m | Storing File: res://.godot/exported/133200997/export-fda9448e08ed0b957c4c0e9282a5156b-CentaurHunter.scn[39m[0m
[  66% ] [90m[1msavepack[22m | Storing File: res://.godot/exported/133200997/export-461834f02d40c6710507ffc6a1811489-RaiderBlack.scn[39m[0m
[  66% ] [90m[1msavepack[22m | Storing File: res://.godot/exported/133200997/export-10080ec48721c54f9d139e13478b0795-RaiderBlue.scn[39m[0m
[  66% ] [90m[1msavepack[22m | Storing File: res://.godot/exported/133200997/export-24bfda3046e54a08bd7ea5c983d7b0b0-RaiderRed.scn[39m[0m
[  66% ] [90m[1msavepack[22m | Storing File: res://.godot/exported/133200997/export-6fe1d3263dfee5cc496e511c095939b5-RavineTroll.scn[39m[0m
[  66% ] [90m[1msavepack[22m | Storing File: res://.godot/exported/133200997/export-dc096be6f09c7c88f06b126bcf9fe03a-Barrel.scn[39m[0m
[  66% ] [90m[1msavepack[22m | Storing File: res://.godot/exported/133200997/export-6b7e97939943cc056ab1871fe849df5b-Bush.scn[39m[0m
[  66% ] [90m[1msavepack[22m | Storing File: res://.godot/exported/133200997/export-20b2c9676f296366da42af68d2c7669b-Campfire.scn[39m[0m
[  66% ] [90m[1msavepack[22m | Storing File: res://.godot/exported/133200997/export-3cf7c416c8b2516278ee91ca3f9a7682-ChestModel.scn[39m[0m
[  66% ] [90m[1msavepack[22m | Storing File: res://.godot/exported/133200997/export-98a45e7d818ade7a0f071e99870bedc7-ColumnModule.scn[39m[0m
[  66% ] [90m[1msavepack[22m | Storing File: res://.godot/exported/133200997/export-5ce965ea206920c96d9887aff77203a4-Crate.scn[39m[0m
[  66% ] [90m[1msavepack[22m | Storing File: res://.godot/exported/133200997/export-baee5df6d1e0686ecfe8d4af2e110997-GateModule.scn[39m[0m
[  66% ] [90m[1msavepack[22m | Storing File: res://.godot/exported/133200997/export-28cf7caa6326d10c0d2a99a8c0ed17ce-PebbleA.scn[39m[0m
[  66% ] [90m[1msavepack[22m | Storing File: res://.godot/exported/133200997/export-b71147d424f379310b0819c519be5040-PebbleB.scn[39m[0m
[  67% ] [90m[1msavepack[22m | Storing File: res://.godot/exported/133200997/export-eebcc42ff808d4b67dad98c3e8e6a484-PebbleC.scn[39m[0m
[  67% ] [90m[1msavepack[22m | Storing File: res://.godot/exported/133200997/export-07bcf57f2dc4b9c34c1a25f232dfff50-RockLarge.scn[39m[0m
[  67% ] [90m[1msavepack[22m | Storing File: res://.godot/exported/133200997/export-5a4d08e3a5f5c16af738fbf506991161-RockMedium.scn[39m[0m
[  67% ] [90m[1msavepack[22m | Storing File: res://.godot/exported/133200997/export-9427f267c9a5737561cf8c7611920d4d-Tent.scn[39m[0m
[  67% ] [90m[1msavepack[22m | Storing File: res://.godot/exported/133200997/export-0a202e9ee4a362e3ea2927f5de7ca41c-TreeLarge.scn[39m[0m
[  67% ] [90m[1msavepack[22m | Storing File: res://.godot/exported/133200997/export-3a2ccadf1b04ba52e4a37b6259e5955d-TreeMedium.scn[39m[0m
[  67% ] [90m[1msavepack[22m | Storing File: res://.godot/exported/133200997/export-601a0d0168b8baff9b95d1fd5443ba4a-WallModule.scn[39m[0m
[  67% ] [90m[1msavepack[22m | Storing File: res://.godot/exported/133200997/export-e8a5fd626affe5301566f6d009fd1a72-Chest.scn[39m[0m
[  68% ] [90m[1msavepack[22m | Storing File: res://.godot/exported/133200997/export-7a453cae6d78622bdef876248f89db20-WeaponPickup.scn[39m[0m
[  68% ] [90m[1msavepack[22m | Storing File: res://.godot/exported/133200997/export-d988aa7d0921b09d1bcaf67a876d93ed-HeroShotLab.scn[39m[0m
[  68% ] [90m[1msavepack[22m | Storing File: res://.godot/exported/133200997/export-b36a5c5047448206ce091cb9f463635f-StabilityDolly.scn[39m[0m
[  68% ] [90m[1msavepack[22m | Storing File: res://.godot/exported/133200997/export-a4e9bb150591131ae307f440fab940ce-Player.scn[39m[0m
[  68% ] [90m[1msavepack[22m | Storing File: res://.godot/exported/133200997/export-00cee504cefddaf35f763c517036aa91-AssetCalibration.scn[39m[0m
[  68% ] [90m[1msavepack[22m | Storing File: res://.godot/exported/133200997/export-f6499c5c047a27676ad1390f51fec86b-AssetGallery.scn[39m[0m
[  68% ] [90m[1msavepack[22m | Storing File: res://.godot/exported/133200997/export-8a95aa287e6e38a4ecfe95342d0fbf06-BestiaryLineup.scn[39m[0m
[  68% ] [90m[1msavepack[22m | Storing File: res://.godot/exported/133200997/export-8e930328f308c85d5b32e0a10eaad97e-CharacterTurntable.scn[39m[0m
[  69% ] [90m[1msavepack[22m | Storing File: res://.godot/exported/133200997/export-66596615ebe40b41c7ee1b0e84fc0109-CombatDummy.scn[39m[0m
[  69% ] [90m[1msavepack[22m | Storing File: res://.godot/exported/133200997/export-4a9729a5dc9ec271db4ec8675875e5e9-CombatLab.scn[39m[0m
[  69% ] [90m[1msavepack[22m | Storing File: res://.godot/exported/133200997/export-2779a61b36308272cdb38d1f0c696e8f-InputAudit.scn[39m[0m
[  69% ] [90m[1msavepack[22m | Storing File: res://.godot/exported/133200997/export-9fbe45e6dafed6619746315ccc113bc7-PhysicsSandbox.scn[39m[0m
[  69% ] [90m[1msavepack[22m | Storing File: res://.godot/exported/133200997/export-ace43719354ecd97a420eecef0751f2b-PipelineLab.scn[39m[0m
[  69% ] [90m[1msavepack[22m | Storing File: res://.godot/exported/133200997/export-c5a2339bf814cff043758006bde58b45-ResonanceLab.scn[39m[0m
[  69% ] [90m[1msavepack[22m | Storing File: res://.godot/exported/133200997/export-76666b29a5ef963905d54d5691515807-RewardAnchorShot.scn[39m[0m
[  69% ] [90m[1msavepack[22m | Storing File: res://.godot/exported/133200997/export-6d191ad701107c53f49a014bff9e7d45-SilhouetteLineup.scn[39m[0m
[  70% ] [90m[1msavepack[22m | Storing File: res://.godot/exported/133200997/export-83e355894dadff73a64360e487461d03-TraversalCourse.scn[39m[0m
[  70% ] [90m[1msavepack[22m | Storing File: res://.godot/exported/133200997/export-649883983ae63e4ca75ae2da1241f65b-TraversalPlayground.scn[39m[0m
[  70% ] [90m[1msavepack[22m | Storing File: res://.godot/exported/133200997/export-5f378abd65111599d0c266410ed56250-TraversalSandbox.scn[39m[0m
[  70% ] [90m[1msavepack[22m | Storing File: res://.godot/exported/133200997/export-cdd33de46995fc067cba548d3c1e6f0d-VillageShot.scn[39m[0m
[  70% ] [90m[1msavepack[22m | Storing File: res://.godot/exported/133200997/export-18dba49c044d01633745404357a2e791-GameplayShell.scn[39m[0m
[  70% ] [90m[1msavepack[22m | Storing File: res://.godot/exported/133200997/export-99174fb0fd2492fee0dd7d5ca3b0e3c8-MainMenu.scn[39m[0m
[  70% ] [90m[1msavepack[22m | Storing File: res://.godot/exported/133200997/export-2ab3515787efa40612cf72a355871c9b-VictoryScreen.scn[39m[0m
[  71% ] [90m[1msavepack[22m | Storing File: res://.godot/exported/133200997/export-adf0ac3553e74417c8a42fb45b4b1c56-ConductiveBlade.scn[39m[0m
[  71% ] [90m[1msavepack[22m | Storing File: res://.godot/exported/133200997/export-6e2b4074deaccc5fd40b133a3f6898f7-HeavyAxe.scn[39m[0m
[  71% ] [90m[1msavepack[22m | Storing File: res://.godot/exported/133200997/export-f4d432cc70622e36476013bcd59625f1-SimpleBow.scn[39m[0m
[  71% ] [90m[1msavepack[22m | Storing File: res://.godot/exported/133200997/export-df35673bdd08094ae813db9f5d173ff3-Spear.scn[39m[0m
[  71% ] [90m[1msavepack[22m | Storing File: res://.godot/exported/133200997/export-16a1b2897d983ec33be9460429b1b5a1-WeaponShowcase.scn[39m[0m
[  71% ] [90m[1msavepack[22m | Storing File: res://.godot/exported/133200997/export-7bbb959e31a70607d3f9a76e063dc7ce-WoodClub.scn[39m[0m
[  71% ] [90m[1msavepack[22m | Storing File: res://.godot/exported/133200997/export-5a58e1360da82dc75ee582e9432b4119-WornSword.scn[39m[0m
[  71% ] [90m[1msavepack[22m | Storing File: res://.godot/exported/133200997/export-aabb42e7979411c85c64eae978b6131b-CitadelVestibule.scn[39m[0m
[  72% ] [90m[1msavepack[22m | Storing File: res://.godot/exported/133200997/export-8ce8c29d1de566d9cf4557a460dc703d-ValleyWorld.scn[39m[0m
[  72% ] [90m[1msavepack[22m | Storing File: res://.godot/exported/133200997/export-d7404c9c4b8e1f6db792f39aa12d84f6-valley_navmesh.res[39m[0m
[  72% ] [90m[1msavepack[22m | Storing File: res://.godot/exported/133200997/export-8c4ea2d01a68b0d70c53fd027d673bb3-valley_navmesh_large.res[39m[0m
[  72% ] [90m[1msavepack[22m | Storing File: res://.godot/exported/133200997/export-8e4310d9e10f39ed6b6d0af6befeb68e-TrainingGrounds.scn[39m[0m
[  72% ] [90m[1msavepack[22m | Storing File: res://.godot/exported/133200997/export-3dbda5b985f32f93e2af073a44c23e4d-ResonancePylon.scn[39m[0m
[  72% ] [90m[1msavepack[22m | Storing File: res://.godot/exported/133200997/export-ba37601c10af900e4ddfc677f97a7a20-AbandonedFarmPlace.scn[39m[0m
[  72% ] [90m[1msavepack[22m | Storing File: res://.godot/exported/133200997/export-45b6886813b262f29a0e67a82be30501-BarrowCemeteryPlace.scn[39m[0m
[  72% ] [90m[1msavepack[22m | Storing File: res://.godot/exported/133200997/export-406a058a5a89cecd6007e4e0006b87e8-CampCheckpointPlace.scn[39m[0m
[  73% ] [90m[1msavepack[22m | Storing File: res://.godot/exported/133200997/export-2906065ce53d253216a9ceeba2ac7a9f-ConductiveBasinPlace.scn[39m[0m
[  73% ] [90m[1msavepack[22m | Storing File: res://.godot/exported/133200997/export-0d64fbd001f7070089d359b2cdda61f2-EmberRaiderCampPlace.scn[39m[0m
[  73% ] [90m[1msavepack[22m | Storing File: res://.godot/exported/133200997/export-88fa04df14b08ce13aedda456e175cbd-FlowerFieldPlace.scn[39m[0m
[  73% ] [90m[1msavepack[22m | Storing File: res://.godot/exported/133200997/export-bf047e9ec7e41f2aefebd187e536d688-ForestShrinePlace.scn[39m[0m
[  73% ] [90m[1msavepack[22m | Storing File: res://.godot/exported/133200997/export-9accd58a6e0ff134dde31a3bf145d6cf-OverlookSummitPlace.scn[39m[0m
[  73% ] [90m[1msavepack[22m | Storing File: res://.godot/exported/133200997/export-f8b64523e8229a1257afc01550a397b8-RiversideVillagePlace.scn[39m[0m
[  73% ] [90m[1msavepack[22m | Storing File: res://.godot/exported/133200997/export-11a7f06bed26a5f836f1dbd854943cbd-StoneBridgePlace.scn[39m[0m
[  73% ] [90m[1msavepack[22m | Storing File: res://.godot/exported/133200997/export-6626371fc71f399f8e80da3b3335b0f2-ThunderstruckTreePlace.scn[39m[0m
[  74% ] [90m[1msavepack[22m | Storing File: res://.godot/exported/133200997/export-f3bf96951925c4cb8e3fe9cbdbae290f-TurquoiseSpringPlace.scn[39m[0m
[  74% ] [90m[1msavepack[22m | Storing File: res://.godot/exported/133200997/export-845456ff44235a0ebad2aeaff65ba661-WatchtowerRuinPlace.scn[39m[0m
[  74% ] [90m[1msavepack[22m | Storing File: res://.godot/exported/133200997/export-212fa242a2207edb90d903e8ac392f0d-WaterfallCavePlace.scn[39m[0m
[  74% ] [90m[1msavepack[22m | Storing File: res://.godot/exported/133200997/export-4324f71f4ccd5d0d5411f80cfb7dc4aa-WorldV2.scn[39m[0m
[  74% ] [90m[1msavepack[22m | Storing File: res://.godot/exported/133200997/export-a5d64b81497c4c92a97200b6d41cd83f-WorldV2Bootstrap.scn[39m[0m
[  74% ] [90m[1msavepack[22m | Storing File: res://scripts/ai/utility_brain.gdc[39m[0m
[  74% ] [90m[1msavepack[22m | Storing File: res://scripts/art/painterly_recipe.gdc[39m[0m
[  74% ] [90m[1msavepack[22m | Storing File: res://scripts/boss/boss_arena.gdc[39m[0m
[  75% ] [90m[1msavepack[22m | Storing File: res://scripts/boss/boss_director.gdc[39m[0m
[  75% ] [90m[1msavepack[22m | Storing File: res://scripts/boss/grounding_pylon.gdc[39m[0m
[  75% ] [90m[1msavepack[22m | Storing File: res://scripts/boss/guardian_visual.gdc[39m[0m
[  75% ] [90m[1msavepack[22m | Storing File: res://scripts/boss/lightning_strike.gdc[39m[0m
[  75% ] [90m[1msavepack[22m | Storing File: res://scripts/boss/storm_guardian.gdc[39m[0m
[  75% ] [90m[1msavepack[22m | Storing File: res://scripts/characters/character_anim_set.gdc[39m[0m
[  75% ] [90m[1msavepack[22m | Storing File: res://scripts/characters/character_model_sockets.gdc[39m[0m
[  76% ] [90m[1msavepack[22m | Storing File: res://scripts/characters/character_visual.gdc[39m[0m
[  76% ] [90m[1msavepack[22m | Storing File: res://scripts/combat/arrow_projectile.gdc[39m[0m
[  76% ] [90m[1msavepack[22m | Storing File: res://scripts/combat/attack_controller.gdc[39m[0m
[  76% ] [90m[1msavepack[22m | Storing File: res://scripts/combat/bow_component.gdc[39m[0m
[  76% ] [90m[1msavepack[22m | Storing File: res://scripts/combat/damage_event.gdc[39m[0m
[  76% ] [90m[1msavepack[22m | Storing File: res://scripts/combat/damage_formula.gdc[39m[0m
[  76% ] [90m[1msavepack[22m | Storing File: res://scripts/combat/weapon_model.gdc[39m[0m
[  76% ] [90m[1msavepack[22m | Storing File: res://scripts/components/action_alignment_component.gdc[39m[0m
[  77% ] [90m[1msavepack[22m | Storing File: res://scripts/components/climbing_component.gdc[39m[0m
[  77% ] [90m[1msavepack[22m | Storing File: res://scripts/components/health_component.gdc[39m[0m
[  77% ] [90m[1msavepack[22m | Storing File: res://scripts/components/hitbox_component.gdc[39m[0m
[  77% ] [90m[1msavepack[22m | Storing File: res://scripts/components/hurtbox_component.gdc[39m[0m
[  77% ] [90m[1msavepack[22m | Storing File: res://scripts/components/input_intent.gdc[39m[0m
[  77% ] [90m[1msavepack[22m | Storing File: res://scripts/components/inventory_component.gdc[39m[0m
[  77% ] [90m[1msavepack[22m | Storing File: res://scripts/components/ledge_detector_component.gdc[39m[0m
[  77% ] [90m[1msavepack[22m | Storing File: res://scripts/components/lock_on_component.gdc[39m[0m
[  78% ] [90m[1msavepack[22m | Storing File: res://scripts/components/player_input_reader.gdc[39m[0m
[  78% ] [90m[1msavepack[22m | Storing File: res://scripts/components/poise_component.gdc[39m[0m
[  78% ] [90m[1msavepack[22m | Storing File: res://scripts/components/posture_component.gdc[39m[0m
[  78% ] [90m[1msavepack[22m | Storing File: res://scripts/components/stamina_component.gdc[39m[0m
[  78% ] [90m[1msavepack[22m | Storing File: res://scripts/components/status_effect_component.gdc[39m[0m
[  78% ] [90m[1msavepack[22m | Storing File: res://scripts/cooking/recipe_rules.gdc[39m[0m
[  78% ] [90m[1msavepack[22m | Storing File: res://scripts/core/asset_registry.gdc[39m[0m
[  78% ] [90m[1msavepack[22m | Storing File: res://scripts/core/audio_manager.gdc[39m[0m
[  79% ] [90m[1msavepack[22m | Storing File: res://scripts/core/boot.gdc[39m[0m
[  79% ] [90m[1msavepack[22m | Storing File: res://scripts/core/event_bus.gdc[39m[0m
[  79% ] [90m[1msavepack[22m | Storing File: res://scripts/core/game_state.gdc[39m[0m
[  79% ] [90m[1msavepack[22m | Storing File: res://scripts/core/latency_probe.gdc[39m[0m
[  79% ] [90m[1msavepack[22m | Storing File: res://scripts/core/scene_flow.gdc[39m[0m
[  79% ] [90m[1msavepack[22m | Storing File: res://scripts/core/static_resource_caches.gdc[39m[0m
[  79% ] [90m[1msavepack[22m | Storing File: res://scripts/core/user_settings.gdc[39m[0m
[  80% ] [90m[1msavepack[22m | Storing File: res://scripts/dungeon/antechamber.gdc[39m[0m
[  80% ] [90m[1msavepack[22m | Storing File: res://scripts/dungeon/carryable_object.gdc[39m[0m
[  80% ] [90m[1msavepack[22m | Storing File: res://scripts/dungeon/central_hall.gdc[39m[0m
[  80% ] [90m[1msavepack[22m | Storing File: res://scripts/dungeon/dungeon_room.gdc[39m[0m
[  80% ] [90m[1msavepack[22m | Storing File: res://scripts/dungeon/elevator_platform.gdc[39m[0m
[  80% ] [90m[1msavepack[22m | Storing File: res://scripts/dungeon/object_socket.gdc[39m[0m
[  80% ] [90m[1msavepack[22m | Storing File: res://scripts/dungeon/portable_battery.gdc[39m[0m
[  80% ] [90m[1msavepack[22m | Storing File: res://scripts/dungeon/pushable_block.gdc[39m[0m
[  81% ] [90m[1msavepack[22m | Storing File: res://scripts/dungeon/puzzle_hint_tracker.gdc[39m[0m
[  81% ] [90m[1msavepack[22m | Storing File: res://scripts/dungeon/reset_button.gdc[39m[0m
[  81% ] [90m[1msavepack[22m | Storing File: res://scripts/dungeon/room1_initiation.gdc[39m[0m
[  81% ] [90m[1msavepack[22m | Storing File: res://scripts/dungeon/room2_vertical.gdc[39m[0m
[  81% ] [90m[1msavepack[22m | Storing File: res://scripts/dungeon/room3_relays.gdc[39m[0m
[  81% ] [90m[1msavepack[22m | Storing File: res://scripts/dungeon/room4_battery.gdc[39m[0m
[  81% ] [90m[1msavepack[22m | Storing File: res://scripts/dungeon/room_dressing.gdc[39m[0m
[  81% ] [90m[1msavepack[22m | Storing File: res://scripts/electricity/electric_debug_overlay.gdc[39m[0m
[  82% ] [90m[1msavepack[22m | Storing File: res://scripts/electricity/electric_door.gdc[39m[0m
[  82% ] [90m[1msavepack[22m | Storing File: res://scripts/electricity/electric_graph.gdc[39m[0m
[  82% ] [90m[1msavepack[22m | Storing File: res://scripts/electricity/electric_hazard.gdc[39m[0m
[  82% ] [90m[1msavepack[22m | Storing File: res://scripts/electricity/electric_node.gdc[39m[0m
[  82% ] [90m[1msavepack[22m | Storing File: res://scripts/electricity/electric_relay.gdc[39m[0m
[  82% ] [90m[1msavepack[22m | Storing File: res://scripts/electricity/electric_switch.gdc[39m[0m
[  82% ] [90m[1msavepack[22m | Storing File: res://scripts/electricity/electric_visual.gdc[39m[0m
[  82% ] [90m[1msavepack[22m | Storing File: res://scripts/electricity/receiver_ring.gdc[39m[0m
[  83% ] [90m[1msavepack[22m | Storing File: res://scripts/enemies/centaur_hunter.gdc[39m[0m
[  83% ] [90m[1msavepack[22m | Storing File: res://scripts/enemies/combat_coordinator.gdc[39m[0m
[  83% ] [90m[1msavepack[22m | Storing File: res://scripts/enemies/enemy_base.gdc[39m[0m
[  83% ] [90m[1msavepack[22m | Storing File: res://scripts/enemies/noise_events.gdc[39m[0m
[  83% ] [90m[1msavepack[22m | Storing File: res://scripts/enemies/raider_black.gdc[39m[0m
[  83% ] [90m[1msavepack[22m | Storing File: res://scripts/enemies/raider_blue.gdc[39m[0m
[  83% ] [90m[1msavepack[22m | Storing File: res://scripts/enemies/raider_red.gdc[39m[0m
[  83% ] [90m[1msavepack[22m | Storing File: res://scripts/enemies/ravine_troll.gdc[39m[0m
[  84% ] [90m[1msavepack[22m | Storing File: res://scripts/enemies/shockwave_ring.gdc[39m[0m
[  84% ] [90m[1msavepack[22m | Storing File: res://scripts/interaction/campfire.gdc[39m[0m
[  84% ] [90m[1msavepack[22m | Storing File: res://scripts/interaction/chest.gdc[39m[0m
[  84% ] [90m[1msavepack[22m | Storing File: res://scripts/interaction/fragment_pickup.gdc[39m[0m
[  84% ] [90m[1msavepack[22m | Storing File: res://scripts/interaction/ingredient_pickup.gdc[39m[0m
[  84% ] [90m[1msavepack[22m | Storing File: res://scripts/interaction/scene_door.gdc[39m[0m
[  84% ] [90m[1msavepack[22m | Storing File: res://scripts/interaction/story_fragment.gdc[39m[0m
[  85% ] [90m[1msavepack[22m | Storing File: res://scripts/interaction/weapon_pickup.gdc[39m[0m
[  85% ] [90m[1msavepack[22m | Storing File: res://scripts/inventory/weapon_instance.gdc[39m[0m
[  85% ] [90m[1msavepack[22m | Storing File: res://scripts/lookdev/hero_shot_lab.gdc[39m[0m
[  85% ] [90m[1msavepack[22m | Storing File: res://scripts/lookdev/stability_dolly.gdc[39m[0m
[  85% ] [90m[1msavepack[22m | Storing File: res://scripts/player/camera_rig.gdc[39m[0m
[  85% ] [90m[1msavepack[22m | Storing File: res://scripts/player/hero_signs.gdc[39m[0m
[  85% ] [90m[1msavepack[22m | Storing File: res://scripts/player/player_controller.gdc[39m[0m
[  85% ] [90m[1msavepack[22m | Storing File: res://scripts/player/player_visual_driver.gdc[39m[0m
[  86% ] [90m[1msavepack[22m | Storing File: res://scripts/reaction/element_packet.gdc[39m[0m
[  86% ] [90m[1msavepack[22m | Storing File: res://scripts/reaction/material_profile.gdc[39m[0m
[  86% ] [90m[1msavepack[22m | Storing File: res://scripts/reaction/material_state_component.gdc[39m[0m
[  86% ] [90m[1msavepack[22m | Storing File: res://scripts/reaction/reaction_system.gdc[39m[0m
[  86% ] [90m[1msavepack[22m | Storing File: res://scripts/reaction/resonance_controller.gdc[39m[0m
[  86% ] [90m[1msavepack[22m | Storing File: res://scripts/reaction/resonance_link_node.gdc[39m[0m
[  86% ] [90m[1msavepack[22m | Storing File: res://scripts/reaction/resonance_target_component.gdc[39m[0m
[  86% ] [90m[1msavepack[22m | Storing File: res://scripts/reaction/water_matter_component.gdc[39m[0m
[  87% ] [90m[1msavepack[22m | Storing File: res://scripts/save/save_system.gdc[39m[0m
[  87% ] [90m[1msavepack[22m | Storing File: res://scripts/tools/asset_calibration.gdc[39m[0m
[  87% ] [90m[1msavepack[22m | Storing File: res://scripts/tools/asset_gallery.gdc[39m[0m
[  87% ] [90m[1msavepack[22m | Storing File: res://scripts/tools/bestiary_lineup.gdc[39m[0m
[  87% ] [90m[1msavepack[22m | Storing File: res://scripts/tools/character_turntable.gdc[39m[0m
[  87% ] [90m[1msavepack[22m | Storing File: res://scripts/tools/combat_dummy.gdc[39m[0m
[  87% ] [90m[1msavepack[22m | Storing File: res://scripts/tools/combat_lab.gdc[39m[0m
[  87% ] [90m[1msavepack[22m | Storing File: res://scripts/tools/dev_fly_mode.gdc[39m[0m
[  88% ] [90m[1msavepack[22m | Storing File: res://scripts/tools/dev_mode.gdc[39m[0m
[  88% ] [90m[1msavepack[22m | Storing File: res://scripts/tools/dev_recorder.gdc[39m[0m
[  88% ] [90m[1msavepack[22m | Storing File: res://scripts/tools/input_audit.gdc[39m[0m
[  88% ] [90m[1msavepack[22m | Storing File: res://scripts/tools/lab_overlay.gdc[39m[0m
[  88% ] [90m[1msavepack[22m | Storing File: res://scripts/tools/latency_instrument.gdc[39m[0m
[  88% ] [90m[1msavepack[22m | Storing File: res://scripts/tools/resonance_lab.gdc[39m[0m
[  88% ] [90m[1msavepack[22m | Storing File: res://scripts/tools/reward_anchor_shot.gdc[39m[0m
[  88% ] [90m[1msavepack[22m | Storing File: res://scripts/tools/silhouette_lineup.gdc[39m[0m
[  89% ] [90m[1msavepack[22m | Storing File: res://scripts/tools/traversal_playground.gdc[39m[0m
[  89% ] [90m[1msavepack[22m | Storing File: res://scripts/tools/village_shot.gdc[39m[0m
[  89% ] [90m[1msavepack[22m | Storing File: res://scripts/tools/weapon_showcase.gdc[39m[0m
[  89% ] [90m[1msavepack[22m | Storing File: res://scripts/ui/gameplay_shell.gdc[39m[0m
[  89% ] [90m[1msavepack[22m | Storing File: res://scripts/ui/hud_style.gdc[39m[0m
[  89% ] [90m[1msavepack[22m | Storing File: res://scripts/ui/main_menu.gdc[39m[0m
[  89% ] [90m[1msavepack[22m | Storing File: res://scripts/ui/options_panel.gdc[39m[0m
[  90% ] [90m[1msavepack[22m | Storing File: res://scripts/ui/resonance_overlay.gdc[39m[0m
[  90% ] [90m[1msavepack[22m | Storing File: res://scripts/ui/victory_screen.gdc[39m[0m
[  90% ] [90m[1msavepack[22m | Storing File: res://scripts/world/props/awning_tent.gdc[39m[0m
[  90% ] [90m[1msavepack[22m | Storing File: res://scripts/world/props/campfire_prop.gdc[39m[0m
[  90% ] [90m[1msavepack[22m | Storing File: res://scripts/world/camp_smoke.gdc[39m[0m
[  90% ] [90m[1msavepack[22m | Storing File: res://scripts/world/citadel_vestibule.gdc[39m[0m
[  90% ] [90m[1msavepack[22m | Storing File: res://scripts/world/conductive_basin.gdc[39m[0m
[  90% ] [90m[1msavepack[22m | Storing File: res://scripts/world/discovery_log.gdc[39m[0m
[  91% ] [90m[1msavepack[22m | Storing File: res://scripts/world/discovery_rewards.gdc[39m[0m
[  91% ] [90m[1msavepack[22m | Storing File: res://scripts/world/hamlets.gdc[39m[0m
[  91% ] [90m[1msavepack[22m | Storing File: res://scripts/world/kit_placement.gdc[39m[0m
[  91% ] [90m[1msavepack[22m | Storing File: res://scripts/world/kit_scale.gdc[39m[0m
[  91% ] [90m[1msavepack[22m | Storing File: res://scripts/world/magnetic_bridge.gdc[39m[0m
[  91% ] [90m[1msavepack[22m | Storing File: res://scripts/world/mount.gdc[39m[0m
[  91% ] [90m[1msavepack[22m | Storing File: res://scripts/world/point_of_interest.gdc[39m[0m
[  91% ] [90m[1msavepack[22m | Storing File: res://scripts/world/reward_anchor.gdc[39m[0m
[  92% ] [90m[1msavepack[22m | Storing File: res://scripts/world/reward_anchor_audit.gdc[39m[0m
[  92% ] [90m[1msavepack[22m | Storing File: res://scripts/world/riverside_village.gdc[39m[0m
[  92% ] [90m[1msavepack[22m | Storing File: res://scripts/world/settlement_ground.gdc[39m[0m
[  92% ] [90m[1msavepack[22m | Storing File: res://scripts/world/storm_cell.gdc[39m[0m
[  92% ] [90m[1msavepack[22m | Storing File: res://scripts/world/training_grounds.gdc[39m[0m
[  92% ] [90m[1msavepack[22m | Storing File: res://scripts/world/valley_caves.gdc[39m[0m
[  92% ] [90m[1msavepack[22m | Storing File: res://scripts/world/valley_landmarks.gdc[39m[0m
[  92% ] [90m[1msavepack[22m | Storing File: res://scripts/world/valley_relics.gdc[39m[0m
[  93% ] [90m[1msavepack[22m | Storing File: res://scripts/world/valley_ruins.gdc[39m[0m
[  93% ] [90m[1msavepack[22m | Storing File: res://scripts/world/valley_terrain.gdc[39m[0m
[  93% ] [90m[1msavepack[22m | Storing File: res://scripts/world/valley_territories.gdc[39m[0m
[  93% ] [90m[1msavepack[22m | Storing File: res://scripts/world/valley_undergrounds.gdc[39m[0m
[  93% ] [90m[1msavepack[22m | Storing File: res://scripts/world/valley_wonders.gdc[39m[0m
[  93% ] [90m[1msavepack[22m | Storing File: res://scripts/world/valley_world.gdc[39m[0m
[  93% ] [90m[1msavepack[22m | Storing File: res://scripts/world_v2/poi/abandoned_farm_place.gdc[39m[0m
[  93% ] [90m[1msavepack[22m | Storing File: res://scripts/world_v2/poi/barrow_cemetery_place.gdc[39m[0m
[  94% ] [90m[1msavepack[22m | Storing File: res://scripts/world_v2/poi/camp_checkpoint_place.gdc[39m[0m
[  94% ] [90m[1msavepack[22m | Storing File: res://scripts/world_v2/poi/conductive_basin_place.gdc[39m[0m
[  94% ] [90m[1msavepack[22m | Storing File: res://scripts/world_v2/poi/ember_raider_camp_place.gdc[39m[0m
[  94% ] [90m[1msavepack[22m | Storing File: res://scripts/world_v2/poi/flower_field_place.gdc[39m[0m
[  94% ] [90m[1msavepack[22m | Storing File: res://scripts/world_v2/poi/forest_shrine_place.gdc[39m[0m
[  94% ] [90m[1msavepack[22m | Storing File: res://scripts/world_v2/poi/overlook_summit_place.gdc[39m[0m
[  94% ] [90m[1msavepack[22m | Storing File: res://scripts/world_v2/poi/resonance_pylon_landmark.gdc[39m[0m
[  95% ] [90m[1msavepack[22m | Storing File: res://scripts/world_v2/poi/riverside_village_place.gdc[39m[0m
[  95% ] [90m[1msavepack[22m | Storing File: res://scripts/world_v2/poi/stone_bridge_place.gdc[39m[0m
[  95% ] [90m[1msavepack[22m | Storing File: res://scripts/world_v2/poi/thunderstruck_tree_place.gdc[39m[0m
[  95% ] [90m[1msavepack[22m | Storing File: res://scripts/world_v2/poi/turquoise_spring_place.gdc[39m[0m
[  95% ] [90m[1msavepack[22m | Storing File: res://scripts/world_v2/poi/watchtower_ruin_place.gdc[39m[0m
[  95% ] [90m[1msavepack[22m | Storing File: res://scripts/world_v2/poi/waterfall_cave_place.gdc[39m[0m
[  95% ] [90m[1msavepack[22m | Storing File: res://scripts/world_v2/poi/world_v2_place.gdc[39m[0m
[  95% ] [90m[1msavepack[22m | Storing File: res://scripts/world_v2/poi/world_v2_places_builder.gdc[39m[0m
[  96% ] [90m[1msavepack[22m | Storing File: res://scripts/world_v2/poi/world_v2_place_kit.gdc[39m[0m
[  96% ] [90m[1msavepack[22m | Storing File: res://scripts/world_v2/world_ids.gdc[39m[0m
[  96% ] [90m[1msavepack[22m | Storing File: res://scripts/world_v2/world_v2_atmosphere_builder.gdc[39m[0m
[  96% ] [90m[1msavepack[22m | Storing File: res://scripts/world_v2/world_v2_bootstrap.gdc[39m[0m
[  96% ] [90m[1msavepack[22m | Storing File: res://scripts/world_v2/world_v2_borders_builder.gdc[39m[0m
[  96% ] [90m[1msavepack[22m | Storing File: res://scripts/world_v2/world_v2_cameras_builder.gdc[39m[0m
[  96% ] [90m[1msavepack[22m | Storing File: res://scripts/world_v2/world_v2_ground_material.gdc[39m[0m
[  96% ] [90m[1msavepack[22m | Storing File: res://scripts/world_v2/world_v2_heightmap.gdc[39m[0m
[  97% ] [90m[1msavepack[22m | Storing File: res://scripts/world_v2/world_v2_hydrology_builder.gdc[39m[0m
[  97% ] [90m[1msavepack[22m | Storing File: res://scripts/world_v2/world_v2_layout.gdc[39m[0m
[  97% ] [90m[1msavepack[22m | Storing File: res://scripts/world_v2/world_v2_markers_builder.gdc[39m[0m
[  97% ] [90m[1msavepack[22m | Storing File: res://scripts/world_v2/world_v2_root.gdc[39m[0m
[  97% ] [90m[1msavepack[22m | Storing File: res://scripts/world_v2/world_v2_terrain_builder.gdc[39m[0m
[  97% ] [90m[1msavepack[22m | Storing File: res://scripts/world_v2/world_v2_vegetation_builder.gdc[39m[0m
[  97% ] [90m[1msavepack[22m | Storing File: res://shaders/characters/SH_CharacterPainterly.gdshader[39m[0m
[  97% ] [90m[1msavepack[22m | Storing File: res://shaders/characters/SH_CharacterPainterlyCutout.gdshader[39m[0m
[  98% ] [90m[1msavepack[22m | Storing File: res://shaders/foliage/foliage_wind.gdshader[39m[0m
[  98% ] [90m[1msavepack[22m | Storing File: res://shaders/foliage/SH_FoliageWindPainterly.gdshader[39m[0m
[  98% ] [90m[1msavepack[22m | Storing File: res://shaders/world_v2/poi/SH_FlowerFieldSway.gdshader[39m[0m
[  98% ] [90m[1msavepack[22m | Storing File: res://shaders/world_v2/poi/SH_TurquoiseSpringWater.gdshader[39m[0m
[  98% ] [90m[1msavepack[22m | Storing File: res://shaders/world_v2/SH_WorldV2Ground.gdshader[39m[0m
[  98% ] [90m[1msavepack[22m | Storing File: res://shaders/world_v2/SH_WorldV2Sky.gdshader[39m[0m
[  98% ] [90m[1msavepack[22m | Storing File: res://shaders/world_v2/SH_WorldV2Water.gdshader[39m[0m
[  98% ] [90m[1msavepack[22m | Storing File: res://resources/characters/hero_anim_set.tres.remap[39m[0m
[  98% ] [90m[1msavepack[22m | Storing File: res://resources/characters/raider_anim_set.tres.remap[39m[0m
[  98% ] [90m[1msavepack[22m | Storing File: res://resources/combat/axe/heavy_1.tres.remap[39m[0m
[  98% ] [90m[1msavepack[22m | Storing File: res://resources/combat/blade/heavy_1.tres.remap[39m[0m
[  98% ] [90m[1msavepack[22m | Storing File: res://resources/combat/boss/guardian_arc.tres.remap[39m[0m
[  98% ] [90m[1msavepack[22m | Storing File: res://resources/combat/boss/guardian_slam.tres.remap[39m[0m
[  98% ] [90m[1msavepack[22m | Storing File: res://resources/combat/boss/guardian_swipe.tres.remap[39m[0m
[  98% ] [90m[1msavepack[22m | Storing File: res://resources/combat/club/heavy_1.tres.remap[39m[0m
[  98% ] [90m[1msavepack[22m | Storing File: res://resources/combat/hunter/hunter_slash_1.tres.remap[39m[0m
[  98% ] [90m[1msavepack[22m | Storing File: res://resources/combat/hunter/hunter_slash_2.tres.remap[39m[0m
[  98% ] [90m[1msavepack[22m | Storing File: res://resources/combat/raider/club_1.tres.remap[39m[0m
[  98% ] [90m[1msavepack[22m | Storing File: res://resources/combat/raider/mace_1.tres.remap[39m[0m
[  98% ] [90m[1msavepack[22m | Storing File: res://resources/combat/raider/mace_2.tres.remap[39m[0m
[  98% ] [90m[1msavepack[22m | Storing File: res://resources/combat/raider/mace_3.tres.remap[39m[0m
[  98% ] [90m[1msavepack[22m | Storing File: res://resources/combat/raider/spear_thrust.tres.remap[39m[0m
[  98% ] [90m[1msavepack[22m | Storing File: res://resources/combat/spear/heavy_1.tres.remap[39m[0m
[  98% ] [90m[1msavepack[22m | Storing File: res://resources/combat/sword/heavy_1.tres.remap[39m[0m
[  98% ] [90m[1msavepack[22m | Storing File: res://resources/combat/sword/light_1.tres.remap[39m[0m
[  98% ] [90m[1msavepack[22m | Storing File: res://resources/combat/sword/light_2.tres.remap[39m[0m
[  98% ] [90m[1msavepack[22m | Storing File: res://resources/combat/sword/light_3.tres.remap[39m[0m
[  98% ] [90m[1msavepack[22m | Storing File: res://resources/combat/troll/troll_slam.tres.remap[39m[0m
[  98% ] [90m[1msavepack[22m | Storing File: res://resources/combat/troll/troll_sweep.tres.remap[39m[0m
[  98% ] [90m[1msavepack[22m | Storing File: res://resources/combat/troll/troll_vertical.tres.remap[39m[0m
[  98% ] [90m[1msavepack[22m | Storing File: res://resources/combat/attack_definition.gd.remap[39m[0m
[  98% ] [90m[1msavepack[22m | Storing File: res://resources/combat/bow_default.tres.remap[39m[0m
[  98% ] [90m[1msavepack[22m | Storing File: res://resources/combat/bow_tuning.gd.remap[39m[0m
[  98% ] [90m[1msavepack[22m | Storing File: res://resources/combat/dodge_default.tres.remap[39m[0m
[  98% ] [90m[1msavepack[22m | Storing File: res://resources/combat/dodge_definition.gd.remap[39m[0m
[  98% ] [90m[1msavepack[22m | Storing File: res://resources/combat/guard_default.tres.remap[39m[0m
[  98% ] [90m[1msavepack[22m | Storing File: res://resources/combat/hurt_default.tres.remap[39m[0m
[  98% ] [90m[1msavepack[22m | Storing File: res://resources/combat/hurt_tuning.gd.remap[39m[0m
[  98% ] [90m[1msavepack[22m | Storing File: res://resources/enemies/centaur_hunter_default.tres.remap[39m[0m
[  98% ] [90m[1msavepack[22m | Storing File: res://resources/enemies/enemy_tuning.gd.remap[39m[0m
[  98% ] [90m[1msavepack[22m | Storing File: res://resources/enemies/raider_black_default.tres.remap[39m[0m
[  98% ] [90m[1msavepack[22m | Storing File: res://resources/enemies/raider_blue_default.tres.remap[39m[0m
[  98% ] [90m[1msavepack[22m | Storing File: res://resources/enemies/raider_red_default.tres.remap[39m[0m
[  98% ] [90m[1msavepack[22m | Storing File: res://resources/enemies/ravine_troll_default.tres.remap[39m[0m
[  98% ] [90m[1msavepack[22m | Storing File: res://resources/ingredients/defense_root.tres.remap[39m[0m
[  98% ] [90m[1msavepack[22m | Storing File: res://resources/ingredients/heal_fruit.tres.remap[39m[0m
[  98% ] [90m[1msavepack[22m | Storing File: res://resources/ingredients/heal_mushroom.tres.remap[39m[0m
[  98% ] [90m[1msavepack[22m | Storing File: res://resources/ingredients/ingredient_definition.gd.remap[39m[0m
[  98% ] [90m[1msavepack[22m | Storing File: res://resources/ingredients/meat.tres.remap[39m[0m
[  98% ] [90m[1msavepack[22m | Storing File: res://resources/ingredients/rare_spice.tres.remap[39m[0m
[  98% ] [90m[1msavepack[22m | Storing File: res://resources/ingredients/stamina_herb.tres.remap[39m[0m
[  98% ] [90m[1msavepack[22m | Storing File: res://resources/ingredients/storm_berry.tres.remap[39m[0m
[  98% ] [90m[1msavepack[22m | Storing File: res://resources/materials/MAT_PROFILE_bois.tres.remap[39m[0m
[  98% ] [90m[1msavepack[22m | Storing File: res://resources/materials/MAT_PROFILE_ceramique.tres.remap[39m[0m
[  98% ] [90m[1msavepack[22m | Storing File: res://resources/materials/MAT_PROFILE_eau.tres.remap[39m[0m
[  98% ] [90m[1msavepack[22m | Storing File: res://resources/materials/MAT_PROFILE_isolant.tres.remap[39m[0m
[  98% ] [90m[1msavepack[22m | Storing File: res://resources/materials/MAT_PROFILE_metal.tres.remap[39m[0m
[  98% ] [90m[1msavepack[22m | Storing File: res://resources/materials/MAT_PROFILE_organique.tres.remap[39m[0m
[  98% ] [90m[1msavepack[22m | Storing File: res://resources/materials/MAT_PROFILE_pierre.tres.remap[39m[0m
[  98% ] [90m[1msavepack[22m | Storing File: res://resources/materials/MAT_PROFILE_terre_conductrice.tres.remap[39m[0m
[  98% ] [90m[1msavepack[22m | Storing File: res://resources/tuning/climb_default.tres.remap[39m[0m
[  98% ] [90m[1msavepack[22m | Storing File: res://resources/tuning/climb_tuning.gd.remap[39m[0m
[  98% ] [90m[1msavepack[22m | Storing File: res://resources/tuning/guard_tuning.gd.remap[39m[0m
[  98% ] [90m[1msavepack[22m | Storing File: res://resources/tuning/locomotion_default.tres.remap[39m[0m
[  98% ] [90m[1msavepack[22m | Storing File: res://resources/tuning/locomotion_tuning.gd.remap[39m[0m
[  98% ] [90m[1msavepack[22m | Storing File: res://resources/tuning/stamina_default.tres.remap[39m[0m
[  98% ] [90m[1msavepack[22m | Storing File: res://resources/tuning/stamina_tuning.gd.remap[39m[0m
[  98% ] [90m[1msavepack[22m | Storing File: res://resources/weapons/conductive_blade.tres.remap[39m[0m
[  98% ] [90m[1msavepack[22m | Storing File: res://resources/weapons/heavy_axe.tres.remap[39m[0m
[  98% ] [90m[1msavepack[22m | Storing File: res://resources/weapons/simple_bow.tres.remap[39m[0m
[  98% ] [90m[1msavepack[22m | Storing File: res://resources/weapons/spear.tres.remap[39m[0m
[  98% ] [90m[1msavepack[22m | Storing File: res://resources/weapons/weapon_definition.gd.remap[39m[0m
[  98% ] [90m[1msavepack[22m | Storing File: res://resources/weapons/wood_club.tres.remap[39m[0m
[  98% ] [90m[1msavepack[22m | Storing File: res://resources/weapons/worn_sword.tres.remap[39m[0m
[  98% ] [90m[1msavepack[22m | Storing File: res://resources/world_v2/nav/world_v2_navmesh_q0.tres.remap[39m[0m
[  98% ] [90m[1msavepack[22m | Storing File: res://resources/world_v2/nav/world_v2_navmesh_q1.tres.remap[39m[0m
[  98% ] [90m[1msavepack[22m | Storing File: res://resources/world_v2/nav/world_v2_navmesh_q2.tres.remap[39m[0m
[  98% ] [90m[1msavepack[22m | Storing File: res://resources/world_v2/nav/world_v2_navmesh_q3.tres.remap[39m[0m
[  98% ] [90m[1msavepack[22m | Storing File: res://scenes/boot/Boot.tscn.remap[39m[0m
[  98% ] [90m[1msavepack[22m | Storing File: res://scenes/boss/BossArena.tscn.remap[39m[0m
[  98% ] [90m[1msavepack[22m | Storing File: res://scenes/boss/GuardianVisual.tscn.remap[39m[0m
[  98% ] [90m[1msavepack[22m | Storing File: res://scenes/boss/StormGuardian.tscn.remap[39m[0m
[  98% ] [90m[1msavepack[22m | Storing File: res://scenes/characters/CentaurHunterVisual.tscn.remap[39m[0m
[  98% ] [90m[1msavepack[22m | Storing File: res://scenes/characters/HeroVisual.tscn.remap[39m[0m
[  98% ] [90m[1msavepack[22m | Storing File: res://scenes/characters/RaiderBlackVisual.tscn.remap[39m[0m
[  98% ] [90m[1msavepack[22m | Storing File: res://scenes/characters/RaiderBlueVisual.tscn.remap[39m[0m
[  98% ] [90m[1msavepack[22m | Storing File: res://scenes/characters/RaiderRedVisual.tscn.remap[39m[0m
[  98% ] [90m[1msavepack[22m | Storing File: res://scenes/characters/RavineTrollVisual.tscn.remap[39m[0m
[  98% ] [90m[1msavepack[22m | Storing File: res://scenes/dungeon/rooms/Antechamber.tscn.remap[39m[0m
[  98% ] [90m[1msavepack[22m | Storing File: res://scenes/dungeon/rooms/CentralHall.tscn.remap[39m[0m
[  98% ] [90m[1msavepack[22m | Storing File: res://scenes/dungeon/rooms/Room1Initiation.tscn.remap[39m[0m
[  98% ] [90m[1msavepack[22m | Storing File: res://scenes/dungeon/rooms/Room2Vertical.tscn.remap[39m[0m
[  98% ] [90m[1msavepack[22m | Storing File: res://scenes/dungeon/rooms/Room3Relays.tscn.remap[39m[0m
[  98% ] [90m[1msavepack[22m | Storing File: res://scenes/dungeon/rooms/Room4Battery.tscn.remap[39m[0m
[  98% ] [90m[1msavepack[22m | Storing File: res://scenes/enemies/CentaurHunter.tscn.remap[39m[0m
[  98% ] [90m[1msavepack[22m | Storing File: res://scenes/enemies/RaiderBlack.tscn.remap[39m[0m
[  98% ] [90m[1msavepack[22m | Storing File: res://scenes/enemies/RaiderBlue.tscn.remap[39m[0m
[  98% ] [90m[1msavepack[22m | Storing File: res://scenes/enemies/RaiderRed.tscn.remap[39m[0m
[  98% ] [90m[1msavepack[22m | Storing File: res://scenes/enemies/RavineTroll.tscn.remap[39m[0m
[  98% ] [90m[1msavepack[22m | Storing File: res://scenes/environment/Barrel.tscn.remap[39m[0m
[  98% ] [90m[1msavepack[22m | Storing File: res://scenes/environment/Bush.tscn.remap[39m[0m
[  98% ] [90m[1msavepack[22m | Storing File: res://scenes/environment/Campfire.tscn.remap[39m[0m
[  98% ] [90m[1msavepack[22m | Storing File: res://scenes/environment/ChestModel.tscn.remap[39m[0m
[  98% ] [90m[1msavepack[22m | Storing File: res://scenes/environment/ColumnModule.tscn.remap[39m[0m
[  98% ] [90m[1msavepack[22m | Storing File: res://scenes/environment/Crate.tscn.remap[39m[0m
[  98% ] [90m[1msavepack[22m | Storing File: res://scenes/environment/GateModule.tscn.remap[39m[0m
[  98% ] [90m[1msavepack[22m | Storing File: res://scenes/environment/PebbleA.tscn.remap[39m[0m
[  98% ] [90m[1msavepack[22m | Storing File: res://scenes/environment/PebbleB.tscn.remap[39m[0m
[  98% ] [90m[1msavepack[22m | Storing File: res://scenes/environment/PebbleC.tscn.remap[39m[0m
[  98% ] [90m[1msavepack[22m | Storing File: res://scenes/environment/RockLarge.tscn.remap[39m[0m
[  98% ] [90m[1msavepack[22m | Storing File: res://scenes/environment/RockMedium.tscn.remap[39m[0m
[  98% ] [90m[1msavepack[22m | Storing File: res://scenes/environment/Tent.tscn.remap[39m[0m
[  98% ] [90m[1msavepack[22m | Storing File: res://scenes/environment/TreeLarge.tscn.remap[39m[0m
[  98% ] [90m[1msavepack[22m | Storing File: res://scenes/environment/TreeMedium.tscn.remap[39m[0m
[  98% ] [90m[1msavepack[22m | Storing File: res://scenes/environment/WallModule.tscn.remap[39m[0m
[  98% ] [90m[1msavepack[22m | Storing File: res://scenes/interactables/Chest.tscn.remap[39m[0m
[  98% ] [90m[1msavepack[22m | Storing File: res://scenes/interactables/WeaponPickup.tscn.remap[39m[0m
[  98% ] [90m[1msavepack[22m | Storing File: res://scenes/lookdev/HeroShotLab.tscn.remap[39m[0m
[  98% ] [90m[1msavepack[22m | Storing File: res://scenes/lookdev/StabilityDolly.tscn.remap[39m[0m
[  98% ] [90m[1msavepack[22m | Storing File: res://scenes/player/Player.tscn.remap[39m[0m
[  98% ] [90m[1msavepack[22m | Storing File: res://scenes/tests/AssetCalibration.tscn.remap[39m[0m
[  98% ] [90m[1msavepack[22m | Storing File: res://scenes/tests/AssetGallery.tscn.remap[39m[0m
[  98% ] [90m[1msavepack[22m | Storing File: res://scenes/tests/BestiaryLineup.tscn.remap[39m[0m
[  98% ] [90m[1msavepack[22m | Storing File: res://scenes/tests/CharacterTurntable.tscn.remap[39m[0m
[  98% ] [90m[1msavepack[22m | Storing File: res://scenes/tests/CombatDummy.tscn.remap[39m[0m
[  98% ] [90m[1msavepack[22m | Storing File: res://scenes/tests/CombatLab.tscn.remap[39m[0m
[  98% ] [90m[1msavepack[22m | Storing File: res://scenes/tests/InputAudit.tscn.remap[39m[0m
[  98% ] [90m[1msavepack[22m | Storing File: res://scenes/tests/PhysicsSandbox.tscn.remap[39m[0m
[  98% ] [90m[1msavepack[22m | Storing File: res://scenes/tests/PipelineLab.tscn.remap[39m[0m
[  98% ] [90m[1msavepack[22m | Storing File: res://scenes/tests/ResonanceLab.tscn.remap[39m[0m
[  98% ] [90m[1msavepack[22m | Storing File: res://scenes/tests/RewardAnchorShot.tscn.remap[39m[0m
[  98% ] [90m[1msavepack[22m | Storing File: res://scenes/tests/SilhouetteLineup.tscn.remap[39m[0m
[  98% ] [90m[1msavepack[22m | Storing File: res://scenes/tests/TraversalCourse.tscn.remap[39m[0m
[  98% ] [90m[1msavepack[22m | Storing File: res://scenes/tests/TraversalPlayground.tscn.remap[39m[0m
[  98% ] [90m[1msavepack[22m | Storing File: res://scenes/tests/TraversalSandbox.tscn.remap[39m[0m
[  98% ] [90m[1msavepack[22m | Storing File: res://scenes/tests/VillageShot.tscn.remap[39m[0m
[  98% ] [90m[1msavepack[22m | Storing File: res://scenes/ui/GameplayShell.tscn.remap[39m[0m
[  98% ] [90m[1msavepack[22m | Storing File: res://scenes/ui/MainMenu.tscn.remap[39m[0m
[  98% ] [90m[1msavepack[22m | Storing File: res://scenes/ui/VictoryScreen.tscn.remap[39m[0m
[  98% ] [90m[1msavepack[22m | Storing File: res://scenes/weapons/ConductiveBlade.tscn.remap[39m[0m
[  98% ] [90m[1msavepack[22m | Storing File: res://scenes/weapons/HeavyAxe.tscn.remap[39m[0m
[  98% ] [90m[1msavepack[22m | Storing File: res://scenes/weapons/SimpleBow.tscn.remap[39m[0m
[  98% ] [90m[1msavepack[22m | Storing File: res://scenes/weapons/Spear.tscn.remap[39m[0m
[  98% ] [90m[1msavepack[22m | Storing File: res://scenes/weapons/WeaponShowcase.tscn.remap[39m[0m
[  98% ] [90m[1msavepack[22m | Storing File: res://scenes/weapons/WoodClub.tscn.remap[39m[0m
[  98% ] [90m[1msavepack[22m | Storing File: res://scenes/weapons/WornSword.tscn.remap[39m[0m
[  98% ] [90m[1msavepack[22m | Storing File: res://scenes/world/citadel/CitadelVestibule.tscn.remap[39m[0m
[  98% ] [90m[1msavepack[22m | Storing File: res://scenes/world/valley/ValleyWorld.tscn.remap[39m[0m
[  98% ] [90m[1msavepack[22m | Storing File: res://scenes/world/valley/valley_navmesh.tres.remap[39m[0m
[  98% ] [90m[1msavepack[22m | Storing File: res://scenes/world/valley/valley_navmesh_large.tres.remap[39m[0m
[  98% ] [90m[1msavepack[22m | Storing File: res://scenes/world/TrainingGrounds.tscn.remap[39m[0m
[  98% ] [90m[1msavepack[22m | Storing File: res://scenes/world_v2/landmarks/ResonancePylon.tscn.remap[39m[0m
[  98% ] [90m[1msavepack[22m | Storing File: res://scenes/world_v2/poi/AbandonedFarmPlace.tscn.remap[39m[0m
[  98% ] [90m[1msavepack[22m | Storing File: res://scenes/world_v2/poi/BarrowCemeteryPlace.tscn.remap[39m[0m
[  98% ] [90m[1msavepack[22m | Storing File: res://scenes/world_v2/poi/CampCheckpointPlace.tscn.remap[39m[0m
[  98% ] [90m[1msavepack[22m | Storing File: res://scenes/world_v2/poi/ConductiveBasinPlace.tscn.remap[39m[0m
[  98% ] [90m[1msavepack[22m | Storing File: res://scenes/world_v2/poi/EmberRaiderCampPlace.tscn.remap[39m[0m
[  98% ] [90m[1msavepack[22m | Storing File: res://scenes/world_v2/poi/FlowerFieldPlace.tscn.remap[39m[0m
[  98% ] [90m[1msavepack[22m | Storing File: res://scenes/world_v2/poi/ForestShrinePlace.tscn.remap[39m[0m
[  98% ] [90m[1msavepack[22m | Storing File: res://scenes/world_v2/poi/OverlookSummitPlace.tscn.remap[39m[0m
[  98% ] [90m[1msavepack[22m | Storing File: res://scenes/world_v2/poi/RiversideVillagePlace.tscn.remap[39m[0m
[  98% ] [90m[1msavepack[22m | Storing File: res://scenes/world_v2/poi/StoneBridgePlace.tscn.remap[39m[0m
[  98% ] [90m[1msavepack[22m | Storing File: res://scenes/world_v2/poi/ThunderstruckTreePlace.tscn.remap[39m[0m
[  98% ] [90m[1msavepack[22m | Storing File: res://scenes/world_v2/poi/TurquoiseSpringPlace.tscn.remap[39m[0m
[  98% ] [90m[1msavepack[22m | Storing File: res://scenes/world_v2/poi/WatchtowerRuinPlace.tscn.remap[39m[0m
[  98% ] [90m[1msavepack[22m | Storing File: res://scenes/world_v2/poi/WaterfallCavePlace.tscn.remap[39m[0m
[  98% ] [90m[1msavepack[22m | Storing File: res://scenes/world_v2/WorldV2.tscn.remap[39m[0m
[  98% ] [90m[1msavepack[22m | Storing File: res://scenes/world_v2/WorldV2Bootstrap.tscn.remap[39m[0m
[  98% ] [90m[1msavepack[22m | Storing File: res://scripts/ai/utility_brain.gd.remap[39m[0m
[  98% ] [90m[1msavepack[22m | Storing File: res://scripts/art/painterly_recipe.gd.remap[39m[0m
[  98% ] [90m[1msavepack[22m | Storing File: res://scripts/boss/boss_arena.gd.remap[39m[0m
[  98% ] [90m[1msavepack[22m | Storing File: res://scripts/boss/boss_director.gd.remap[39m[0m
[  98% ] [90m[1msavepack[22m | Storing File: res://scripts/boss/grounding_pylon.gd.remap[39m[0m
[  98% ] [90m[1msavepack[22m | Storing File: res://scripts/boss/guardian_visual.gd.remap[39m[0m
[  98% ] [90m[1msavepack[22m | Storing File: res://scripts/boss/lightning_strike.gd.remap[39m[0m
[  98% ] [90m[1msavepack[22m | Storing File: res://scripts/boss/storm_guardian.gd.remap[39m[0m
[  98% ] [90m[1msavepack[22m | Storing File: res://scripts/characters/character_anim_set.gd.remap[39m[0m
[  98% ] [90m[1msavepack[22m | Storing File: res://scripts/characters/character_model_sockets.gd.remap[39m[0m
[  98% ] [90m[1msavepack[22m | Storing File: res://scripts/characters/character_visual.gd.remap[39m[0m
[  98% ] [90m[1msavepack[22m | Storing File: res://scripts/combat/arrow_projectile.gd.remap[39m[0m
[  98% ] [90m[1msavepack[22m | Storing File: res://scripts/combat/attack_controller.gd.remap[39m[0m
[  98% ] [90m[1msavepack[22m | Storing File: res://scripts/combat/bow_component.gd.remap[39m[0m
[  98% ] [90m[1msavepack[22m | Storing File: res://scripts/combat/damage_event.gd.remap[39m[0m
[  98% ] [90m[1msavepack[22m | Storing File: res://scripts/combat/damage_formula.gd.remap[39m[0m
[  98% ] [90m[1msavepack[22m | Storing File: res://scripts/combat/weapon_model.gd.remap[39m[0m
[  98% ] [90m[1msavepack[22m | Storing File: res://scripts/components/action_alignment_component.gd.remap[39m[0m
[  98% ] [90m[1msavepack[22m | Storing File: res://scripts/components/climbing_component.gd.remap[39m[0m
[  98% ] [90m[1msavepack[22m | Storing File: res://scripts/components/health_component.gd.remap[39m[0m
[  98% ] [90m[1msavepack[22m | Storing File: res://scripts/components/hitbox_component.gd.remap[39m[0m
[  98% ] [90m[1msavepack[22m | Storing File: res://scripts/components/hurtbox_component.gd.remap[39m[0m
[  98% ] [90m[1msavepack[22m | Storing File: res://scripts/components/input_intent.gd.remap[39m[0m
[  98% ] [90m[1msavepack[22m | Storing File: res://scripts/components/inventory_component.gd.remap[39m[0m
[  98% ] [90m[1msavepack[22m | Storing File: res://scripts/components/ledge_detector_component.gd.remap[39m[0m
[  98% ] [90m[1msavepack[22m | Storing File: res://scripts/components/lock_on_component.gd.remap[39m[0m
[  98% ] [90m[1msavepack[22m | Storing File: res://scripts/components/player_input_reader.gd.remap[39m[0m
[  98% ] [90m[1msavepack[22m | Storing File: res://scripts/components/poise_component.gd.remap[39m[0m
[  98% ] [90m[1msavepack[22m | Storing File: res://scripts/components/posture_component.gd.remap[39m[0m
[  98% ] [90m[1msavepack[22m | Storing File: res://scripts/components/stamina_component.gd.remap[39m[0m
[  98% ] [90m[1msavepack[22m | Storing File: res://scripts/components/status_effect_component.gd.remap[39m[0m
[  98% ] [90m[1msavepack[22m | Storing File: res://scripts/cooking/recipe_rules.gd.remap[39m[0m
[  98% ] [90m[1msavepack[22m | Storing File: res://scripts/core/asset_registry.gd.remap[39m[0m
[  98% ] [90m[1msavepack[22m | Storing File: res://scripts/core/audio_manager.gd.remap[39m[0m
[  98% ] [90m[1msavepack[22m | Storing File: res://scripts/core/boot.gd.remap[39m[0m
[  98% ] [90m[1msavepack[22m | Storing File: res://scripts/core/event_bus.gd.remap[39m[0m
[  98% ] [90m[1msavepack[22m | Storing File: res://scripts/core/game_state.gd.remap[39m[0m
[  98% ] [90m[1msavepack[22m | Storing File: res://scripts/core/latency_probe.gd.remap[39m[0m
[  98% ] [90m[1msavepack[22m | Storing File: res://scripts/core/scene_flow.gd.remap[39m[0m
[  98% ] [90m[1msavepack[22m | Storing File: res://scripts/core/static_resource_caches.gd.remap[39m[0m
[  98% ] [90m[1msavepack[22m | Storing File: res://scripts/core/user_settings.gd.remap[39m[0m
[  98% ] [90m[1msavepack[22m | Storing File: res://scripts/dungeon/antechamber.gd.remap[39m[0m
[  98% ] [90m[1msavepack[22m | Storing File: res://scripts/dungeon/carryable_object.gd.remap[39m[0m
[  98% ] [90m[1msavepack[22m | Storing File: res://scripts/dungeon/central_hall.gd.remap[39m[0m
[  98% ] [90m[1msavepack[22m | Storing File: res://scripts/dungeon/dungeon_room.gd.remap[39m[0m
[  98% ] [90m[1msavepack[22m | Storing File: res://scripts/dungeon/elevator_platform.gd.remap[39m[0m
[  98% ] [90m[1msavepack[22m | Storing File: res://scripts/dungeon/object_socket.gd.remap[39m[0m
[  98% ] [90m[1msavepack[22m | Storing File: res://scripts/dungeon/portable_battery.gd.remap[39m[0m
[  98% ] [90m[1msavepack[22m | Storing File: res://scripts/dungeon/pushable_block.gd.remap[39m[0m
[  98% ] [90m[1msavepack[22m | Storing File: res://scripts/dungeon/puzzle_hint_tracker.gd.remap[39m[0m
[  98% ] [90m[1msavepack[22m | Storing File: res://scripts/dungeon/reset_button.gd.remap[39m[0m
[  98% ] [90m[1msavepack[22m | Storing File: res://scripts/dungeon/room1_initiation.gd.remap[39m[0m
[  98% ] [90m[1msavepack[22m | Storing File: res://scripts/dungeon/room2_vertical.gd.remap[39m[0m
[  98% ] [90m[1msavepack[22m | Storing File: res://scripts/dungeon/room3_relays.gd.remap[39m[0m
[  98% ] [90m[1msavepack[22m | Storing File: res://scripts/dungeon/room4_battery.gd.remap[39m[0m
[  98% ] [90m[1msavepack[22m | Storing File: res://scripts/dungeon/room_dressing.gd.remap[39m[0m
[  98% ] [90m[1msavepack[22m | Storing File: res://scripts/electricity/electric_debug_overlay.gd.remap[39m[0m
[  98% ] [90m[1msavepack[22m | Storing File: res://scripts/electricity/electric_door.gd.remap[39m[0m
[  98% ] [90m[1msavepack[22m | Storing File: res://scripts/electricity/electric_graph.gd.remap[39m[0m
[  98% ] [90m[1msavepack[22m | Storing File: res://scripts/electricity/electric_hazard.gd.remap[39m[0m
[  98% ] [90m[1msavepack[22m | Storing File: res://scripts/electricity/electric_node.gd.remap[39m[0m
[  98% ] [90m[1msavepack[22m | Storing File: res://scripts/electricity/electric_relay.gd.remap[39m[0m
[  98% ] [90m[1msavepack[22m | Storing File: res://scripts/electricity/electric_switch.gd.remap[39m[0m
[  98% ] [90m[1msavepack[22m | Storing File: res://scripts/electricity/electric_visual.gd.remap[39m[0m
[  98% ] [90m[1msavepack[22m | Storing File: res://scripts/electricity/receiver_ring.gd.remap[39m[0m
[  98% ] [90m[1msavepack[22m | Storing File: res://scripts/enemies/centaur_hunter.gd.remap[39m[0m
[  98% ] [90m[1msavepack[22m | Storing File: res://scripts/enemies/combat_coordinator.gd.remap[39m[0m
[  98% ] [90m[1msavepack[22m | Storing File: res://scripts/enemies/enemy_base.gd.remap[39m[0m
[  98% ] [90m[1msavepack[22m | Storing File: res://scripts/enemies/noise_events.gd.remap[39m[0m
[  98% ] [90m[1msavepack[22m | Storing File: res://scripts/enemies/raider_black.gd.remap[39m[0m
[  98% ] [90m[1msavepack[22m | Storing File: res://scripts/enemies/raider_blue.gd.remap[39m[0m
[  98% ] [90m[1msavepack[22m | Storing File: res://scripts/enemies/raider_red.gd.remap[39m[0m
[  98% ] [90m[1msavepack[22m | Storing File: res://scripts/enemies/ravine_troll.gd.remap[39m[0m
[  98% ] [90m[1msavepack[22m | Storing File: res://scripts/enemies/shockwave_ring.gd.remap[39m[0m
[  98% ] [90m[1msavepack[22m | Storing File: res://scripts/interaction/campfire.gd.remap[39m[0m
[  98% ] [90m[1msavepack[22m | Storing File: res://scripts/interaction/chest.gd.remap[39m[0m
[  98% ] [90m[1msavepack[22m | Storing File: res://scripts/interaction/fragment_pickup.gd.remap[39m[0m
[  98% ] [90m[1msavepack[22m | Storing File: res://scripts/interaction/ingredient_pickup.gd.remap[39m[0m
[  98% ] [90m[1msavepack[22m | Storing File: res://scripts/interaction/scene_door.gd.remap[39m[0m
[  98% ] [90m[1msavepack[22m | Storing File: res://scripts/interaction/story_fragment.gd.remap[39m[0m
[  98% ] [90m[1msavepack[22m | Storing File: res://scripts/interaction/weapon_pickup.gd.remap[39m[0m
[  98% ] [90m[1msavepack[22m | Storing File: res://scripts/inventory/weapon_instance.gd.remap[39m[0m
[  98% ] [90m[1msavepack[22m | Storing File: res://scripts/lookdev/hero_shot_lab.gd.remap[39m[0m
[  98% ] [90m[1msavepack[22m | Storing File: res://scripts/lookdev/stability_dolly.gd.remap[39m[0m
[  98% ] [90m[1msavepack[22m | Storing File: res://scripts/player/camera_rig.gd.remap[39m[0m
[  98% ] [90m[1msavepack[22m | Storing File: res://scripts/player/hero_signs.gd.remap[39m[0m
[  98% ] [90m[1msavepack[22m | Storing File: res://scripts/player/player_controller.gd.remap[39m[0m
[  98% ] [90m[1msavepack[22m | Storing File: res://scripts/player/player_visual_driver.gd.remap[39m[0m
[  98% ] [90m[1msavepack[22m | Storing File: res://scripts/reaction/element_packet.gd.remap[39m[0m
[  98% ] [90m[1msavepack[22m | Storing File: res://scripts/reaction/material_profile.gd.remap[39m[0m
[  98% ] [90m[1msavepack[22m | Storing File: res://scripts/reaction/material_state_component.gd.remap[39m[0m
[  98% ] [90m[1msavepack[22m | Storing File: res://scripts/reaction/reaction_system.gd.remap[39m[0m
[  98% ] [90m[1msavepack[22m | Storing File: res://scripts/reaction/resonance_controller.gd.remap[39m[0m
[  98% ] [90m[1msavepack[22m | Storing File: res://scripts/reaction/resonance_link_node.gd.remap[39m[0m
[  98% ] [90m[1msavepack[22m | Storing File: res://scripts/reaction/resonance_target_component.gd.remap[39m[0m
[  98% ] [90m[1msavepack[22m | Storing File: res://scripts/reaction/water_matter_component.gd.remap[39m[0m
[  98% ] [90m[1msavepack[22m | Storing File: res://scripts/save/save_system.gd.remap[39m[0m
[  98% ] [90m[1msavepack[22m | Storing File: res://scripts/tools/asset_calibration.gd.remap[39m[0m
[  98% ] [90m[1msavepack[22m | Storing File: res://scripts/tools/asset_gallery.gd.remap[39m[0m
[  98% ] [90m[1msavepack[22m | Storing File: res://scripts/tools/bestiary_lineup.gd.remap[39m[0m
[  98% ] [90m[1msavepack[22m | Storing File: res://scripts/tools/character_turntable.gd.remap[39m[0m
[  98% ] [90m[1msavepack[22m | Storing File: res://scripts/tools/combat_dummy.gd.remap[39m[0m
[  98% ] [90m[1msavepack[22m | Storing File: res://scripts/tools/combat_lab.gd.remap[39m[0m
[  98% ] [90m[1msavepack[22m | Storing File: res://scripts/tools/dev_fly_mode.gd.remap[39m[0m
[  98% ] [90m[1msavepack[22m | Storing File: res://scripts/tools/dev_mode.gd.remap[39m[0m
[  98% ] [90m[1msavepack[22m | Storing File: res://scripts/tools/dev_recorder.gd.remap[39m[0m
[  98% ] [90m[1msavepack[22m | Storing File: res://scripts/tools/input_audit.gd.remap[39m[0m
[  98% ] [90m[1msavepack[22m | Storing File: res://scripts/tools/lab_overlay.gd.remap[39m[0m
[  98% ] [90m[1msavepack[22m | Storing File: res://scripts/tools/latency_instrument.gd.remap[39m[0m
[  98% ] [90m[1msavepack[22m | Storing File: res://scripts/tools/resonance_lab.gd.remap[39m[0m
[  98% ] [90m[1msavepack[22m | Storing File: res://scripts/tools/reward_anchor_shot.gd.remap[39m[0m
[  98% ] [90m[1msavepack[22m | Storing File: res://scripts/tools/silhouette_lineup.gd.remap[39m[0m
[  98% ] [90m[1msavepack[22m | Storing File: res://scripts/tools/traversal_playground.gd.remap[39m[0m
[  98% ] [90m[1msavepack[22m | Storing File: res://scripts/tools/village_shot.gd.remap[39m[0m
[  98% ] [90m[1msavepack[22m | Storing File: res://scripts/tools/weapon_showcase.gd.remap[39m[0m
[  98% ] [90m[1msavepack[22m | Storing File: res://scripts/ui/gameplay_shell.gd.remap[39m[0m
[  98% ] [90m[1msavepack[22m | Storing File: res://scripts/ui/hud_style.gd.remap[39m[0m
[  98% ] [90m[1msavepack[22m | Storing File: res://scripts/ui/main_menu.gd.remap[39m[0m
[  98% ] [90m[1msavepack[22m | Storing File: res://scripts/ui/options_panel.gd.remap[39m[0m
[  98% ] [90m[1msavepack[22m | Storing File: res://scripts/ui/resonance_overlay.gd.remap[39m[0m
[  98% ] [90m[1msavepack[22m | Storing File: res://scripts/ui/victory_screen.gd.remap[39m[0m
[  98% ] [90m[1msavepack[22m | Storing File: res://scripts/world/props/awning_tent.gd.remap[39m[0m
[  98% ] [90m[1msavepack[22m | Storing File: res://scripts/world/props/campfire_prop.gd.remap[39m[0m
[  98% ] [90m[1msavepack[22m | Storing File: res://scripts/world/camp_smoke.gd.remap[39m[0m
[  98% ] [90m[1msavepack[22m | Storing File: res://scripts/world/citadel_vestibule.gd.remap[39m[0m
[  98% ] [90m[1msavepack[22m | Storing File: res://scripts/world/conductive_basin.gd.remap[39m[0m
[  98% ] [90m[1msavepack[22m | Storing File: res://scripts/world/discovery_log.gd.remap[39m[0m
[  98% ] [90m[1msavepack[22m | Storing File: res://scripts/world/discovery_rewards.gd.remap[39m[0m
[  98% ] [90m[1msavepack[22m | Storing File: res://scripts/world/hamlets.gd.remap[39m[0m
[  98% ] [90m[1msavepack[22m | Storing File: res://scripts/world/kit_placement.gd.remap[39m[0m
[  98% ] [90m[1msavepack[22m | Storing File: res://scripts/world/kit_scale.gd.remap[39m[0m
[  98% ] [90m[1msavepack[22m | Storing File: res://scripts/world/magnetic_bridge.gd.remap[39m[0m
[  98% ] [90m[1msavepack[22m | Storing File: res://scripts/world/mount.gd.remap[39m[0m
[  98% ] [90m[1msavepack[22m | Storing File: res://scripts/world/point_of_interest.gd.remap[39m[0m
[  98% ] [90m[1msavepack[22m | Storing File: res://scripts/world/reward_anchor.gd.remap[39m[0m
[  98% ] [90m[1msavepack[22m | Storing File: res://scripts/world/reward_anchor_audit.gd.remap[39m[0m
[  98% ] [90m[1msavepack[22m | Storing File: res://scripts/world/riverside_village.gd.remap[39m[0m
[  98% ] [90m[1msavepack[22m | Storing File: res://scripts/world/settlement_ground.gd.remap[39m[0m
[  98% ] [90m[1msavepack[22m | Storing File: res://scripts/world/storm_cell.gd.remap[39m[0m
[  98% ] [90m[1msavepack[22m | Storing File: res://scripts/world/training_grounds.gd.remap[39m[0m
[  98% ] [90m[1msavepack[22m | Storing File: res://scripts/world/valley_caves.gd.remap[39m[0m
[  98% ] [90m[1msavepack[22m | Storing File: res://scripts/world/valley_landmarks.gd.remap[39m[0m
[  98% ] [90m[1msavepack[22m | Storing File: res://scripts/world/valley_relics.gd.remap[39m[0m
[  98% ] [90m[1msavepack[22m | Storing File: res://scripts/world/valley_ruins.gd.remap[39m[0m
[  98% ] [90m[1msavepack[22m | Storing File: res://scripts/world/valley_terrain.gd.remap[39m[0m
[  98% ] [90m[1msavepack[22m | Storing File: res://scripts/world/valley_territories.gd.remap[39m[0m
[  98% ] [90m[1msavepack[22m | Storing File: res://scripts/world/valley_undergrounds.gd.remap[39m[0m
[  98% ] [90m[1msavepack[22m | Storing File: res://scripts/world/valley_wonders.gd.remap[39m[0m
[  98% ] [90m[1msavepack[22m | Storing File: res://scripts/world/valley_world.gd.remap[39m[0m
[  98% ] [90m[1msavepack[22m | Storing File: res://scripts/world_v2/poi/abandoned_farm_place.gd.remap[39m[0m
[  98% ] [90m[1msavepack[22m | Storing File: res://scripts/world_v2/poi/barrow_cemetery_place.gd.remap[39m[0m
[  98% ] [90m[1msavepack[22m | Storing File: res://scripts/world_v2/poi/camp_checkpoint_place.gd.remap[39m[0m
[  98% ] [90m[1msavepack[22m | Storing File: res://scripts/world_v2/poi/conductive_basin_place.gd.remap[39m[0m
[  98% ] [90m[1msavepack[22m | Storing File: res://scripts/world_v2/poi/ember_raider_camp_place.gd.remap[39m[0m
[  98% ] [90m[1msavepack[22m | Storing File: res://scripts/world_v2/poi/flower_field_place.gd.remap[39m[0m
[  98% ] [90m[1msavepack[22m | Storing File: res://scripts/world_v2/poi/forest_shrine_place.gd.remap[39m[0m
[  98% ] [90m[1msavepack[22m | Storing File: res://scripts/world_v2/poi/overlook_summit_place.gd.remap[39m[0m
[  98% ] [90m[1msavepack[22m | Storing File: res://scripts/world_v2/poi/resonance_pylon_landmark.gd.remap[39m[0m
[  98% ] [90m[1msavepack[22m | Storing File: res://scripts/world_v2/poi/riverside_village_place.gd.remap[39m[0m
[  98% ] [90m[1msavepack[22m | Storing File: res://scripts/world_v2/poi/stone_bridge_place.gd.remap[39m[0m
[  98% ] [90m[1msavepack[22m | Storing File: res://scripts/world_v2/poi/thunderstruck_tree_place.gd.remap[39m[0m
[  98% ] [90m[1msavepack[22m | Storing File: res://scripts/world_v2/poi/turquoise_spring_place.gd.remap[39m[0m
[  98% ] [90m[1msavepack[22m | Storing File: res://scripts/world_v2/poi/watchtower_ruin_place.gd.remap[39m[0m
[  98% ] [90m[1msavepack[22m | Storing File: res://scripts/world_v2/poi/waterfall_cave_place.gd.remap[39m[0m
[  98% ] [90m[1msavepack[22m | Storing File: res://scripts/world_v2/poi/world_v2_place.gd.remap[39m[0m
[  98% ] [90m[1msavepack[22m | Storing File: res://scripts/world_v2/poi/world_v2_places_builder.gd.remap[39m[0m
[  98% ] [90m[1msavepack[22m | Storing File: res://scripts/world_v2/poi/world_v2_place_kit.gd.remap[39m[0m
[  98% ] [90m[1msavepack[22m | Storing File: res://scripts/world_v2/world_ids.gd.remap[39m[0m
[  98% ] [90m[1msavepack[22m | Storing File: res://scripts/world_v2/world_v2_atmosphere_builder.gd.remap[39m[0m
[  98% ] [90m[1msavepack[22m | Storing File: res://scripts/world_v2/world_v2_bootstrap.gd.remap[39m[0m
[  98% ] [90m[1msavepack[22m | Storing File: res://scripts/world_v2/world_v2_borders_builder.gd.remap[39m[0m
[  98% ] [90m[1msavepack[22m | Storing File: res://scripts/world_v2/world_v2_cameras_builder.gd.remap[39m[0m
[  98% ] [90m[1msavepack[22m | Storing File: res://scripts/world_v2/world_v2_ground_material.gd.remap[39m[0m
[  98% ] [90m[1msavepack[22m | Storing File: res://scripts/world_v2/world_v2_heightmap.gd.remap[39m[0m
[  98% ] [90m[1msavepack[22m | Storing File: res://scripts/world_v2/world_v2_hydrology_builder.gd.remap[39m[0m
[  98% ] [90m[1msavepack[22m | Storing File: res://scripts/world_v2/world_v2_layout.gd.remap[39m[0m
[  98% ] [90m[1msavepack[22m | Storing File: res://scripts/world_v2/world_v2_markers_builder.gd.remap[39m[0m
[  98% ] [90m[1msavepack[22m | Storing File: res://scripts/world_v2/world_v2_root.gd.remap[39m[0m
[  98% ] [90m[1msavepack[22m | Storing File: res://scripts/world_v2/world_v2_terrain_builder.gd.remap[39m[0m
[  98% ] [90m[1msavepack[22m | Storing File: res://scripts/world_v2/world_v2_vegetation_builder.gd.remap[39m[0m
[  98% ] [90m[1msavepack[22m | Storing File: res://.godot/global_script_class_cache.cfg[39m[0m
[  98% ] [90m[1msavepack[22m | Storing File: res://.godot/uid_cache.bin[39m[0m
[  98% ] [90m[1msavepack[22m | Storing File: res://project.binary[39m[0m
[92m[ DONE ][39m [1msavepack[22m
[0m
WARNING: 131 ObjectDB instances were leaked at exit (run with `--verbose` for details).
   at: cleanup (core/object/object.cpp:2536)
ERROR: 70 resources still in use at exit (run with --verbose for details).
   at: clear (core/io/resource.cpp:822)
ERROR: Pages in use exist at exit in PagedAllocator: N12VariantPools12BucketMediumE
   at: ~PagedAllocator (./core/templates/paged_allocator.h:170)
ERROR: Pages in use exist at exit in PagedAllocator: N12VariantPools11BucketSmallE
   at: ~PagedAllocator (./core/templates/paged_allocator.h:170)
EXPORT_RC=0
