LANCER_GODOT: VERROU=/home/user/Zelda/.git/heavy_tools.lock
LANCER_GODOT: XDG_DATA_HOME=/tmp/lancer_godot_ud_FubkoZ4x
LANCER_GODOT: CWD=/home/user/Zelda
LANCER_GODOT: CMD=/usr/local/bin/godot --headless --path . --verbose --script tools/godot/sonde_iss059_proprietaire.gd -- --scenes=worldv2 --cycles=1 --ablation=aucune --detail=oui
WorkerThreadPool: 4 threads, 1 max low-priority.
Godot Engine v4.7.1.stable.custom_build.a13da4feb (2026-07-13 21:00:28 UTC) - https://godotengine.org
TextServer: Added interface "Dummy"
TextServer: Added interface "ICU / HarfBuzz / Graphite (Built-in)"
SDL: Init OK!
Using "default" pen tablet driver...

TextServer: Primary interface set to: "ICU / HarfBuzz / Graphite (Built-in)".
CORE API HASH: 3769296884
EDITOR API HASH: 3146738256
Loading resource: res://tools/godot/sonde_iss059_proprietaire.gd remapped: res://tools/godot/sonde_iss059_proprietaire.gd
Completed load for: 'res://tools/godot/sonde_iss059_proprietaire.gd' remapped 'res://tools/godot/sonde_iss059_proprietaire.gd' at thread -1
SceneTreeFTI: traversal method DEFAULT
Loading resource: res://scripts/core/game_state.gd remapped: res://scripts/core/game_state.gd
Completed load for: 'res://scripts/core/game_state.gd' remapped 'res://scripts/core/game_state.gd' at thread -1
Loading resource: res://scripts/core/event_bus.gd remapped: res://scripts/core/event_bus.gd
Completed load for: 'res://scripts/core/event_bus.gd' remapped 'res://scripts/core/event_bus.gd' at thread -1
Loading resource: res://scripts/save/save_system.gd remapped: res://scripts/save/save_system.gd
Completed load for: 'res://scripts/save/save_system.gd' remapped 'res://scripts/save/save_system.gd' at thread -1
Loading resource: res://scripts/core/audio_manager.gd remapped: res://scripts/core/audio_manager.gd
Completed load for: 'res://scripts/core/audio_manager.gd' remapped 'res://scripts/core/audio_manager.gd' at thread -1
Loading resource: res://scripts/core/scene_flow.gd remapped: res://scripts/core/scene_flow.gd
Completed load for: 'res://scripts/core/scene_flow.gd' remapped 'res://scripts/core/scene_flow.gd' at thread -1
Loading resource: res://scripts/tools/dev_mode.gd remapped: res://scripts/tools/dev_mode.gd
Completed load for: 'res://scripts/tools/dev_mode.gd' remapped 'res://scripts/tools/dev_mode.gd' at thread -1
Loaded system CA certificates
=== SONDE ISS-059 PROPRIETAIRE ===
scenes=worldv2 cycles=1 ablation=aucune
MESURE apres_autoloads_avant_tout_cycle | objets=1591 ressources=14 noeuds=23 orphelins=0
Loading resource: res://scenes/world_v2/WorldV2.tscn remapped: res://scenes/world_v2/WorldV2.tscn
Loading resource: res://scripts/world_v2/world_v2_root.gd remapped: res://scripts/world_v2/world_v2_root.gd
Completed load for: 'res://scripts/world_v2/world_v2_root.gd' remapped 'res://scripts/world_v2/world_v2_root.gd' at thread -1
Loading resource: res://scenes/player/Player.tscn remapped: res://scenes/player/Player.tscn
Loading resource: res://resources/tuning/locomotion_default.tres remapped: res://resources/tuning/locomotion_default.tres
Completed load for: 'res://resources/tuning/locomotion_default.tres' remapped 'res://resources/tuning/locomotion_default.tres' at thread -1
Loading resource: res://resources/tuning/stamina_default.tres remapped: res://resources/tuning/stamina_default.tres
Completed load for: 'res://resources/tuning/stamina_default.tres' remapped 'res://resources/tuning/stamina_default.tres' at thread -1
Loading resource: res://resources/tuning/climb_default.tres remapped: res://resources/tuning/climb_default.tres
Completed load for: 'res://resources/tuning/climb_default.tres' remapped 'res://resources/tuning/climb_default.tres' at thread -1
Loading resource: res://resources/combat/sword/light_1.tres remapped: res://resources/combat/sword/light_1.tres
Completed load for: 'res://resources/combat/sword/light_1.tres' remapped 'res://resources/combat/sword/light_1.tres' at thread -1
Loading resource: res://resources/combat/sword/light_2.tres remapped: res://resources/combat/sword/light_2.tres
Completed load for: 'res://resources/combat/sword/light_2.tres' remapped 'res://resources/combat/sword/light_2.tres' at thread -1
Loading resource: res://resources/combat/sword/light_3.tres remapped: res://resources/combat/sword/light_3.tres
Completed load for: 'res://resources/combat/sword/light_3.tres' remapped 'res://resources/combat/sword/light_3.tres' at thread -1
Loading resource: res://resources/combat/dodge_default.tres remapped: res://resources/combat/dodge_default.tres
Completed load for: 'res://resources/combat/dodge_default.tres' remapped 'res://resources/combat/dodge_default.tres' at thread -1
Loading resource: res://resources/combat/hurt_default.tres remapped: res://resources/combat/hurt_default.tres
Completed load for: 'res://resources/combat/hurt_default.tres' remapped 'res://resources/combat/hurt_default.tres' at thread -1
Loading resource: res://resources/combat/guard_default.tres remapped: res://resources/combat/guard_default.tres
Completed load for: 'res://resources/combat/guard_default.tres' remapped 'res://resources/combat/guard_default.tres' at thread -1
Loading resource: res://resources/combat/bow_default.tres remapped: res://resources/combat/bow_default.tres
Completed load for: 'res://resources/combat/bow_default.tres' remapped 'res://resources/combat/bow_default.tres' at thread -1
Loading resource: res://resources/combat/sword/heavy_1.tres remapped: res://resources/combat/sword/heavy_1.tres
Completed load for: 'res://resources/combat/sword/heavy_1.tres' remapped 'res://resources/combat/sword/heavy_1.tres' at thread -1
Loading resource: res://resources/weapons/worn_sword.tres remapped: res://resources/weapons/worn_sword.tres
Loading resource: res://scenes/weapons/WornSword.tscn remapped: res://scenes/weapons/WornSword.tscn
Loading resource: res://scripts/combat/weapon_model.gd remapped: res://scripts/combat/weapon_model.gd
Completed load for: 'res://scripts/combat/weapon_model.gd' remapped 'res://scripts/combat/weapon_model.gd' at thread -1
Loading resource: res://assets/weapons/SM_WornSword.glb remapped: res://assets/weapons/SM_WornSword.glb
Loading resource: res://.godot/imported/SM_WornSword.glb-814a3a31326f2e3ca85a843f56aab4bd.scn remapped: res://.godot/imported/SM_WornSword.glb-814a3a31326f2e3ca85a843f56aab4bd.scn
Loading resource: res://assets/weapons/SM_WornSword_T_WornSword_BaseColor.png remapped: res://assets/weapons/SM_WornSword_T_WornSword_BaseColor.png
Loading resource: res://.godot/imported/SM_WornSword_T_WornSword_BaseColor.png-0427044e693951a7121d0da0b2ab43d0.ctex remapped: res://.godot/imported/SM_WornSword_T_WornSword_BaseColor.png-0427044e693951a7121d0da0b2ab43d0.ctex
Completed load for: 'res://assets/weapons/SM_WornSword_T_WornSword_BaseColor.png' remapped 'res://assets/weapons/SM_WornSword_T_WornSword_BaseColor.png' at thread -1
Loading resource: res://assets/weapons/SM_WornSword_T_WornSword_MR.png remapped: res://assets/weapons/SM_WornSword_T_WornSword_MR.png
Loading resource: res://.godot/imported/SM_WornSword_T_WornSword_MR.png-1440ba0f976f8c25b8a151bc187dd279.ctex remapped: res://.godot/imported/SM_WornSword_T_WornSword_MR.png-1440ba0f976f8c25b8a151bc187dd279.ctex
Completed load for: 'res://assets/weapons/SM_WornSword_T_WornSword_MR.png' remapped 'res://assets/weapons/SM_WornSword_T_WornSword_MR.png' at thread -1
Loading resource: res://assets/weapons/SM_WornSword_T_WornSword_Normal.png remapped: res://assets/weapons/SM_WornSword_T_WornSword_Normal.png
Loading resource: res://.godot/imported/SM_WornSword_T_WornSword_Normal.png-dc0e4d8cb2ae4ddfe8c7a89fc288e134.ctex remapped: res://.godot/imported/SM_WornSword_T_WornSword_Normal.png-dc0e4d8cb2ae4ddfe8c7a89fc288e134.ctex
Completed load for: 'res://assets/weapons/SM_WornSword_T_WornSword_Normal.png' remapped 'res://assets/weapons/SM_WornSword_T_WornSword_Normal.png' at thread -1
Completed load for: 'res://assets/weapons/SM_WornSword.glb' remapped 'res://assets/weapons/SM_WornSword.glb' at thread -1
Completed load for: 'res://scenes/weapons/WornSword.tscn' remapped 'res://scenes/weapons/WornSword.tscn' at thread -1
Loading resource: res://assets/weapons/T_WornSword_Icon.png remapped: res://assets/weapons/T_WornSword_Icon.png
Loading resource: res://.godot/imported/T_WornSword_Icon.png-fb073e1d43aabd302aa1a0e7b62f9817.ctex remapped: res://.godot/imported/T_WornSword_Icon.png-fb073e1d43aabd302aa1a0e7b62f9817.ctex
Completed load for: 'res://assets/weapons/T_WornSword_Icon.png' remapped 'res://assets/weapons/T_WornSword_Icon.png' at thread -1
Completed load for: 'res://resources/weapons/worn_sword.tres' remapped 'res://resources/weapons/worn_sword.tres' at thread -1
Loading resource: res://resources/characters/hero_anim_set.tres remapped: res://resources/characters/hero_anim_set.tres
Completed load for: 'res://resources/characters/hero_anim_set.tres' remapped 'res://resources/characters/hero_anim_set.tres' at thread -1
Loading resource: res://scripts/player/player_visual_driver.gd remapped: res://scripts/player/player_visual_driver.gd
Completed load for: 'res://scripts/player/player_visual_driver.gd' remapped 'res://scripts/player/player_visual_driver.gd' at thread -1
Completed load for: 'res://scenes/player/Player.tscn' remapped 'res://scenes/player/Player.tscn' at thread -1
Loading resource: res://scenes/ui/GameplayShell.tscn remapped: res://scenes/ui/GameplayShell.tscn
Loading resource: res://scripts/ui/gameplay_shell.gd remapped: res://scripts/ui/gameplay_shell.gd
Completed load for: 'res://scripts/ui/gameplay_shell.gd' remapped 'res://scripts/ui/gameplay_shell.gd' at thread -1
Completed load for: 'res://scenes/ui/GameplayShell.tscn' remapped 'res://scenes/ui/GameplayShell.tscn' at thread -1
Loading resource: res://shaders/world_v2/SH_WorldV2Sky.gdshader remapped: res://shaders/world_v2/SH_WorldV2Sky.gdshader
Completed load for: 'res://shaders/world_v2/SH_WorldV2Sky.gdshader' remapped 'res://shaders/world_v2/SH_WorldV2Sky.gdshader' at thread -1
Completed load for: 'res://scenes/world_v2/WorldV2.tscn' remapped 'res://scenes/world_v2/WorldV2.tscn' at thread -1
Loading resource: res://scenes/characters/HeroVisual.tscn remapped: res://scenes/characters/HeroVisual.tscn
Loading resource: res://scripts/characters/character_model_sockets.gd remapped: res://scripts/characters/character_model_sockets.gd
Completed load for: 'res://scripts/characters/character_model_sockets.gd' remapped 'res://scripts/characters/character_model_sockets.gd' at thread -1
Loading resource: res://assets/characters/hero/Male_Ranger.gltf remapped: res://assets/characters/hero/Male_Ranger.gltf
Loading resource: res://.godot/imported/Male_Ranger.gltf-1988cc0386b6a6fbd9e2bd7d5dd902a2.scn remapped: res://.godot/imported/Male_Ranger.gltf-1988cc0386b6a6fbd9e2bd7d5dd902a2.scn
Loading resource: res://assets/characters/hero/T_Ranger_BaseColor.png remapped: res://assets/characters/hero/T_Ranger_BaseColor.png
Loading resource: res://.godot/imported/T_Ranger_BaseColor.png-7e184b583aeb10ced1c0ceb85ce180c6.ctex remapped: res://.godot/imported/T_Ranger_BaseColor.png-7e184b583aeb10ced1c0ceb85ce180c6.ctex
Completed load for: 'res://assets/characters/hero/T_Ranger_BaseColor.png' remapped 'res://assets/characters/hero/T_Ranger_BaseColor.png' at thread -1
Loading resource: res://assets/characters/hero/T_Ranger_ORM.png remapped: res://assets/characters/hero/T_Ranger_ORM.png
Loading resource: res://.godot/imported/T_Ranger_ORM.png-39ed15077ad028a49f0ce09ec83551af.ctex remapped: res://.godot/imported/T_Ranger_ORM.png-39ed15077ad028a49f0ce09ec83551af.ctex
Completed load for: 'res://assets/characters/hero/T_Ranger_ORM.png' remapped 'res://assets/characters/hero/T_Ranger_ORM.png' at thread -1
Loading resource: res://assets/characters/hero/T_Ranger_Normal.png remapped: res://assets/characters/hero/T_Ranger_Normal.png
Loading resource: res://.godot/imported/T_Ranger_Normal.png-71ed4916a346d45f95c3a47903a5f3d7.ctex remapped: res://.godot/imported/T_Ranger_Normal.png-71ed4916a346d45f95c3a47903a5f3d7.ctex
Completed load for: 'res://assets/characters/hero/T_Ranger_Normal.png' remapped 'res://assets/characters/hero/T_Ranger_Normal.png' at thread -1
Loading resource: res://assets/characters/hero/T_Regular_Male_Dark_BaseColor.png remapped: res://assets/characters/hero/T_Regular_Male_Dark_BaseColor.png
Loading resource: res://.godot/imported/T_Regular_Male_Dark_BaseColor.png-c068b5aa77f99efce21ca8253c7e22c6.ctex remapped: res://.godot/imported/T_Regular_Male_Dark_BaseColor.png-c068b5aa77f99efce21ca8253c7e22c6.ctex
Completed load for: 'res://assets/characters/hero/T_Regular_Male_Dark_BaseColor.png' remapped 'res://assets/characters/hero/T_Regular_Male_Dark_BaseColor.png' at thread -1
Loading resource: res://assets/characters/hero/T_Regular_Male_Roughness.png remapped: res://assets/characters/hero/T_Regular_Male_Roughness.png
Loading resource: res://.godot/imported/T_Regular_Male_Roughness.png-104013e2a9bf8530bd9767e12b33b08c.ctex remapped: res://.godot/imported/T_Regular_Male_Roughness.png-104013e2a9bf8530bd9767e12b33b08c.ctex
Completed load for: 'res://assets/characters/hero/T_Regular_Male_Roughness.png' remapped 'res://assets/characters/hero/T_Regular_Male_Roughness.png' at thread -1
Loading resource: res://assets/characters/hero/T_Regular_Male_Normal.png remapped: res://assets/characters/hero/T_Regular_Male_Normal.png
Loading resource: res://.godot/imported/T_Regular_Male_Normal.png-2d587bb30c583dbeb5cb4d66da387831.ctex remapped: res://.godot/imported/T_Regular_Male_Normal.png-2d587bb30c583dbeb5cb4d66da387831.ctex
Completed load for: 'res://assets/characters/hero/T_Regular_Male_Normal.png' remapped 'res://assets/characters/hero/T_Regular_Male_Normal.png' at thread -1
Completed load for: 'res://assets/characters/hero/Male_Ranger.gltf' remapped 'res://assets/characters/hero/Male_Ranger.gltf' at thread -1
Loading resource: res://assets/animations/AL_HeroStates.res remapped: res://assets/animations/AL_HeroStates.res
Completed load for: 'res://assets/animations/AL_HeroStates.res' remapped 'res://assets/animations/AL_HeroStates.res' at thread -1
Loading resource: res://assets/characters/hero/T_Ranger_Hero_BaseColor.png remapped: res://assets/characters/hero/T_Ranger_Hero_BaseColor.png
Loading resource: res://.godot/imported/T_Ranger_Hero_BaseColor.png-d2c56ecc36588668edf1928e67f09f92.ctex remapped: res://.godot/imported/T_Ranger_Hero_BaseColor.png-d2c56ecc36588668edf1928e67f09f92.ctex
Completed load for: 'res://assets/characters/hero/T_Ranger_Hero_BaseColor.png' remapped 'res://assets/characters/hero/T_Ranger_Hero_BaseColor.png' at thread -1
Loading resource: res://assets/characters/parts/SM_UniversalHead.glb remapped: res://assets/characters/parts/SM_UniversalHead.glb
Loading resource: res://.godot/imported/SM_UniversalHead.glb-51c155e29c7f1ecdf87ac3528f335b98.scn remapped: res://.godot/imported/SM_UniversalHead.glb-51c155e29c7f1ecdf87ac3528f335b98.scn
Completed load for: 'res://assets/characters/parts/SM_UniversalHead.glb' remapped 'res://assets/characters/parts/SM_UniversalHead.glb' at thread -1
Loading resource: res://assets/characters/parts/T_Superhero_Male_Dark.png remapped: res://assets/characters/parts/T_Superhero_Male_Dark.png
Loading resource: res://.godot/imported/T_Superhero_Male_Dark.png-d7ce9891970fc6fdceb46d78b25ed2b3.ctex remapped: res://.godot/imported/T_Superhero_Male_Dark.png-d7ce9891970fc6fdceb46d78b25ed2b3.ctex
Completed load for: 'res://assets/characters/parts/T_Superhero_Male_Dark.png' remapped 'res://assets/characters/parts/T_Superhero_Male_Dark.png' at thread -1
Completed load for: 'res://scenes/characters/HeroVisual.tscn' remapped 'res://scenes/characters/HeroVisual.tscn' at thread -1
Loading resource: res://shaders/world_v2/SH_WorldV2Ground.gdshader remapped: res://shaders/world_v2/SH_WorldV2Ground.gdshader
Completed load for: 'res://shaders/world_v2/SH_WorldV2Ground.gdshader' remapped 'res://shaders/world_v2/SH_WorldV2Ground.gdshader' at thread -1
Loading resource: res://assets/textures/surfaces/T_Grass_Field_Albedo.jpg remapped: res://assets/textures/surfaces/T_Grass_Field_Albedo.jpg
Loading resource: res://.godot/imported/T_Grass_Field_Albedo.jpg-4df1cdc806ceb2cb397de7b90d1aada3.ctex remapped: res://.godot/imported/T_Grass_Field_Albedo.jpg-4df1cdc806ceb2cb397de7b90d1aada3.ctex
Completed load for: 'res://assets/textures/surfaces/T_Grass_Field_Albedo.jpg' remapped 'res://assets/textures/surfaces/T_Grass_Field_Albedo.jpg' at thread -1
Loading resource: res://assets/textures/surfaces/T_Grass_Field_Normal.jpg remapped: res://assets/textures/surfaces/T_Grass_Field_Normal.jpg
Loading resource: res://.godot/imported/T_Grass_Field_Normal.jpg-3a086bab3eb7606d2229ac0d50fd77df.ctex remapped: res://.godot/imported/T_Grass_Field_Normal.jpg-3a086bab3eb7606d2229ac0d50fd77df.ctex
Completed load for: 'res://assets/textures/surfaces/T_Grass_Field_Normal.jpg' remapped 'res://assets/textures/surfaces/T_Grass_Field_Normal.jpg' at thread -1
Loading resource: res://assets/textures/surfaces/T_Grass_Field_Rough.jpg remapped: res://assets/textures/surfaces/T_Grass_Field_Rough.jpg
Loading resource: res://.godot/imported/T_Grass_Field_Rough.jpg-0175d77ee09aa519596f1ee2ba64350b.ctex remapped: res://.godot/imported/T_Grass_Field_Rough.jpg-0175d77ee09aa519596f1ee2ba64350b.ctex
Completed load for: 'res://assets/textures/surfaces/T_Grass_Field_Rough.jpg' remapped 'res://assets/textures/surfaces/T_Grass_Field_Rough.jpg' at thread -1
Loading resource: res://assets/textures/surfaces/T_Rock_Strata_Albedo.jpg remapped: res://assets/textures/surfaces/T_Rock_Strata_Albedo.jpg
Loading resource: res://.godot/imported/T_Rock_Strata_Albedo.jpg-4581c568763277e645cf739cb631cb93.ctex remapped: res://.godot/imported/T_Rock_Strata_Albedo.jpg-4581c568763277e645cf739cb631cb93.ctex
Completed load for: 'res://assets/textures/surfaces/T_Rock_Strata_Albedo.jpg' remapped 'res://assets/textures/surfaces/T_Rock_Strata_Albedo.jpg' at thread -1
Loading resource: res://assets/textures/surfaces/T_Rock_Strata_Normal.jpg remapped: res://assets/textures/surfaces/T_Rock_Strata_Normal.jpg
Loading resource: res://.godot/imported/T_Rock_Strata_Normal.jpg-0a1ae3dbd09803703001e8e48e05ca5f.ctex remapped: res://.godot/imported/T_Rock_Strata_Normal.jpg-0a1ae3dbd09803703001e8e48e05ca5f.ctex
Completed load for: 'res://assets/textures/surfaces/T_Rock_Strata_Normal.jpg' remapped 'res://assets/textures/surfaces/T_Rock_Strata_Normal.jpg' at thread -1
Loading resource: res://assets/textures/surfaces/T_Rock_Strata_Rough.jpg remapped: res://assets/textures/surfaces/T_Rock_Strata_Rough.jpg
Loading resource: res://.godot/imported/T_Rock_Strata_Rough.jpg-24571ab79d97fee4a4d2d1959bd1cddd.ctex remapped: res://.godot/imported/T_Rock_Strata_Rough.jpg-24571ab79d97fee4a4d2d1959bd1cddd.ctex
Completed load for: 'res://assets/textures/surfaces/T_Rock_Strata_Rough.jpg' remapped 'res://assets/textures/surfaces/T_Rock_Strata_Rough.jpg' at thread -1
Loading resource: res://assets/textures/surfaces/T_Ground_Earth_Albedo.jpg remapped: res://assets/textures/surfaces/T_Ground_Earth_Albedo.jpg
Loading resource: res://.godot/imported/T_Ground_Earth_Albedo.jpg-3cf3f9844635817260374bb2de2d466d.ctex remapped: res://.godot/imported/T_Ground_Earth_Albedo.jpg-3cf3f9844635817260374bb2de2d466d.ctex
Completed load for: 'res://assets/textures/surfaces/T_Ground_Earth_Albedo.jpg' remapped 'res://assets/textures/surfaces/T_Ground_Earth_Albedo.jpg' at thread -1
Loading resource: res://assets/textures/surfaces/T_Ground_Earth_Normal.jpg remapped: res://assets/textures/surfaces/T_Ground_Earth_Normal.jpg
Loading resource: res://.godot/imported/T_Ground_Earth_Normal.jpg-31bdc59b0c09f27824cd16a0af82e60d.ctex remapped: res://.godot/imported/T_Ground_Earth_Normal.jpg-31bdc59b0c09f27824cd16a0af82e60d.ctex
Completed load for: 'res://assets/textures/surfaces/T_Ground_Earth_Normal.jpg' remapped 'res://assets/textures/surfaces/T_Ground_Earth_Normal.jpg' at thread -1
Loading resource: res://shaders/world_v2/SH_WorldV2Water.gdshader remapped: res://shaders/world_v2/SH_WorldV2Water.gdshader
Completed load for: 'res://shaders/world_v2/SH_WorldV2Water.gdshader' remapped 'res://shaders/world_v2/SH_WorldV2Water.gdshader' at thread -1
Loading resource: res://scenes/world_v2/poi/CampCheckpointPlace.tscn remapped: res://scenes/world_v2/poi/CampCheckpointPlace.tscn
Loading resource: res://scripts/world_v2/poi/camp_checkpoint_place.gd remapped: res://scripts/world_v2/poi/camp_checkpoint_place.gd
Completed load for: 'res://scripts/world_v2/poi/camp_checkpoint_place.gd' remapped 'res://scripts/world_v2/poi/camp_checkpoint_place.gd' at thread -1
Completed load for: 'res://scenes/world_v2/poi/CampCheckpointPlace.tscn' remapped 'res://scenes/world_v2/poi/CampCheckpointPlace.tscn' at thread -1
Loading resource: res://assets/environment/props/Cauldron.gltf remapped: res://assets/environment/props/Cauldron.gltf
Loading resource: res://.godot/imported/Cauldron.gltf-1ecbf63de844757dfa4a26e6388bfddb.scn remapped: res://.godot/imported/Cauldron.gltf-1ecbf63de844757dfa4a26e6388bfddb.scn
Loading resource: res://assets/environment/props/T_Trim_Metal_BaseColor.png remapped: res://assets/environment/props/T_Trim_Metal_BaseColor.png
Loading resource: res://.godot/imported/T_Trim_Metal_BaseColor.png-e085700b66fb8abefc79edc238d1470b.ctex remapped: res://.godot/imported/T_Trim_Metal_BaseColor.png-e085700b66fb8abefc79edc238d1470b.ctex
Completed load for: 'res://assets/environment/props/T_Trim_Metal_BaseColor.png' remapped 'res://assets/environment/props/T_Trim_Metal_BaseColor.png' at thread -1
Loading resource: res://assets/environment/props/T_Trim_Metal_ORM.png remapped: res://assets/environment/props/T_Trim_Metal_ORM.png
Loading resource: res://.godot/imported/T_Trim_Metal_ORM.png-e966d2e4bf934328f315306fd28210bd.ctex remapped: res://.godot/imported/T_Trim_Metal_ORM.png-e966d2e4bf934328f315306fd28210bd.ctex
Completed load for: 'res://assets/environment/props/T_Trim_Metal_ORM.png' remapped 'res://assets/environment/props/T_Trim_Metal_ORM.png' at thread -1
Loading resource: res://assets/environment/props/T_Trim_Metal_Normal.png remapped: res://assets/environment/props/T_Trim_Metal_Normal.png
Loading resource: res://.godot/imported/T_Trim_Metal_Normal.png-4e0b4b1e0501b7fbfb02dbdf881b4b4a.ctex remapped: res://.godot/imported/T_Trim_Metal_Normal.png-4e0b4b1e0501b7fbfb02dbdf881b4b4a.ctex
Completed load for: 'res://assets/environment/props/T_Trim_Metal_Normal.png' remapped 'res://assets/environment/props/T_Trim_Metal_Normal.png' at thread -1
Completed load for: 'res://assets/environment/props/Cauldron.gltf' remapped 'res://assets/environment/props/Cauldron.gltf' at thread -1
Loading resource: res://assets/environment/props/Bucket_Wooden_1.gltf remapped: res://assets/environment/props/Bucket_Wooden_1.gltf
Loading resource: res://.godot/imported/Bucket_Wooden_1.gltf-529f7e786c8a6cac3eedcc8371db8494.scn remapped: res://.godot/imported/Bucket_Wooden_1.gltf-529f7e786c8a6cac3eedcc8371db8494.scn
Loading resource: res://assets/environment/props/T_Trim_Furniture_BaseColor.png remapped: res://assets/environment/props/T_Trim_Furniture_BaseColor.png
Loading resource: res://.godot/imported/T_Trim_Furniture_BaseColor.png-4b61e6b6982fd682ac06b1a2a1770f69.ctex remapped: res://.godot/imported/T_Trim_Furniture_BaseColor.png-4b61e6b6982fd682ac06b1a2a1770f69.ctex
Completed load for: 'res://assets/environment/props/T_Trim_Furniture_BaseColor.png' remapped 'res://assets/environment/props/T_Trim_Furniture_BaseColor.png' at thread -1
Loading resource: res://assets/environment/props/T_Trim_Furniture_ORM.png remapped: res://assets/environment/props/T_Trim_Furniture_ORM.png
Loading resource: res://.godot/imported/T_Trim_Furniture_ORM.png-996aa75f107de80e0072392ae8445ebc.ctex remapped: res://.godot/imported/T_Trim_Furniture_ORM.png-996aa75f107de80e0072392ae8445ebc.ctex
Completed load for: 'res://assets/environment/props/T_Trim_Furniture_ORM.png' remapped 'res://assets/environment/props/T_Trim_Furniture_ORM.png' at thread -1
Loading resource: res://assets/environment/props/T_Trim_Furniture_Normal.png remapped: res://assets/environment/props/T_Trim_Furniture_Normal.png
Loading resource: res://.godot/imported/T_Trim_Furniture_Normal.png-a06d92145186d2e7c10b678d1287a5e6.ctex remapped: res://.godot/imported/T_Trim_Furniture_Normal.png-a06d92145186d2e7c10b678d1287a5e6.ctex
Completed load for: 'res://assets/environment/props/T_Trim_Furniture_Normal.png' remapped 'res://assets/environment/props/T_Trim_Furniture_Normal.png' at thread -1
Completed load for: 'res://assets/environment/props/Bucket_Wooden_1.gltf' remapped 'res://assets/environment/props/Bucket_Wooden_1.gltf' at thread -1
Loading resource: res://assets/environment/dungeon/Floor_WoodDark.gltf remapped: res://assets/environment/dungeon/Floor_WoodDark.gltf
Loading resource: res://.godot/imported/Floor_WoodDark.gltf-b4146367ffc439cdf74d8679f5eb10c7.scn remapped: res://.godot/imported/Floor_WoodDark.gltf-b4146367ffc439cdf74d8679f5eb10c7.scn
Loading resource: res://assets/environment/dungeon/T_WoodTrim_BaseColor.png remapped: res://assets/environment/dungeon/T_WoodTrim_BaseColor.png
Loading resource: res://.godot/imported/T_WoodTrim_BaseColor.png-ce72dca1dce1464acc7303d9133a5418.ctex remapped: res://.godot/imported/T_WoodTrim_BaseColor.png-ce72dca1dce1464acc7303d9133a5418.ctex
Completed load for: 'res://assets/environment/dungeon/T_WoodTrim_BaseColor.png' remapped 'res://assets/environment/dungeon/T_WoodTrim_BaseColor.png' at thread -1
Loading resource: res://assets/environment/dungeon/T_WoodTrim_Roughness.png remapped: res://assets/environment/dungeon/T_WoodTrim_Roughness.png
Loading resource: res://.godot/imported/T_WoodTrim_Roughness.png-0f1f38d366df9b6768784272ecda658c.ctex remapped: res://.godot/imported/T_WoodTrim_Roughness.png-0f1f38d366df9b6768784272ecda658c.ctex
Completed load for: 'res://assets/environment/dungeon/T_WoodTrim_Roughness.png' remapped 'res://assets/environment/dungeon/T_WoodTrim_Roughness.png' at thread -1
Loading resource: res://assets/environment/dungeon/T_WoodTrim_Normal.png remapped: res://assets/environment/dungeon/T_WoodTrim_Normal.png
Loading resource: res://.godot/imported/T_WoodTrim_Normal.png-b352cb76bf8b1aed8134cd79b55646eb.ctex remapped: res://.godot/imported/T_WoodTrim_Normal.png-b352cb76bf8b1aed8134cd79b55646eb.ctex
Completed load for: 'res://assets/environment/dungeon/T_WoodTrim_Normal.png' remapped 'res://assets/environment/dungeon/T_WoodTrim_Normal.png' at thread -1
Completed load for: 'res://assets/environment/dungeon/Floor_WoodDark.gltf' remapped 'res://assets/environment/dungeon/Floor_WoodDark.gltf' at thread -1
Loading resource: res://assets/environment/dungeon/Corner_Exterior_Wood.gltf remapped: res://assets/environment/dungeon/Corner_Exterior_Wood.gltf
Loading resource: res://.godot/imported/Corner_Exterior_Wood.gltf-5ba65c327aeaf630e0a1a104d683df88.scn remapped: res://.godot/imported/Corner_Exterior_Wood.gltf-5ba65c327aeaf630e0a1a104d683df88.scn
Completed load for: 'res://assets/environment/dungeon/Corner_Exterior_Wood.gltf' remapped 'res://assets/environment/dungeon/Corner_Exterior_Wood.gltf' at thread -1
Loading resource: res://assets/environment/village/Roof_Wooden_2x1_L.gltf remapped: res://assets/environment/village/Roof_Wooden_2x1_L.gltf
Loading resource: res://.godot/imported/Roof_Wooden_2x1_L.gltf-c85fa6d7d4f194403695f18a11e7ceae.scn remapped: res://.godot/imported/Roof_Wooden_2x1_L.gltf-c85fa6d7d4f194403695f18a11e7ceae.scn
Loading resource: res://assets/environment/village/T_WoodTrim_BaseColor.png remapped: res://assets/environment/village/T_WoodTrim_BaseColor.png
Loading resource: res://.godot/imported/T_WoodTrim_BaseColor.png-86990a0681ab1c85ab3295de101304fd.ctex remapped: res://.godot/imported/T_WoodTrim_BaseColor.png-86990a0681ab1c85ab3295de101304fd.ctex
Completed load for: 'res://assets/environment/village/T_WoodTrim_BaseColor.png' remapped 'res://assets/environment/village/T_WoodTrim_BaseColor.png' at thread -1
Loading resource: res://assets/environment/village/T_WoodTrim_Roughness.png remapped: res://assets/environment/village/T_WoodTrim_Roughness.png
Loading resource: res://.godot/imported/T_WoodTrim_Roughness.png-01ee4dcee84ead384ae6c4368cd1d8bb.ctex remapped: res://.godot/imported/T_WoodTrim_Roughness.png-01ee4dcee84ead384ae6c4368cd1d8bb.ctex
Completed load for: 'res://assets/environment/village/T_WoodTrim_Roughness.png' remapped 'res://assets/environment/village/T_WoodTrim_Roughness.png' at thread -1
Loading resource: res://assets/environment/village/T_WoodTrim_Normal.png remapped: res://assets/environment/village/T_WoodTrim_Normal.png
Loading resource: res://.godot/imported/T_WoodTrim_Normal.png-6adc3c17c18e18b488025138865d3fa0.ctex remapped: res://.godot/imported/T_WoodTrim_Normal.png-6adc3c17c18e18b488025138865d3fa0.ctex
Completed load for: 'res://assets/environment/village/T_WoodTrim_Normal.png' remapped 'res://assets/environment/village/T_WoodTrim_Normal.png' at thread -1
Completed load for: 'res://assets/environment/village/Roof_Wooden_2x1_L.gltf' remapped 'res://assets/environment/village/Roof_Wooden_2x1_L.gltf' at thread -1
Loading resource: res://assets/environment/village/Roof_Wooden_2x1_R.gltf remapped: res://assets/environment/village/Roof_Wooden_2x1_R.gltf
Loading resource: res://.godot/imported/Roof_Wooden_2x1_R.gltf-a46ce07f65ffa223427dbdcb1829b09e.scn remapped: res://.godot/imported/Roof_Wooden_2x1_R.gltf-a46ce07f65ffa223427dbdcb1829b09e.scn
Completed load for: 'res://assets/environment/village/Roof_Wooden_2x1_R.gltf' remapped 'res://assets/environment/village/Roof_Wooden_2x1_R.gltf' at thread -1
Loading resource: res://assets/environment/props/Bed_Twin1.gltf remapped: res://assets/environment/props/Bed_Twin1.gltf
Loading resource: res://.godot/imported/Bed_Twin1.gltf-da2aa378bd7d5f81fc01cb019f649c72.scn remapped: res://.godot/imported/Bed_Twin1.gltf-da2aa378bd7d5f81fc01cb019f649c72.scn
Loading resource: res://assets/environment/props/T_Trim_Cloth_BaseColor.png remapped: res://assets/environment/props/T_Trim_Cloth_BaseColor.png
Loading resource: res://.godot/imported/T_Trim_Cloth_BaseColor.png-51095231745df0058ee65893f0310f21.ctex remapped: res://.godot/imported/T_Trim_Cloth_BaseColor.png-51095231745df0058ee65893f0310f21.ctex
Completed load for: 'res://assets/environment/props/T_Trim_Cloth_BaseColor.png' remapped 'res://assets/environment/props/T_Trim_Cloth_BaseColor.png' at thread -1
Loading resource: res://assets/environment/props/T_Trim_Cloth_ORM.png remapped: res://assets/environment/props/T_Trim_Cloth_ORM.png
Loading resource: res://.godot/imported/T_Trim_Cloth_ORM.png-cfccad7bd8b51106094143986de18794.ctex remapped: res://.godot/imported/T_Trim_Cloth_ORM.png-cfccad7bd8b51106094143986de18794.ctex
Completed load for: 'res://assets/environment/props/T_Trim_Cloth_ORM.png' remapped 'res://assets/environment/props/T_Trim_Cloth_ORM.png' at thread -1
Loading resource: res://assets/environment/props/T_Trim_Cloth_Normal.png remapped: res://assets/environment/props/T_Trim_Cloth_Normal.png
Loading resource: res://.godot/imported/T_Trim_Cloth_Normal.png-c56cadbada10f8e6108b9940d0e9d00f.ctex remapped: res://.godot/imported/T_Trim_Cloth_Normal.png-c56cadbada10f8e6108b9940d0e9d00f.ctex
Completed load for: 'res://assets/environment/props/T_Trim_Cloth_Normal.png' remapped 'res://assets/environment/props/T_Trim_Cloth_Normal.png' at thread -1
Completed load for: 'res://assets/environment/props/Bed_Twin1.gltf' remapped 'res://assets/environment/props/Bed_Twin1.gltf' at thread -1
Loading resource: res://assets/environment/props/Bag.gltf remapped: res://assets/environment/props/Bag.gltf
Loading resource: res://.godot/imported/Bag.gltf-4c80c567edfc27f0b23b64aa5bf3ac9b.scn remapped: res://.godot/imported/Bag.gltf-4c80c567edfc27f0b23b64aa5bf3ac9b.scn
Completed load for: 'res://assets/environment/props/Bag.gltf' remapped 'res://assets/environment/props/Bag.gltf' at thread -1
Loading resource: res://assets/environment/props/Rope_1.gltf remapped: res://assets/environment/props/Rope_1.gltf
Loading resource: res://.godot/imported/Rope_1.gltf-7d35bd61ab2b8dc2c1855e94016314dd.scn remapped: res://.godot/imported/Rope_1.gltf-7d35bd61ab2b8dc2c1855e94016314dd.scn
Completed load for: 'res://assets/environment/props/Rope_1.gltf' remapped 'res://assets/environment/props/Rope_1.gltf' at thread -1
Loading resource: res://assets/environment/dungeon/Prop_Wagon.gltf remapped: res://assets/environment/dungeon/Prop_Wagon.gltf
Loading resource: res://.godot/imported/Prop_Wagon.gltf-d1799b54486495cc86b05d72ed2156b1.scn remapped: res://.godot/imported/Prop_Wagon.gltf-d1799b54486495cc86b05d72ed2156b1.scn
Completed load for: 'res://assets/environment/dungeon/Prop_Wagon.gltf' remapped 'res://assets/environment/dungeon/Prop_Wagon.gltf' at thread -1
Loading resource: res://assets/environment/props/Stall_Cart_Empty.gltf remapped: res://assets/environment/props/Stall_Cart_Empty.gltf
Loading resource: res://.godot/imported/Stall_Cart_Empty.gltf-6481bf9d7048563630bc3dc4a0d731e2.scn remapped: res://.godot/imported/Stall_Cart_Empty.gltf-6481bf9d7048563630bc3dc4a0d731e2.scn
Completed load for: 'res://assets/environment/props/Stall_Cart_Empty.gltf' remapped 'res://assets/environment/props/Stall_Cart_Empty.gltf' at thread -1
Loading resource: res://assets/environment/props/WeaponStand.gltf remapped: res://assets/environment/props/WeaponStand.gltf
Loading resource: res://.godot/imported/WeaponStand.gltf-f94eacf0d8d7559cd018a39fc9fef551.scn remapped: res://.godot/imported/WeaponStand.gltf-f94eacf0d8d7559cd018a39fc9fef551.scn
Completed load for: 'res://assets/environment/props/WeaponStand.gltf' remapped 'res://assets/environment/props/WeaponStand.gltf' at thread -1
Loading resource: res://assets/environment/props/Crate_Wooden.gltf remapped: res://assets/environment/props/Crate_Wooden.gltf
Loading resource: res://.godot/imported/Crate_Wooden.gltf-feb2651a3e0a5120d7d7b311a41fc56c.scn remapped: res://.godot/imported/Crate_Wooden.gltf-feb2651a3e0a5120d7d7b311a41fc56c.scn
Completed load for: 'res://assets/environment/props/Crate_Wooden.gltf' remapped 'res://assets/environment/props/Crate_Wooden.gltf' at thread -1
Loading resource: res://assets/environment/props/Barrel.gltf remapped: res://assets/environment/props/Barrel.gltf
Loading resource: res://.godot/imported/Barrel.gltf-f5f6e8ee59e1d9ee9489bf76587863f3.scn remapped: res://.godot/imported/Barrel.gltf-f5f6e8ee59e1d9ee9489bf76587863f3.scn
Completed load for: 'res://assets/environment/props/Barrel.gltf' remapped 'res://assets/environment/props/Barrel.gltf' at thread -1
Loading resource: res://assets/environment/props/Barrel_Apples.gltf remapped: res://assets/environment/props/Barrel_Apples.gltf
Loading resource: res://.godot/imported/Barrel_Apples.gltf-ebc59c9a343ea8323be66b745ee2a70a.scn remapped: res://.godot/imported/Barrel_Apples.gltf-ebc59c9a343ea8323be66b745ee2a70a.scn
Loading resource: res://assets/environment/props/T_Trim_Props_BaseColor.png remapped: res://assets/environment/props/T_Trim_Props_BaseColor.png
Loading resource: res://.godot/imported/T_Trim_Props_BaseColor.png-68e37eb17459da245c22c3182c9cc94c.ctex remapped: res://.godot/imported/T_Trim_Props_BaseColor.png-68e37eb17459da245c22c3182c9cc94c.ctex
Completed load for: 'res://assets/environment/props/T_Trim_Props_BaseColor.png' remapped 'res://assets/environment/props/T_Trim_Props_BaseColor.png' at thread -1
Loading resource: res://assets/environment/props/T_Trim_Props_ORM.png remapped: res://assets/environment/props/T_Trim_Props_ORM.png
Loading resource: res://.godot/imported/T_Trim_Props_ORM.png-8ea4f7a1aeab101c29475d7dfc85d951.ctex remapped: res://.godot/imported/T_Trim_Props_ORM.png-8ea4f7a1aeab101c29475d7dfc85d951.ctex
Completed load for: 'res://assets/environment/props/T_Trim_Props_ORM.png' remapped 'res://assets/environment/props/T_Trim_Props_ORM.png' at thread -1
Loading resource: res://assets/environment/props/T_Trim_Props_Normal.png remapped: res://assets/environment/props/T_Trim_Props_Normal.png
Loading resource: res://.godot/imported/T_Trim_Props_Normal.png-b0e9ab73324ad9f716fb8f195f5cc6c3.ctex remapped: res://.godot/imported/T_Trim_Props_Normal.png-b0e9ab73324ad9f716fb8f195f5cc6c3.ctex
Completed load for: 'res://assets/environment/props/T_Trim_Props_Normal.png' remapped 'res://assets/environment/props/T_Trim_Props_Normal.png' at thread -1
Completed load for: 'res://assets/environment/props/Barrel_Apples.gltf' remapped 'res://assets/environment/props/Barrel_Apples.gltf' at thread -1
Loading resource: res://assets/environment/props/Table_Large.gltf remapped: res://assets/environment/props/Table_Large.gltf
Loading resource: res://.godot/imported/Table_Large.gltf-32475c3e4cb0921a04eb806612c08522.scn remapped: res://.godot/imported/Table_Large.gltf-32475c3e4cb0921a04eb806612c08522.scn
Completed load for: 'res://assets/environment/props/Table_Large.gltf' remapped 'res://assets/environment/props/Table_Large.gltf' at thread -1
Loading resource: res://assets/environment/props/Stool.gltf remapped: res://assets/environment/props/Stool.gltf
Loading resource: res://.godot/imported/Stool.gltf-a8ea4ff5407171e49440eb54f5a327b9.scn remapped: res://.godot/imported/Stool.gltf-a8ea4ff5407171e49440eb54f5a327b9.scn
Completed load for: 'res://assets/environment/props/Stool.gltf' remapped 'res://assets/environment/props/Stool.gltf' at thread -1
Loading resource: res://assets/environment/props/Banner_1.gltf remapped: res://assets/environment/props/Banner_1.gltf
Loading resource: res://.godot/imported/Banner_1.gltf-eb763f7a84d79e412e8c64790206c746.scn remapped: res://.godot/imported/Banner_1.gltf-eb763f7a84d79e412e8c64790206c746.scn
Completed load for: 'res://assets/environment/props/Banner_1.gltf' remapped 'res://assets/environment/props/Banner_1.gltf' at thread -1
Loading resource: res://assets/environment/rocks/RockPath_Round_Small_1.gltf remapped: res://assets/environment/rocks/RockPath_Round_Small_1.gltf
Loading resource: res://.godot/imported/RockPath_Round_Small_1.gltf-4f0ecd5a5a0ff22c51c5b9c735f568ee.scn remapped: res://.godot/imported/RockPath_Round_Small_1.gltf-4f0ecd5a5a0ff22c51c5b9c735f568ee.scn
Loading resource: res://assets/environment/rocks/PathRocks_Diffuse.png remapped: res://assets/environment/rocks/PathRocks_Diffuse.png
Loading resource: res://.godot/imported/PathRocks_Diffuse.png-2c1f0260fcb84273c7b1e0fec26c2cf2.ctex remapped: res://.godot/imported/PathRocks_Diffuse.png-2c1f0260fcb84273c7b1e0fec26c2cf2.ctex
Completed load for: 'res://assets/environment/rocks/PathRocks_Diffuse.png' remapped 'res://assets/environment/rocks/PathRocks_Diffuse.png' at thread -1
Completed load for: 'res://assets/environment/rocks/RockPath_Round_Small_1.gltf' remapped 'res://assets/environment/rocks/RockPath_Round_Small_1.gltf' at thread -1
Loading resource: res://scenes/world_v2/poi/RiversideVillagePlace.tscn remapped: res://scenes/world_v2/poi/RiversideVillagePlace.tscn
Loading resource: res://scripts/world_v2/poi/riverside_village_place.gd remapped: res://scripts/world_v2/poi/riverside_village_place.gd
Loading resource: res://assets/architecture/village/SM_Village_Quay.glb remapped: res://assets/architecture/village/SM_Village_Quay.glb
Loading resource: res://.godot/imported/SM_Village_Quay.glb-5d9ca751046d9c69fd2ad5becc295bd4.scn remapped: res://.godot/imported/SM_Village_Quay.glb-5d9ca751046d9c69fd2ad5becc295bd4.scn
Completed load for: 'res://assets/architecture/village/SM_Village_Quay.glb' remapped 'res://assets/architecture/village/SM_Village_Quay.glb' at thread -1
Loading resource: res://assets/architecture/village/SM_Village_Wall.glb remapped: res://assets/architecture/village/SM_Village_Wall.glb
Loading resource: res://.godot/imported/SM_Village_Wall.glb-2aa2f27892904a99f0d86a599bd3c188.scn remapped: res://.godot/imported/SM_Village_Wall.glb-2aa2f27892904a99f0d86a599bd3c188.scn
Completed load for: 'res://assets/architecture/village/SM_Village_Wall.glb' remapped 'res://assets/architecture/village/SM_Village_Wall.glb' at thread -1
Completed load for: 'res://scripts/world_v2/poi/riverside_village_place.gd' remapped 'res://scripts/world_v2/poi/riverside_village_place.gd' at thread -1
Completed load for: 'res://scenes/world_v2/poi/RiversideVillagePlace.tscn' remapped 'res://scenes/world_v2/poi/RiversideVillagePlace.tscn' at thread -1
Loading resource: res://assets/environment/village/Floor_WoodLight.gltf remapped: res://assets/environment/village/Floor_WoodLight.gltf
Loading resource: res://.godot/imported/Floor_WoodLight.gltf-a1cf9fb0a0485a3ac3680e3c198c7845.scn remapped: res://.godot/imported/Floor_WoodLight.gltf-a1cf9fb0a0485a3ac3680e3c198c7845.scn
Completed load for: 'res://assets/environment/village/Floor_WoodLight.gltf' remapped 'res://assets/environment/village/Floor_WoodLight.gltf' at thread -1
Loading resource: res://assets/environment/dungeon/Wall_Plaster_Straight.gltf remapped: res://assets/environment/dungeon/Wall_Plaster_Straight.gltf
Loading resource: res://.godot/imported/Wall_Plaster_Straight.gltf-92ce206854f2974b27bba01d480c72b0.scn remapped: res://.godot/imported/Wall_Plaster_Straight.gltf-92ce206854f2974b27bba01d480c72b0.scn
Loading resource: res://assets/environment/dungeon/T_Plaster_BaseColor.png remapped: res://assets/environment/dungeon/T_Plaster_BaseColor.png
Loading resource: res://.godot/imported/T_Plaster_BaseColor.png-21fa14a410d20f2be52572f579020023.ctex remapped: res://.godot/imported/T_Plaster_BaseColor.png-21fa14a410d20f2be52572f579020023.ctex
Completed load for: 'res://assets/environment/dungeon/T_Plaster_BaseColor.png' remapped 'res://assets/environment/dungeon/T_Plaster_BaseColor.png' at thread -1
Loading resource: res://assets/environment/dungeon/T_Plaster_ORM.png remapped: res://assets/environment/dungeon/T_Plaster_ORM.png
Loading resource: res://.godot/imported/T_Plaster_ORM.png-12cdbb20d1ef1d5e45c20b3dc9d23a38.ctex remapped: res://.godot/imported/T_Plaster_ORM.png-12cdbb20d1ef1d5e45c20b3dc9d23a38.ctex
Completed load for: 'res://assets/environment/dungeon/T_Plaster_ORM.png' remapped 'res://assets/environment/dungeon/T_Plaster_ORM.png' at thread -1
Loading resource: res://assets/environment/dungeon/T_Plaster_Normal.png remapped: res://assets/environment/dungeon/T_Plaster_Normal.png
Loading resource: res://.godot/imported/T_Plaster_Normal.png-4874ac84b51fc08773b6a6e9736938b4.ctex remapped: res://.godot/imported/T_Plaster_Normal.png-4874ac84b51fc08773b6a6e9736938b4.ctex
Completed load for: 'res://assets/environment/dungeon/T_Plaster_Normal.png' remapped 'res://assets/environment/dungeon/T_Plaster_Normal.png' at thread -1
Completed load for: 'res://assets/environment/dungeon/Wall_Plaster_Straight.gltf' remapped 'res://assets/environment/dungeon/Wall_Plaster_Straight.gltf' at thread -1
Loading resource: res://assets/environment/dungeon/Wall_Plaster_Window_Wide_Round.gltf remapped: res://assets/environment/dungeon/Wall_Plaster_Window_Wide_Round.gltf
Loading resource: res://.godot/imported/Wall_Plaster_Window_Wide_Round.gltf-b00bacc663664a8fbdf50b92434778c6.scn remapped: res://.godot/imported/Wall_Plaster_Window_Wide_Round.gltf-b00bacc663664a8fbdf50b92434778c6.scn
Loading resource: res://assets/environment/dungeon/T_Brick_BaseColor.png remapped: res://assets/environment/dungeon/T_Brick_BaseColor.png
Loading resource: res://.godot/imported/T_Brick_BaseColor.png-0232eb5d89f45eff3da0cf6153cf4789.ctex remapped: res://.godot/imported/T_Brick_BaseColor.png-0232eb5d89f45eff3da0cf6153cf4789.ctex
Completed load for: 'res://assets/environment/dungeon/T_Brick_BaseColor.png' remapped 'res://assets/environment/dungeon/T_Brick_BaseColor.png' at thread -1
Loading resource: res://assets/environment/dungeon/T_Brick_Roughness.png remapped: res://assets/environment/dungeon/T_Brick_Roughness.png
Loading resource: res://.godot/imported/T_Brick_Roughness.png-90b439d478fbc8173142fa79939b556b.ctex remapped: res://.godot/imported/T_Brick_Roughness.png-90b439d478fbc8173142fa79939b556b.ctex
Completed load for: 'res://assets/environment/dungeon/T_Brick_Roughness.png' remapped 'res://assets/environment/dungeon/T_Brick_Roughness.png' at thread -1
Loading resource: res://assets/environment/dungeon/T_Brick_Normal.png remapped: res://assets/environment/dungeon/T_Brick_Normal.png
Loading resource: res://.godot/imported/T_Brick_Normal.png-6f4c92fb7c17c28858a668d469b4c6bb.ctex remapped: res://.godot/imported/T_Brick_Normal.png-6f4c92fb7c17c28858a668d469b4c6bb.ctex
Completed load for: 'res://assets/environment/dungeon/T_Brick_Normal.png' remapped 'res://assets/environment/dungeon/T_Brick_Normal.png' at thread -1
Completed load for: 'res://assets/environment/dungeon/Wall_Plaster_Window_Wide_Round.gltf' remapped 'res://assets/environment/dungeon/Wall_Plaster_Window_Wide_Round.gltf' at thread -1
Loading resource: res://assets/environment/dungeon/Wall_Plaster_Door_Round.gltf remapped: res://assets/environment/dungeon/Wall_Plaster_Door_Round.gltf
Loading resource: res://.godot/imported/Wall_Plaster_Door_Round.gltf-e5724794768b844046da05d9767d3075.scn remapped: res://.godot/imported/Wall_Plaster_Door_Round.gltf-e5724794768b844046da05d9767d3075.scn
Loading resource: res://assets/environment/dungeon/T_RockTrim_BaseColor.png remapped: res://assets/environment/dungeon/T_RockTrim_BaseColor.png
Loading resource: res://.godot/imported/T_RockTrim_BaseColor.png-836be31cf4b5e4bcda695a526f822826.ctex remapped: res://.godot/imported/T_RockTrim_BaseColor.png-836be31cf4b5e4bcda695a526f822826.ctex
Completed load for: 'res://assets/environment/dungeon/T_RockTrim_BaseColor.png' remapped 'res://assets/environment/dungeon/T_RockTrim_BaseColor.png' at thread -1
Loading resource: res://assets/environment/dungeon/T_RockTrim_ORM.png remapped: res://assets/environment/dungeon/T_RockTrim_ORM.png
Loading resource: res://.godot/imported/T_RockTrim_ORM.png-38b187202288d0092361474c6249f8c0.ctex remapped: res://.godot/imported/T_RockTrim_ORM.png-38b187202288d0092361474c6249f8c0.ctex
Completed load for: 'res://assets/environment/dungeon/T_RockTrim_ORM.png' remapped 'res://assets/environment/dungeon/T_RockTrim_ORM.png' at thread -1
Loading resource: res://assets/environment/dungeon/T_RockTrim_Normal.png remapped: res://assets/environment/dungeon/T_RockTrim_Normal.png
Loading resource: res://.godot/imported/T_RockTrim_Normal.png-603b875e6dc27ebad631c51a6fc5df67.ctex remapped: res://.godot/imported/T_RockTrim_Normal.png-603b875e6dc27ebad631c51a6fc5df67.ctex
Completed load for: 'res://assets/environment/dungeon/T_RockTrim_Normal.png' remapped 'res://assets/environment/dungeon/T_RockTrim_Normal.png' at thread -1
Completed load for: 'res://assets/environment/dungeon/Wall_Plaster_Door_Round.gltf' remapped 'res://assets/environment/dungeon/Wall_Plaster_Door_Round.gltf' at thread -1
Loading resource: res://assets/environment/dungeon/Roof_RoundTiles_6x8.gltf remapped: res://assets/environment/dungeon/Roof_RoundTiles_6x8.gltf
Loading resource: res://.godot/imported/Roof_RoundTiles_6x8.gltf-ed331939a8e1292ce54eaa81f2fa7db7.scn remapped: res://.godot/imported/Roof_RoundTiles_6x8.gltf-ed331939a8e1292ce54eaa81f2fa7db7.scn
Loading resource: res://assets/environment/dungeon/T_RoundTiles_BaseColor.png remapped: res://assets/environment/dungeon/T_RoundTiles_BaseColor.png
Loading resource: res://.godot/imported/T_RoundTiles_BaseColor.png-56b735b2998863e27c09eadec0207620.ctex remapped: res://.godot/imported/T_RoundTiles_BaseColor.png-56b735b2998863e27c09eadec0207620.ctex
Completed load for: 'res://assets/environment/dungeon/T_RoundTiles_BaseColor.png' remapped 'res://assets/environment/dungeon/T_RoundTiles_BaseColor.png' at thread -1
Loading resource: res://assets/environment/dungeon/T_RoundTiles_Roughness.png remapped: res://assets/environment/dungeon/T_RoundTiles_Roughness.png
Loading resource: res://.godot/imported/T_RoundTiles_Roughness.png-3ae024700242ac53c56ffe0295e182d4.ctex remapped: res://.godot/imported/T_RoundTiles_Roughness.png-3ae024700242ac53c56ffe0295e182d4.ctex
Completed load for: 'res://assets/environment/dungeon/T_RoundTiles_Roughness.png' remapped 'res://assets/environment/dungeon/T_RoundTiles_Roughness.png' at thread -1
Loading resource: res://assets/environment/dungeon/T_RoundTiles_Normal.png remapped: res://assets/environment/dungeon/T_RoundTiles_Normal.png
Loading resource: res://.godot/imported/T_RoundTiles_Normal.png-5721a36defba00bce5a3924eb94024dc.ctex remapped: res://.godot/imported/T_RoundTiles_Normal.png-5721a36defba00bce5a3924eb94024dc.ctex
Completed load for: 'res://assets/environment/dungeon/T_RoundTiles_Normal.png' remapped 'res://assets/environment/dungeon/T_RoundTiles_Normal.png' at thread -1
Completed load for: 'res://assets/environment/dungeon/Roof_RoundTiles_6x8.gltf' remapped 'res://assets/environment/dungeon/Roof_RoundTiles_6x8.gltf' at thread -1
Loading resource: res://assets/environment/village/Roof_Front_Brick6.gltf remapped: res://assets/environment/village/Roof_Front_Brick6.gltf
Loading resource: res://.godot/imported/Roof_Front_Brick6.gltf-e3018cfbdd677aa34bf6a0a8bf783c69.scn remapped: res://.godot/imported/Roof_Front_Brick6.gltf-e3018cfbdd677aa34bf6a0a8bf783c69.scn
Loading resource: res://assets/environment/village/T_Plaster_BaseColor.png remapped: res://assets/environment/village/T_Plaster_BaseColor.png
Loading resource: res://.godot/imported/T_Plaster_BaseColor.png-326fdc3966427af25d15824527c02eba.ctex remapped: res://.godot/imported/T_Plaster_BaseColor.png-326fdc3966427af25d15824527c02eba.ctex
Completed load for: 'res://assets/environment/village/T_Plaster_BaseColor.png' remapped 'res://assets/environment/village/T_Plaster_BaseColor.png' at thread -1
Loading resource: res://assets/environment/village/T_Plaster_ORM.png remapped: res://assets/environment/village/T_Plaster_ORM.png
Loading resource: res://.godot/imported/T_Plaster_ORM.png-f4f10b20e743a097a82fcc2b24efaa3c.ctex remapped: res://.godot/imported/T_Plaster_ORM.png-f4f10b20e743a097a82fcc2b24efaa3c.ctex
Completed load for: 'res://assets/environment/village/T_Plaster_ORM.png' remapped 'res://assets/environment/village/T_Plaster_ORM.png' at thread -1
Loading resource: res://assets/environment/village/T_Plaster_Normal.png remapped: res://assets/environment/village/T_Plaster_Normal.png
Loading resource: res://.godot/imported/T_Plaster_Normal.png-1c0d9b12d88f58adf20725d0d31322ee.ctex remapped: res://.godot/imported/T_Plaster_Normal.png-1c0d9b12d88f58adf20725d0d31322ee.ctex
Completed load for: 'res://assets/environment/village/T_Plaster_Normal.png' remapped 'res://assets/environment/village/T_Plaster_Normal.png' at thread -1
Completed load for: 'res://assets/environment/village/Roof_Front_Brick6.gltf' remapped 'res://assets/environment/village/Roof_Front_Brick6.gltf' at thread -1
Loading resource: res://assets/environment/village/Overhang_Plaster_Long.gltf remapped: res://assets/environment/village/Overhang_Plaster_Long.gltf
Loading resource: res://.godot/imported/Overhang_Plaster_Long.gltf-4117d3f5f5ab4a96b7ebc410ac23af6d.scn remapped: res://.godot/imported/Overhang_Plaster_Long.gltf-4117d3f5f5ab4a96b7ebc410ac23af6d.scn
Completed load for: 'res://assets/environment/village/Overhang_Plaster_Long.gltf' remapped 'res://assets/environment/village/Overhang_Plaster_Long.gltf' at thread -1
Loading resource: res://assets/environment/dungeon/Prop_Chimney.gltf remapped: res://assets/environment/dungeon/Prop_Chimney.gltf
Loading resource: res://.godot/imported/Prop_Chimney.gltf-656a1ebab31a424e620d22334fc6c82f.scn remapped: res://.godot/imported/Prop_Chimney.gltf-656a1ebab31a424e620d22334fc6c82f.scn
Completed load for: 'res://assets/environment/dungeon/Prop_Chimney.gltf' remapped 'res://assets/environment/dungeon/Prop_Chimney.gltf' at thread -1
Loading resource: res://assets/environment/dungeon/Balcony_Simple_Straight.gltf remapped: res://assets/environment/dungeon/Balcony_Simple_Straight.gltf
Loading resource: res://.godot/imported/Balcony_Simple_Straight.gltf-75f4da2612260770900cf24b93b5f65d.scn remapped: res://.godot/imported/Balcony_Simple_Straight.gltf-75f4da2612260770900cf24b93b5f65d.scn
Completed load for: 'res://assets/environment/dungeon/Balcony_Simple_Straight.gltf' remapped 'res://assets/environment/dungeon/Balcony_Simple_Straight.gltf' at thread -1
Loading resource: res://assets/environment/props/Pot_1.gltf remapped: res://assets/environment/props/Pot_1.gltf
Loading resource: res://.godot/imported/Pot_1.gltf-e54a2a09b364eb05a4646d67bb0b1383.scn remapped: res://.godot/imported/Pot_1.gltf-e54a2a09b364eb05a4646d67bb0b1383.scn
Completed load for: 'res://assets/environment/props/Pot_1.gltf' remapped 'res://assets/environment/props/Pot_1.gltf' at thread -1
Loading resource: res://assets/environment/props/Shelf_Simple.gltf remapped: res://assets/environment/props/Shelf_Simple.gltf
Loading resource: res://.godot/imported/Shelf_Simple.gltf-022f489c7028cbb11ab0b138a37aa88c.scn remapped: res://.godot/imported/Shelf_Simple.gltf-022f489c7028cbb11ab0b138a37aa88c.scn
Completed load for: 'res://assets/environment/props/Shelf_Simple.gltf' remapped 'res://assets/environment/props/Shelf_Simple.gltf' at thread -1
Loading resource: res://assets/environment/props/Shelf_Arch.gltf remapped: res://assets/environment/props/Shelf_Arch.gltf
Loading resource: res://.godot/imported/Shelf_Arch.gltf-62ebe1545299e48b84148d18076a2510.scn remapped: res://.godot/imported/Shelf_Arch.gltf-62ebe1545299e48b84148d18076a2510.scn
Completed load for: 'res://assets/environment/props/Shelf_Arch.gltf' remapped 'res://assets/environment/props/Shelf_Arch.gltf' at thread -1
Loading resource: res://assets/environment/props/Bench.gltf remapped: res://assets/environment/props/Bench.gltf
Loading resource: res://.godot/imported/Bench.gltf-9bf2695a75caa72c80223a4f2981be95.scn remapped: res://.godot/imported/Bench.gltf-9bf2695a75caa72c80223a4f2981be95.scn
Completed load for: 'res://assets/environment/props/Bench.gltf' remapped 'res://assets/environment/props/Bench.gltf' at thread -1
Loading resource: res://assets/environment/props/Chair_1.gltf remapped: res://assets/environment/props/Chair_1.gltf
Loading resource: res://.godot/imported/Chair_1.gltf-84486c9f2e8dafe9606e9a524faf1137.scn remapped: res://.godot/imported/Chair_1.gltf-84486c9f2e8dafe9606e9a524faf1137.scn
Completed load for: 'res://assets/environment/props/Chair_1.gltf' remapped 'res://assets/environment/props/Chair_1.gltf' at thread -1
Loading resource: res://assets/environment/props/Mug.gltf remapped: res://assets/environment/props/Mug.gltf
Loading resource: res://.godot/imported/Mug.gltf-692d6195ee8086c4423047e17c442807.scn remapped: res://.godot/imported/Mug.gltf-692d6195ee8086c4423047e17c442807.scn
Completed load for: 'res://assets/environment/props/Mug.gltf' remapped 'res://assets/environment/props/Mug.gltf' at thread -1
Loading resource: res://assets/environment/props/Bottle_1.gltf remapped: res://assets/environment/props/Bottle_1.gltf
Loading resource: res://.godot/imported/Bottle_1.gltf-296937bc939a81e5ecf02900b6783efb.scn remapped: res://.godot/imported/Bottle_1.gltf-296937bc939a81e5ecf02900b6783efb.scn
Completed load for: 'res://assets/environment/props/Bottle_1.gltf' remapped 'res://assets/environment/props/Bottle_1.gltf' at thread -1
Loading resource: res://assets/environment/props/CandleStick.gltf remapped: res://assets/environment/props/CandleStick.gltf
Loading resource: res://.godot/imported/CandleStick.gltf-370ad4a237fd13a62106af7b787a55fc.scn remapped: res://.godot/imported/CandleStick.gltf-370ad4a237fd13a62106af7b787a55fc.scn
Completed load for: 'res://assets/environment/props/CandleStick.gltf' remapped 'res://assets/environment/props/CandleStick.gltf' at thread -1
Loading resource: res://assets/environment/props/Book_Stack_1.gltf remapped: res://assets/environment/props/Book_Stack_1.gltf
Loading resource: res://.godot/imported/Book_Stack_1.gltf-7ac137ba26f78241ff7392d2a3a3f02d.scn remapped: res://.godot/imported/Book_Stack_1.gltf-7ac137ba26f78241ff7392d2a3a3f02d.scn
Completed load for: 'res://assets/environment/props/Book_Stack_1.gltf' remapped 'res://assets/environment/props/Book_Stack_1.gltf' at thread -1
Loading resource: res://assets/environment/props/Barrel_Holder.gltf remapped: res://assets/environment/props/Barrel_Holder.gltf
Loading resource: res://.godot/imported/Barrel_Holder.gltf-603312428f4db600fa01b875bcf095a9.scn remapped: res://.godot/imported/Barrel_Holder.gltf-603312428f4db600fa01b875bcf095a9.scn
Completed load for: 'res://assets/environment/props/Barrel_Holder.gltf' remapped 'res://assets/environment/props/Barrel_Holder.gltf' at thread -1
Loading resource: res://assets/environment/props/FarmCrate_Apple.gltf remapped: res://assets/environment/props/FarmCrate_Apple.gltf
Loading resource: res://.godot/imported/FarmCrate_Apple.gltf-7ce7163709a9ab60f0e9c808a7c92223.scn remapped: res://.godot/imported/FarmCrate_Apple.gltf-7ce7163709a9ab60f0e9c808a7c92223.scn
Completed load for: 'res://assets/environment/props/FarmCrate_Apple.gltf' remapped 'res://assets/environment/props/FarmCrate_Apple.gltf' at thread -1
Loading resource: res://assets/environment/props/Chest_Wood.gltf remapped: res://assets/environment/props/Chest_Wood.gltf
Loading resource: res://.godot/imported/Chest_Wood.gltf-ec38e9e4d05aff82bbf8e98c4c624003.scn remapped: res://.godot/imported/Chest_Wood.gltf-ec38e9e4d05aff82bbf8e98c4c624003.scn
Completed load for: 'res://assets/environment/props/Chest_Wood.gltf' remapped 'res://assets/environment/props/Chest_Wood.gltf' at thread -1
Loading resource: res://assets/environment/village/Stair_Interior_Simple.gltf remapped: res://assets/environment/village/Stair_Interior_Simple.gltf
Loading resource: res://.godot/imported/Stair_Interior_Simple.gltf-22686b085f3ce71ae73a20c53818bc87.scn remapped: res://.godot/imported/Stair_Interior_Simple.gltf-22686b085f3ce71ae73a20c53818bc87.scn
Completed load for: 'res://assets/environment/village/Stair_Interior_Simple.gltf' remapped 'res://assets/environment/village/Stair_Interior_Simple.gltf' at thread -1
Loading resource: res://assets/environment/props/Lantern_Wall.gltf remapped: res://assets/environment/props/Lantern_Wall.gltf
Loading resource: res://.godot/imported/Lantern_Wall.gltf-076c86f29dbe1650f65f5c0c9778e965.scn remapped: res://.godot/imported/Lantern_Wall.gltf-076c86f29dbe1650f65f5c0c9778e965.scn
Completed load for: 'res://assets/environment/props/Lantern_Wall.gltf' remapped 'res://assets/environment/props/Lantern_Wall.gltf' at thread -1
Loading resource: res://assets/environment/dungeon/Floor_Brick.gltf remapped: res://assets/environment/dungeon/Floor_Brick.gltf
Loading resource: res://.godot/imported/Floor_Brick.gltf-bc606b4ccc94ed50bdb92e68ee437725.scn remapped: res://.godot/imported/Floor_Brick.gltf-bc606b4ccc94ed50bdb92e68ee437725.scn
Completed load for: 'res://assets/environment/dungeon/Floor_Brick.gltf' remapped 'res://assets/environment/dungeon/Floor_Brick.gltf' at thread -1
Loading resource: res://assets/environment/dungeon/Wall_UnevenBrick_Straight.gltf remapped: res://assets/environment/dungeon/Wall_UnevenBrick_Straight.gltf
Loading resource: res://.godot/imported/Wall_UnevenBrick_Straight.gltf-a5fa949101177eb6d5e00fd3a9342dea.scn remapped: res://.godot/imported/Wall_UnevenBrick_Straight.gltf-a5fa949101177eb6d5e00fd3a9342dea.scn
Loading resource: res://assets/environment/dungeon/T_UnevenBrick_BaseColor.png remapped: res://assets/environment/dungeon/T_UnevenBrick_BaseColor.png
Loading resource: res://.godot/imported/T_UnevenBrick_BaseColor.png-c1629c879ae96f49ce4e4b0d223af96a.ctex remapped: res://.godot/imported/T_UnevenBrick_BaseColor.png-c1629c879ae96f49ce4e4b0d223af96a.ctex
Completed load for: 'res://assets/environment/dungeon/T_UnevenBrick_BaseColor.png' remapped 'res://assets/environment/dungeon/T_UnevenBrick_BaseColor.png' at thread -1
Loading resource: res://assets/environment/dungeon/T_UnevenBrick_Roughness.png remapped: res://assets/environment/dungeon/T_UnevenBrick_Roughness.png
Loading resource: res://.godot/imported/T_UnevenBrick_Roughness.png-6eec12df5f7a270012dfcc522d45ccda.ctex remapped: res://.godot/imported/T_UnevenBrick_Roughness.png-6eec12df5f7a270012dfcc522d45ccda.ctex
Completed load for: 'res://assets/environment/dungeon/T_UnevenBrick_Roughness.png' remapped 'res://assets/environment/dungeon/T_UnevenBrick_Roughness.png' at thread -1
Loading resource: res://assets/environment/dungeon/T_UnevenBrick_Normal.png remapped: res://assets/environment/dungeon/T_UnevenBrick_Normal.png
Loading resource: res://.godot/imported/T_UnevenBrick_Normal.png-4c4acc831d02f7c14f65771fc884aaef.ctex remapped: res://.godot/imported/T_UnevenBrick_Normal.png-4c4acc831d02f7c14f65771fc884aaef.ctex
Completed load for: 'res://assets/environment/dungeon/T_UnevenBrick_Normal.png' remapped 'res://assets/environment/dungeon/T_UnevenBrick_Normal.png' at thread -1
Completed load for: 'res://assets/environment/dungeon/Wall_UnevenBrick_Straight.gltf' remapped 'res://assets/environment/dungeon/Wall_UnevenBrick_Straight.gltf' at thread -1
Loading resource: res://assets/environment/dungeon/Wall_UnevenBrick_Window_Wide_Round.gltf remapped: res://assets/environment/dungeon/Wall_UnevenBrick_Window_Wide_Round.gltf
Loading resource: res://.godot/imported/Wall_UnevenBrick_Window_Wide_Round.gltf-ba838e5777d82334b1a2f1c7b523cc31.scn remapped: res://.godot/imported/Wall_UnevenBrick_Window_Wide_Round.gltf-ba838e5777d82334b1a2f1c7b523cc31.scn
Completed load for: 'res://assets/environment/dungeon/Wall_UnevenBrick_Window_Wide_Round.gltf' remapped 'res://assets/environment/dungeon/Wall_UnevenBrick_Window_Wide_Round.gltf' at thread -1
Loading resource: res://assets/environment/dungeon/Wall_UnevenBrick_Door_Round.gltf remapped: res://assets/environment/dungeon/Wall_UnevenBrick_Door_Round.gltf
Loading resource: res://.godot/imported/Wall_UnevenBrick_Door_Round.gltf-c5c35b84b14d7c82c01000f4abd516fd.scn remapped: res://.godot/imported/Wall_UnevenBrick_Door_Round.gltf-c5c35b84b14d7c82c01000f4abd516fd.scn
Completed load for: 'res://assets/environment/dungeon/Wall_UnevenBrick_Door_Round.gltf' remapped 'res://assets/environment/dungeon/Wall_UnevenBrick_Door_Round.gltf' at thread -1
Loading resource: res://assets/environment/dungeon/Roof_RoundTiles_4x6.gltf remapped: res://assets/environment/dungeon/Roof_RoundTiles_4x6.gltf
Loading resource: res://.godot/imported/Roof_RoundTiles_4x6.gltf-7eda58c51ed4ed03bd562863774b63df.scn remapped: res://.godot/imported/Roof_RoundTiles_4x6.gltf-7eda58c51ed4ed03bd562863774b63df.scn
Completed load for: 'res://assets/environment/dungeon/Roof_RoundTiles_4x6.gltf' remapped 'res://assets/environment/dungeon/Roof_RoundTiles_4x6.gltf' at thread -1
Loading resource: res://assets/environment/village/Roof_Front_Brick4.gltf remapped: res://assets/environment/village/Roof_Front_Brick4.gltf
Loading resource: res://.godot/imported/Roof_Front_Brick4.gltf-cb2d613399977571cad27da316f5f9cd.scn remapped: res://.godot/imported/Roof_Front_Brick4.gltf-cb2d613399977571cad27da316f5f9cd.scn
Completed load for: 'res://assets/environment/village/Roof_Front_Brick4.gltf' remapped 'res://assets/environment/village/Roof_Front_Brick4.gltf' at thread -1
Loading resource: res://assets/environment/village/Overhang_UnevenBrick_Long.gltf remapped: res://assets/environment/village/Overhang_UnevenBrick_Long.gltf
Loading resource: res://.godot/imported/Overhang_UnevenBrick_Long.gltf-0a4b9502d98101d87ab37ee51d848adb.scn remapped: res://.godot/imported/Overhang_UnevenBrick_Long.gltf-0a4b9502d98101d87ab37ee51d848adb.scn
Loading resource: res://assets/environment/village/T_UnevenBrick_BaseColor.png remapped: res://assets/environment/village/T_UnevenBrick_BaseColor.png
Loading resource: res://.godot/imported/T_UnevenBrick_BaseColor.png-f005b077a5832452d02a515bd4511035.ctex remapped: res://.godot/imported/T_UnevenBrick_BaseColor.png-f005b077a5832452d02a515bd4511035.ctex
Completed load for: 'res://assets/environment/village/T_UnevenBrick_BaseColor.png' remapped 'res://assets/environment/village/T_UnevenBrick_BaseColor.png' at thread -1
Loading resource: res://assets/environment/village/T_UnevenBrick_Roughness.png remapped: res://assets/environment/village/T_UnevenBrick_Roughness.png
Loading resource: res://.godot/imported/T_UnevenBrick_Roughness.png-bd88d7c7e5ad86a61aac407155b5037a.ctex remapped: res://.godot/imported/T_UnevenBrick_Roughness.png-bd88d7c7e5ad86a61aac407155b5037a.ctex
Completed load for: 'res://assets/environment/village/T_UnevenBrick_Roughness.png' remapped 'res://assets/environment/village/T_UnevenBrick_Roughness.png' at thread -1
Loading resource: res://assets/environment/village/T_UnevenBrick_Normal.png remapped: res://assets/environment/village/T_UnevenBrick_Normal.png
Loading resource: res://.godot/imported/T_UnevenBrick_Normal.png-4d576abdeab99c6ae070d94fe7e54f6a.ctex remapped: res://.godot/imported/T_UnevenBrick_Normal.png-4d576abdeab99c6ae070d94fe7e54f6a.ctex
Completed load for: 'res://assets/environment/village/T_UnevenBrick_Normal.png' remapped 'res://assets/environment/village/T_UnevenBrick_Normal.png' at thread -1
Completed load for: 'res://assets/environment/village/Overhang_UnevenBrick_Long.gltf' remapped 'res://assets/environment/village/Overhang_UnevenBrick_Long.gltf' at thread -1
Loading resource: res://assets/environment/village/Overhang_Roof_UnevenBricks.gltf remapped: res://assets/environment/village/Overhang_Roof_UnevenBricks.gltf
Loading resource: res://.godot/imported/Overhang_Roof_UnevenBricks.gltf-6bf2feaa5d016b0173f28dfa5c6b217e.scn remapped: res://.godot/imported/Overhang_Roof_UnevenBricks.gltf-6bf2feaa5d016b0173f28dfa5c6b217e.scn
Completed load for: 'res://assets/environment/village/Overhang_Roof_UnevenBricks.gltf' remapped 'res://assets/environment/village/Overhang_Roof_UnevenBricks.gltf' at thread -1
Loading resource: res://assets/environment/props/Anvil_Log.gltf remapped: res://assets/environment/props/Anvil_Log.gltf
Loading resource: res://.godot/imported/Anvil_Log.gltf-5330692603f0f6d952328689d34c85e1.scn remapped: res://.godot/imported/Anvil_Log.gltf-5330692603f0f6d952328689d34c85e1.scn
Completed load for: 'res://assets/environment/props/Anvil_Log.gltf' remapped 'res://assets/environment/props/Anvil_Log.gltf' at thread -1
Loading resource: res://assets/environment/props/Anvil.gltf remapped: res://assets/environment/props/Anvil.gltf
Loading resource: res://.godot/imported/Anvil.gltf-c700704066bc361142f85cfeea063bbe.scn remapped: res://.godot/imported/Anvil.gltf-c700704066bc361142f85cfeea063bbe.scn
Completed load for: 'res://assets/environment/props/Anvil.gltf' remapped 'res://assets/environment/props/Anvil.gltf' at thread -1
Loading resource: res://assets/environment/props/Workbench.gltf remapped: res://assets/environment/props/Workbench.gltf
Loading resource: res://.godot/imported/Workbench.gltf-883b8e69976f75a34d8f06ce99d47ed1.scn remapped: res://.godot/imported/Workbench.gltf-883b8e69976f75a34d8f06ce99d47ed1.scn
Completed load for: 'res://assets/environment/props/Workbench.gltf' remapped 'res://assets/environment/props/Workbench.gltf' at thread -1
Loading resource: res://assets/environment/props/Whetstone.gltf remapped: res://assets/environment/props/Whetstone.gltf
Loading resource: res://.godot/imported/Whetstone.gltf-9d64f5f1deee1a31022dff40db0e1380.scn remapped: res://.godot/imported/Whetstone.gltf-9d64f5f1deee1a31022dff40db0e1380.scn
Completed load for: 'res://assets/environment/props/Whetstone.gltf' remapped 'res://assets/environment/props/Whetstone.gltf' at thread -1
Loading resource: res://assets/environment/props/FarmCrate_Carrot.gltf remapped: res://assets/environment/props/FarmCrate_Carrot.gltf
Loading resource: res://.godot/imported/FarmCrate_Carrot.gltf-c2c1a85f0dbaee8cc484e6e0167c92bd.scn remapped: res://.godot/imported/FarmCrate_Carrot.gltf-c2c1a85f0dbaee8cc484e6e0167c92bd.scn
Completed load for: 'res://assets/environment/props/FarmCrate_Carrot.gltf' remapped 'res://assets/environment/props/FarmCrate_Carrot.gltf' at thread -1
Loading resource: res://assets/environment/props/Axe_Bronze.gltf remapped: res://assets/environment/props/Axe_Bronze.gltf
Loading resource: res://.godot/imported/Axe_Bronze.gltf-2ad0baac692cd874673ffb57630e2f1e.scn remapped: res://.godot/imported/Axe_Bronze.gltf-2ad0baac692cd874673ffb57630e2f1e.scn
Completed load for: 'res://assets/environment/props/Axe_Bronze.gltf' remapped 'res://assets/environment/props/Axe_Bronze.gltf' at thread -1
Loading resource: res://assets/environment/props/Torch_Metal.gltf remapped: res://assets/environment/props/Torch_Metal.gltf
Loading resource: res://.godot/imported/Torch_Metal.gltf-481d45cf17a58a9e16e5be2a9c830edc.scn remapped: res://.godot/imported/Torch_Metal.gltf-481d45cf17a58a9e16e5be2a9c830edc.scn
Completed load for: 'res://assets/environment/props/Torch_Metal.gltf' remapped 'res://assets/environment/props/Torch_Metal.gltf' at thread -1
Loading resource: res://assets/environment/rocks/RockPath_Square_Wide.gltf remapped: res://assets/environment/rocks/RockPath_Square_Wide.gltf
Loading resource: res://.godot/imported/RockPath_Square_Wide.gltf-aa24950b4b5e0c865467f583a659fdd8.scn remapped: res://.godot/imported/RockPath_Square_Wide.gltf-aa24950b4b5e0c865467f583a659fdd8.scn
Completed load for: 'res://assets/environment/rocks/RockPath_Square_Wide.gltf' remapped 'res://assets/environment/rocks/RockPath_Square_Wide.gltf' at thread -1
Loading resource: res://assets/environment/rocks/RockPath_Round_Wide.gltf remapped: res://assets/environment/rocks/RockPath_Round_Wide.gltf
Loading resource: res://.godot/imported/RockPath_Round_Wide.gltf-7b27f445675d23b1a39114bb911b8c07.scn remapped: res://.godot/imported/RockPath_Round_Wide.gltf-7b27f445675d23b1a39114bb911b8c07.scn
Completed load for: 'res://assets/environment/rocks/RockPath_Round_Wide.gltf' remapped 'res://assets/environment/rocks/RockPath_Round_Wide.gltf' at thread -1
Loading resource: res://assets/environment/props/Bucket_Metal.gltf remapped: res://assets/environment/props/Bucket_Metal.gltf
Loading resource: res://.godot/imported/Bucket_Metal.gltf-efb60af54a6ea0ddcbf9d4fef0b85849.scn remapped: res://.godot/imported/Bucket_Metal.gltf-efb60af54a6ea0ddcbf9d4fef0b85849.scn
Completed load for: 'res://assets/environment/props/Bucket_Metal.gltf' remapped 'res://assets/environment/props/Bucket_Metal.gltf' at thread -1
Loading resource: res://assets/environment/props/Crate_Metal.gltf remapped: res://assets/environment/props/Crate_Metal.gltf
Loading resource: res://.godot/imported/Crate_Metal.gltf-eac6058bda74f261daa7f86f789dbca2.scn remapped: res://.godot/imported/Crate_Metal.gltf-eac6058bda74f261daa7f86f789dbca2.scn
Completed load for: 'res://assets/environment/props/Crate_Metal.gltf' remapped 'res://assets/environment/props/Crate_Metal.gltf' at thread -1
Loading resource: res://assets/environment/props/Chain_Coil.gltf remapped: res://assets/environment/props/Chain_Coil.gltf
Loading resource: res://.godot/imported/Chain_Coil.gltf-34438aa283311de41ab00349fa5d5443.scn remapped: res://.godot/imported/Chain_Coil.gltf-34438aa283311de41ab00349fa5d5443.scn
Completed load for: 'res://assets/environment/props/Chain_Coil.gltf' remapped 'res://assets/environment/props/Chain_Coil.gltf' at thread -1
Loading resource: res://assets/environment/props/FarmCrate_Empty.gltf remapped: res://assets/environment/props/FarmCrate_Empty.gltf
Loading resource: res://.godot/imported/FarmCrate_Empty.gltf-0c2f94e082aeb69e77f9bff7029f4199.scn remapped: res://.godot/imported/FarmCrate_Empty.gltf-0c2f94e082aeb69e77f9bff7029f4199.scn
Completed load for: 'res://assets/environment/props/FarmCrate_Empty.gltf' remapped 'res://assets/environment/props/FarmCrate_Empty.gltf' at thread -1
Loading resource: res://assets/environment/dungeon/Prop_WoodenFence_Single.gltf remapped: res://assets/environment/dungeon/Prop_WoodenFence_Single.gltf
Loading resource: res://.godot/imported/Prop_WoodenFence_Single.gltf-1e0ed4c2b4a88757213dfa45047c697b.scn remapped: res://.godot/imported/Prop_WoodenFence_Single.gltf-1e0ed4c2b4a88757213dfa45047c697b.scn
Completed load for: 'res://assets/environment/dungeon/Prop_WoodenFence_Single.gltf' remapped 'res://assets/environment/dungeon/Prop_WoodenFence_Single.gltf' at thread -1
Loading resource: res://assets/environment/rocks/RockPath_Round_Thin.gltf remapped: res://assets/environment/rocks/RockPath_Round_Thin.gltf
Loading resource: res://.godot/imported/RockPath_Round_Thin.gltf-8853d1c79b4afa681c84473d9451848b.scn remapped: res://.godot/imported/RockPath_Round_Thin.gltf-8853d1c79b4afa681c84473d9451848b.scn
Completed load for: 'res://assets/environment/rocks/RockPath_Round_Thin.gltf' remapped 'res://assets/environment/rocks/RockPath_Round_Thin.gltf' at thread -1
[hameau] implantation vérifiée : 3 toiture(s), 10 collider(s), 24 appui(s) — aucune faute.
Loading resource: res://scenes/world_v2/poi/AbandonedFarmPlace.tscn remapped: res://scenes/world_v2/poi/AbandonedFarmPlace.tscn
Loading resource: res://scripts/world_v2/poi/abandoned_farm_place.gd remapped: res://scripts/world_v2/poi/abandoned_farm_place.gd
Loading resource: res://assets/architecture/farm/SM_Farm_Ruins.glb remapped: res://assets/architecture/farm/SM_Farm_Ruins.glb
Loading resource: res://.godot/imported/SM_Farm_Ruins.glb-28d70cfee8f3397b7c7eed2c565755db.scn remapped: res://.godot/imported/SM_Farm_Ruins.glb-28d70cfee8f3397b7c7eed2c565755db.scn
Completed load for: 'res://assets/architecture/farm/SM_Farm_Ruins.glb' remapped 'res://assets/architecture/farm/SM_Farm_Ruins.glb' at thread -1
Completed load for: 'res://scripts/world_v2/poi/abandoned_farm_place.gd' remapped 'res://scripts/world_v2/poi/abandoned_farm_place.gd' at thread -1
Completed load for: 'res://scenes/world_v2/poi/AbandonedFarmPlace.tscn' remapped 'res://scenes/world_v2/poi/AbandonedFarmPlace.tscn' at thread -1
Loading resource: res://assets/environment/dungeon/Wall_UnevenBrick_Window_Thin_Round.gltf remapped: res://assets/environment/dungeon/Wall_UnevenBrick_Window_Thin_Round.gltf
Loading resource: res://.godot/imported/Wall_UnevenBrick_Window_Thin_Round.gltf-e19d69f4d110c88925de8910a6b6fd84.scn remapped: res://.godot/imported/Wall_UnevenBrick_Window_Thin_Round.gltf-e19d69f4d110c88925de8910a6b6fd84.scn
Completed load for: 'res://assets/environment/dungeon/Wall_UnevenBrick_Window_Thin_Round.gltf' remapped 'res://assets/environment/dungeon/Wall_UnevenBrick_Window_Thin_Round.gltf' at thread -1
Loading resource: res://assets/environment/dungeon/Corner_Exterior_Brick.gltf remapped: res://assets/environment/dungeon/Corner_Exterior_Brick.gltf
Loading resource: res://.godot/imported/Corner_Exterior_Brick.gltf-2ad6f832d55ea544fc0239f90e58afe9.scn remapped: res://.godot/imported/Corner_Exterior_Brick.gltf-2ad6f832d55ea544fc0239f90e58afe9.scn
Completed load for: 'res://assets/environment/dungeon/Corner_Exterior_Brick.gltf' remapped 'res://assets/environment/dungeon/Corner_Exterior_Brick.gltf' at thread -1
Loading resource: res://assets/environment/village/T_RoundTiles_BaseColor.png remapped: res://assets/environment/village/T_RoundTiles_BaseColor.png
Loading resource: res://.godot/imported/T_RoundTiles_BaseColor.png-acfc0a9f16e49413e9b2edf47b3cfbcb.ctex remapped: res://.godot/imported/T_RoundTiles_BaseColor.png-acfc0a9f16e49413e9b2edf47b3cfbcb.ctex
Completed load for: 'res://assets/environment/village/T_RoundTiles_BaseColor.png' remapped 'res://assets/environment/village/T_RoundTiles_BaseColor.png' at thread -1
Loading resource: res://assets/environment/village/T_RoundTiles_Normal.png remapped: res://assets/environment/village/T_RoundTiles_Normal.png
Loading resource: res://.godot/imported/T_RoundTiles_Normal.png-88cd9b06fb42b57366ea67c355996437.ctex remapped: res://.godot/imported/T_RoundTiles_Normal.png-88cd9b06fb42b57366ea67c355996437.ctex
Completed load for: 'res://assets/environment/village/T_RoundTiles_Normal.png' remapped 'res://assets/environment/village/T_RoundTiles_Normal.png' at thread -1
Loading resource: res://assets/environment/village/T_RoundTiles_Roughness.png remapped: res://assets/environment/village/T_RoundTiles_Roughness.png
Loading resource: res://.godot/imported/T_RoundTiles_Roughness.png-485fbd81f108b2b8537d9ee4a2032c5c.ctex remapped: res://.godot/imported/T_RoundTiles_Roughness.png-485fbd81f108b2b8537d9ee4a2032c5c.ctex
Completed load for: 'res://assets/environment/village/T_RoundTiles_Roughness.png' remapped 'res://assets/environment/village/T_RoundTiles_Roughness.png' at thread -1
Loading resource: res://assets/environment/dungeon/Door_1_Round.gltf remapped: res://assets/environment/dungeon/Door_1_Round.gltf
Loading resource: res://.godot/imported/Door_1_Round.gltf-30b32361a0588ecbced7e4de479980ea.scn remapped: res://.godot/imported/Door_1_Round.gltf-30b32361a0588ecbced7e4de479980ea.scn
Completed load for: 'res://assets/environment/dungeon/Door_1_Round.gltf' remapped 'res://assets/environment/dungeon/Door_1_Round.gltf' at thread -1
Loading resource: res://assets/environment/dungeon/Prop_Vine1.gltf remapped: res://assets/environment/dungeon/Prop_Vine1.gltf
Loading resource: res://.godot/imported/Prop_Vine1.gltf-f53e1789fd540fc9037abb294cc4c6b8.scn remapped: res://.godot/imported/Prop_Vine1.gltf-f53e1789fd540fc9037abb294cc4c6b8.scn
Loading resource: res://assets/environment/dungeon/T_VineLeaf_png.png remapped: res://assets/environment/dungeon/T_VineLeaf_png.png
Loading resource: res://.godot/imported/T_VineLeaf_png.png-7ea9061222496c90d7cc3c714222e38b.ctex remapped: res://.godot/imported/T_VineLeaf_png.png-7ea9061222496c90d7cc3c714222e38b.ctex
Completed load for: 'res://assets/environment/dungeon/T_VineLeaf_png.png' remapped 'res://assets/environment/dungeon/T_VineLeaf_png.png' at thread -1
Completed load for: 'res://assets/environment/dungeon/Prop_Vine1.gltf' remapped 'res://assets/environment/dungeon/Prop_Vine1.gltf' at thread -1
Loading resource: res://assets/environment/dungeon/Prop_Vine2.gltf remapped: res://assets/environment/dungeon/Prop_Vine2.gltf
Loading resource: res://.godot/imported/Prop_Vine2.gltf-1159bfa4480bc4293566634b14ffe5c8.scn remapped: res://.godot/imported/Prop_Vine2.gltf-1159bfa4480bc4293566634b14ffe5c8.scn
Completed load for: 'res://assets/environment/dungeon/Prop_Vine2.gltf' remapped 'res://assets/environment/dungeon/Prop_Vine2.gltf' at thread -1
Loading resource: res://assets/environment/foliage/CommonTree_4.gltf remapped: res://assets/environment/foliage/CommonTree_4.gltf
Loading resource: res://.godot/imported/CommonTree_4.gltf-9f7e4f52960303d93c2b2a0a8abea59e.scn remapped: res://.godot/imported/CommonTree_4.gltf-9f7e4f52960303d93c2b2a0a8abea59e.scn
Loading resource: res://assets/environment/foliage/Bark_NormalTree.png remapped: res://assets/environment/foliage/Bark_NormalTree.png
Loading resource: res://.godot/imported/Bark_NormalTree.png-b11eafaa6604d6d8d64d2312b849ce2e.ctex remapped: res://.godot/imported/Bark_NormalTree.png-b11eafaa6604d6d8d64d2312b849ce2e.ctex
Completed load for: 'res://assets/environment/foliage/Bark_NormalTree.png' remapped 'res://assets/environment/foliage/Bark_NormalTree.png' at thread -1
Loading resource: res://assets/environment/foliage/Bark_NormalTree_Normal.png remapped: res://assets/environment/foliage/Bark_NormalTree_Normal.png
Loading resource: res://.godot/imported/Bark_NormalTree_Normal.png-7d3bf7ee5584b7f127750cce868f56a3.ctex remapped: res://.godot/imported/Bark_NormalTree_Normal.png-7d3bf7ee5584b7f127750cce868f56a3.ctex
Completed load for: 'res://assets/environment/foliage/Bark_NormalTree_Normal.png' remapped 'res://assets/environment/foliage/Bark_NormalTree_Normal.png' at thread -1
Loading resource: res://assets/environment/foliage/Leaves_NormalTree_C.png remapped: res://assets/environment/foliage/Leaves_NormalTree_C.png
Loading resource: res://.godot/imported/Leaves_NormalTree_C.png-5bdc0c6eb7a3f4f244e8baa66fb6a19e.ctex remapped: res://.godot/imported/Leaves_NormalTree_C.png-5bdc0c6eb7a3f4f244e8baa66fb6a19e.ctex
Completed load for: 'res://assets/environment/foliage/Leaves_NormalTree_C.png' remapped 'res://assets/environment/foliage/Leaves_NormalTree_C.png' at thread -1
Completed load for: 'res://assets/environment/foliage/CommonTree_4.gltf' remapped 'res://assets/environment/foliage/CommonTree_4.gltf' at thread -1
Loading resource: res://assets/environment/foliage/Bush_Common_Flowers.gltf remapped: res://assets/environment/foliage/Bush_Common_Flowers.gltf
Loading resource: res://.godot/imported/Bush_Common_Flowers.gltf-3d6ac165f5fcbeb7afba7f436e3b4e1f.scn remapped: res://.godot/imported/Bush_Common_Flowers.gltf-3d6ac165f5fcbeb7afba7f436e3b4e1f.scn
Loading resource: res://assets/environment/foliage/Flowers.png remapped: res://assets/environment/foliage/Flowers.png
Loading resource: res://.godot/imported/Flowers.png-d8a076e156ef5470ced8e0ec071dfbe3.ctex remapped: res://.godot/imported/Flowers.png-d8a076e156ef5470ced8e0ec071dfbe3.ctex
Completed load for: 'res://assets/environment/foliage/Flowers.png' remapped 'res://assets/environment/foliage/Flowers.png' at thread -1
Completed load for: 'res://assets/environment/foliage/Bush_Common_Flowers.gltf' remapped 'res://assets/environment/foliage/Bush_Common_Flowers.gltf' at thread -1
Loading resource: res://assets/environment/foliage/Bush_Common.gltf remapped: res://assets/environment/foliage/Bush_Common.gltf
Loading resource: res://.godot/imported/Bush_Common.gltf-30a9bb081a05907626bcee89f9d97e86.scn remapped: res://.godot/imported/Bush_Common.gltf-30a9bb081a05907626bcee89f9d97e86.scn
Loading resource: res://assets/environment/foliage/Leaves_TwistedTree_C_olive.png remapped: res://assets/environment/foliage/Leaves_TwistedTree_C_olive.png
Loading resource: res://.godot/imported/Leaves_TwistedTree_C_olive.png-1e2e4318f630c57102dea534cc7289fb.ctex remapped: res://.godot/imported/Leaves_TwistedTree_C_olive.png-1e2e4318f630c57102dea534cc7289fb.ctex
Completed load for: 'res://assets/environment/foliage/Leaves_TwistedTree_C_olive.png' remapped 'res://assets/environment/foliage/Leaves_TwistedTree_C_olive.png' at thread -1
Completed load for: 'res://assets/environment/foliage/Bush_Common.gltf' remapped 'res://assets/environment/foliage/Bush_Common.gltf' at thread -1
Loading resource: res://scenes/world_v2/poi/StoneBridgePlace.tscn remapped: res://scenes/world_v2/poi/StoneBridgePlace.tscn
Loading resource: res://scripts/world_v2/poi/stone_bridge_place.gd remapped: res://scripts/world_v2/poi/stone_bridge_place.gd
Loading resource: res://assets/architecture/stone_bridge/SM_StoneBridge_Arch.glb remapped: res://assets/architecture/stone_bridge/SM_StoneBridge_Arch.glb
Loading resource: res://.godot/imported/SM_StoneBridge_Arch.glb-72b906e8d90d0608a1c8bb277ef5f013.scn remapped: res://.godot/imported/SM_StoneBridge_Arch.glb-72b906e8d90d0608a1c8bb277ef5f013.scn
Completed load for: 'res://assets/architecture/stone_bridge/SM_StoneBridge_Arch.glb' remapped 'res://assets/architecture/stone_bridge/SM_StoneBridge_Arch.glb' at thread -1
Completed load for: 'res://scripts/world_v2/poi/stone_bridge_place.gd' remapped 'res://scripts/world_v2/poi/stone_bridge_place.gd' at thread -1
Completed load for: 'res://scenes/world_v2/poi/StoneBridgePlace.tscn' remapped 'res://scenes/world_v2/poi/StoneBridgePlace.tscn' at thread -1
Loading resource: res://scenes/world_v2/poi/WaterfallCavePlace.tscn remapped: res://scenes/world_v2/poi/WaterfallCavePlace.tscn
Loading resource: res://scripts/world_v2/poi/waterfall_cave_place.gd remapped: res://scripts/world_v2/poi/waterfall_cave_place.gd
Completed load for: 'res://scripts/world_v2/poi/waterfall_cave_place.gd' remapped 'res://scripts/world_v2/poi/waterfall_cave_place.gd' at thread -1
Completed load for: 'res://scenes/world_v2/poi/WaterfallCavePlace.tscn' remapped 'res://scenes/world_v2/poi/WaterfallCavePlace.tscn' at thread -1
Loading resource: res://assets/environment/caves/SM_WaterfallCave_r2a358.glb remapped: res://assets/environment/caves/SM_WaterfallCave_r2a358.glb
Loading resource: res://.godot/imported/SM_WaterfallCave_r2a358.glb-86b615ae468087d1f39c58e2641eacab.scn remapped: res://.godot/imported/SM_WaterfallCave_r2a358.glb-86b615ae468087d1f39c58e2641eacab.scn
Completed load for: 'res://assets/environment/caves/SM_WaterfallCave_r2a358.glb' remapped 'res://assets/environment/caves/SM_WaterfallCave_r2a358.glb' at thread -1
Loading resource: res://assets/environment/foliage/Mushroom_Common.gltf remapped: res://assets/environment/foliage/Mushroom_Common.gltf
Loading resource: res://.godot/imported/Mushroom_Common.gltf-0f789a805f0a56e14bde93a15f7c429d.scn remapped: res://.godot/imported/Mushroom_Common.gltf-0f789a805f0a56e14bde93a15f7c429d.scn
Loading resource: res://assets/environment/foliage/Mushrooms.png remapped: res://assets/environment/foliage/Mushrooms.png
Loading resource: res://.godot/imported/Mushrooms.png-19862fc97171b39fc19674b737628b7d.ctex remapped: res://.godot/imported/Mushrooms.png-19862fc97171b39fc19674b737628b7d.ctex
Completed load for: 'res://assets/environment/foliage/Mushrooms.png' remapped 'res://assets/environment/foliage/Mushrooms.png' at thread -1
Completed load for: 'res://assets/environment/foliage/Mushroom_Common.gltf' remapped 'res://assets/environment/foliage/Mushroom_Common.gltf' at thread -1
Loading resource: res://assets/environment/foliage/Fern_1.gltf remapped: res://assets/environment/foliage/Fern_1.gltf
Loading resource: res://.godot/imported/Fern_1.gltf-d1d8858c920ba4174b83a79c4e75a790.scn remapped: res://.godot/imported/Fern_1.gltf-d1d8858c920ba4174b83a79c4e75a790.scn
Loading resource: res://assets/environment/foliage/Leaves.png remapped: res://assets/environment/foliage/Leaves.png
Loading resource: res://.godot/imported/Leaves.png-3a056d0f75db6f481276190747be43f0.ctex remapped: res://.godot/imported/Leaves.png-3a056d0f75db6f481276190747be43f0.ctex
Completed load for: 'res://assets/environment/foliage/Leaves.png' remapped 'res://assets/environment/foliage/Leaves.png' at thread -1
Completed load for: 'res://assets/environment/foliage/Fern_1.gltf' remapped 'res://assets/environment/foliage/Fern_1.gltf' at thread -1
Loading resource: res://scenes/world_v2/poi/ThunderstruckTreePlace.tscn remapped: res://scenes/world_v2/poi/ThunderstruckTreePlace.tscn
Loading resource: res://scripts/world_v2/poi/thunderstruck_tree_place.gd remapped: res://scripts/world_v2/poi/thunderstruck_tree_place.gd
Loading resource: res://assets/architecture/flora/SM_ThunderstruckTree.glb remapped: res://assets/architecture/flora/SM_ThunderstruckTree.glb
Loading resource: res://.godot/imported/SM_ThunderstruckTree.glb-a072e884a4c79baf688290efe4e8504f.scn remapped: res://.godot/imported/SM_ThunderstruckTree.glb-a072e884a4c79baf688290efe4e8504f.scn
Completed load for: 'res://assets/architecture/flora/SM_ThunderstruckTree.glb' remapped 'res://assets/architecture/flora/SM_ThunderstruckTree.glb' at thread -1
Completed load for: 'res://scripts/world_v2/poi/thunderstruck_tree_place.gd' remapped 'res://scripts/world_v2/poi/thunderstruck_tree_place.gd' at thread -1
Completed load for: 'res://scenes/world_v2/poi/ThunderstruckTreePlace.tscn' remapped 'res://scenes/world_v2/poi/ThunderstruckTreePlace.tscn' at thread -1
Loading resource: res://assets/environment/foliage/Plant_1.gltf remapped: res://assets/environment/foliage/Plant_1.gltf
Loading resource: res://.godot/imported/Plant_1.gltf-c2f0633571ea4624e5e457ae7501822a.scn remapped: res://.godot/imported/Plant_1.gltf-c2f0633571ea4624e5e457ae7501822a.scn
Completed load for: 'res://assets/environment/foliage/Plant_1.gltf' remapped 'res://assets/environment/foliage/Plant_1.gltf' at thread -1
Loading resource: res://scenes/world_v2/poi/EmberRaiderCampPlace.tscn remapped: res://scenes/world_v2/poi/EmberRaiderCampPlace.tscn
Loading resource: res://scripts/world_v2/poi/ember_raider_camp_place.gd remapped: res://scripts/world_v2/poi/ember_raider_camp_place.gd
Completed load for: 'res://scripts/world_v2/poi/ember_raider_camp_place.gd' remapped 'res://scripts/world_v2/poi/ember_raider_camp_place.gd' at thread -1
Completed load for: 'res://scenes/world_v2/poi/EmberRaiderCampPlace.tscn' remapped 'res://scenes/world_v2/poi/EmberRaiderCampPlace.tscn' at thread -1
Loading resource: res://assets/environment/dungeon/SM_Dungeon_RubbleLarge.glb remapped: res://assets/environment/dungeon/SM_Dungeon_RubbleLarge.glb
Loading resource: res://.godot/imported/SM_Dungeon_RubbleLarge.glb-93ded673f9a74e2109774aaaaf57d004.scn remapped: res://.godot/imported/SM_Dungeon_RubbleLarge.glb-93ded673f9a74e2109774aaaaf57d004.scn
Loading resource: res://assets/environment/dungeon/Textures/colormap_castle.png remapped: res://assets/environment/dungeon/Textures/colormap_castle.png
Loading resource: res://.godot/imported/colormap_castle.png-87dfde37345821991b292c6e1d29a8f0.ctex remapped: res://.godot/imported/colormap_castle.png-87dfde37345821991b292c6e1d29a8f0.ctex
Completed load for: 'res://assets/environment/dungeon/Textures/colormap_castle.png' remapped 'res://assets/environment/dungeon/Textures/colormap_castle.png' at thread -1
Completed load for: 'res://assets/environment/dungeon/SM_Dungeon_RubbleLarge.glb' remapped 'res://assets/environment/dungeon/SM_Dungeon_RubbleLarge.glb' at thread -1
Loading resource: res://assets/environment/props/Banner_2_Cloth.gltf remapped: res://assets/environment/props/Banner_2_Cloth.gltf
Loading resource: res://.godot/imported/Banner_2_Cloth.gltf-e286ba95f946fa52a290a9c960efdb90.scn remapped: res://.godot/imported/Banner_2_Cloth.gltf-e286ba95f946fa52a290a9c960efdb90.scn
Completed load for: 'res://assets/environment/props/Banner_2_Cloth.gltf' remapped 'res://assets/environment/props/Banner_2_Cloth.gltf' at thread -1
Loading resource: res://assets/environment/dungeon/SM_Dungeon_RubbleSmall.glb remapped: res://assets/environment/dungeon/SM_Dungeon_RubbleSmall.glb
Loading resource: res://.godot/imported/SM_Dungeon_RubbleSmall.glb-39de03bcc5a230d74c0e4c6365b52648.scn remapped: res://.godot/imported/SM_Dungeon_RubbleSmall.glb-39de03bcc5a230d74c0e4c6365b52648.scn
Completed load for: 'res://assets/environment/dungeon/SM_Dungeon_RubbleSmall.glb' remapped 'res://assets/environment/dungeon/SM_Dungeon_RubbleSmall.glb' at thread -1
Loading resource: res://assets/environment/dungeon/Roof_Wooden_2x1.gltf remapped: res://assets/environment/dungeon/Roof_Wooden_2x1.gltf
Loading resource: res://.godot/imported/Roof_Wooden_2x1.gltf-d13ac1a35d6fc14574d49de1c24a0dab.scn remapped: res://.godot/imported/Roof_Wooden_2x1.gltf-d13ac1a35d6fc14574d49de1c24a0dab.scn
Completed load for: 'res://assets/environment/dungeon/Roof_Wooden_2x1.gltf' remapped 'res://assets/environment/dungeon/Roof_Wooden_2x1.gltf' at thread -1
Loading resource: res://assets/environment/foliage/DeadTree_1.gltf remapped: res://assets/environment/foliage/DeadTree_1.gltf
Loading resource: res://.godot/imported/DeadTree_1.gltf-8914b1f302c7bdaa7276a3b93f4dd711.scn remapped: res://.godot/imported/DeadTree_1.gltf-8914b1f302c7bdaa7276a3b93f4dd711.scn
Loading resource: res://assets/environment/foliage/Bark_DeadTree.png remapped: res://assets/environment/foliage/Bark_DeadTree.png
Loading resource: res://.godot/imported/Bark_DeadTree.png-3015f7caf0f02e2bb71c1578d16fb371.ctex remapped: res://.godot/imported/Bark_DeadTree.png-3015f7caf0f02e2bb71c1578d16fb371.ctex
Completed load for: 'res://assets/environment/foliage/Bark_DeadTree.png' remapped 'res://assets/environment/foliage/Bark_DeadTree.png' at thread -1
Loading resource: res://assets/environment/foliage/Bark_DeadTree_Normal.png remapped: res://assets/environment/foliage/Bark_DeadTree_Normal.png
Loading resource: res://.godot/imported/Bark_DeadTree_Normal.png-f3fc0adfb88eda6ffa047d2b3040accd.ctex remapped: res://.godot/imported/Bark_DeadTree_Normal.png-f3fc0adfb88eda6ffa047d2b3040accd.ctex
Completed load for: 'res://assets/environment/foliage/Bark_DeadTree_Normal.png' remapped 'res://assets/environment/foliage/Bark_DeadTree_Normal.png' at thread -1
Completed load for: 'res://assets/environment/foliage/DeadTree_1.gltf' remapped 'res://assets/environment/foliage/DeadTree_1.gltf' at thread -1
Loading resource: res://assets/environment/foliage/DeadTree_2.gltf remapped: res://assets/environment/foliage/DeadTree_2.gltf
Loading resource: res://.godot/imported/DeadTree_2.gltf-88ad9b75c868a53de8b19d0b19001ae3.scn remapped: res://.godot/imported/DeadTree_2.gltf-88ad9b75c868a53de8b19d0b19001ae3.scn
Completed load for: 'res://assets/environment/foliage/DeadTree_2.gltf' remapped 'res://assets/environment/foliage/DeadTree_2.gltf' at thread -1
Loading resource: res://scenes/world_v2/poi/ConductiveBasinPlace.tscn remapped: res://scenes/world_v2/poi/ConductiveBasinPlace.tscn
Loading resource: res://scripts/world_v2/poi/conductive_basin_place.gd remapped: res://scripts/world_v2/poi/conductive_basin_place.gd
Loading resource: res://resources/materials/MAT_PROFILE_eau.tres remapped: res://resources/materials/MAT_PROFILE_eau.tres
Completed load for: 'res://resources/materials/MAT_PROFILE_eau.tres' remapped 'res://resources/materials/MAT_PROFILE_eau.tres' at thread -1
Completed load for: 'res://scripts/world_v2/poi/conductive_basin_place.gd' remapped 'res://scripts/world_v2/poi/conductive_basin_place.gd' at thread -1
Completed load for: 'res://scenes/world_v2/poi/ConductiveBasinPlace.tscn' remapped 'res://scenes/world_v2/poi/ConductiveBasinPlace.tscn' at thread -1
Loading resource: res://assets/environment/dungeon/Prop_ExteriorBorder_Straight1.gltf remapped: res://assets/environment/dungeon/Prop_ExteriorBorder_Straight1.gltf
Loading resource: res://.godot/imported/Prop_ExteriorBorder_Straight1.gltf-2a182609457c4ee24da357456f2f248b.scn remapped: res://.godot/imported/Prop_ExteriorBorder_Straight1.gltf-2a182609457c4ee24da357456f2f248b.scn
Completed load for: 'res://assets/environment/dungeon/Prop_ExteriorBorder_Straight1.gltf' remapped 'res://assets/environment/dungeon/Prop_ExteriorBorder_Straight1.gltf' at thread -1
Loading resource: res://assets/environment/rocks/RockPath_Square_Small_1.gltf remapped: res://assets/environment/rocks/RockPath_Square_Small_1.gltf
Loading resource: res://.godot/imported/RockPath_Square_Small_1.gltf-ac6ec41ab308b3a172c8a9dc2544d27f.scn remapped: res://.godot/imported/RockPath_Square_Small_1.gltf-ac6ec41ab308b3a172c8a9dc2544d27f.scn
Completed load for: 'res://assets/environment/rocks/RockPath_Square_Small_1.gltf' remapped 'res://assets/environment/rocks/RockPath_Square_Small_1.gltf' at thread -1
Loading resource: res://assets/environment/dungeon/SM_Dungeon_PillarStub.glb remapped: res://assets/environment/dungeon/SM_Dungeon_PillarStub.glb
Loading resource: res://.godot/imported/SM_Dungeon_PillarStub.glb-b6fccfec8a3f758c06b400158856e546.scn remapped: res://.godot/imported/SM_Dungeon_PillarStub.glb-b6fccfec8a3f758c06b400158856e546.scn
Completed load for: 'res://assets/environment/dungeon/SM_Dungeon_PillarStub.glb' remapped 'res://assets/environment/dungeon/SM_Dungeon_PillarStub.glb' at thread -1
Loading resource: res://assets/environment/dungeon/SM_Dungeon_ArchBlock.glb remapped: res://assets/environment/dungeon/SM_Dungeon_ArchBlock.glb
Loading resource: res://.godot/imported/SM_Dungeon_ArchBlock.glb-704eeaeb692d7a2fe00ecd4e4448fbd2.scn remapped: res://.godot/imported/SM_Dungeon_ArchBlock.glb-704eeaeb692d7a2fe00ecd4e4448fbd2.scn
Completed load for: 'res://assets/environment/dungeon/SM_Dungeon_ArchBlock.glb' remapped 'res://assets/environment/dungeon/SM_Dungeon_ArchBlock.glb' at thread -1
Loading resource: res://assets/environment/dungeon/Prop_Brick1.gltf remapped: res://assets/environment/dungeon/Prop_Brick1.gltf
Loading resource: res://.godot/imported/Prop_Brick1.gltf-ee6575ebe1cd8608cca4b986eeb4c430.scn remapped: res://.godot/imported/Prop_Brick1.gltf-ee6575ebe1cd8608cca4b986eeb4c430.scn
Completed load for: 'res://assets/environment/dungeon/Prop_Brick1.gltf' remapped 'res://assets/environment/dungeon/Prop_Brick1.gltf' at thread -1
Loading resource: res://assets/environment/dungeon/DoorFrame_Round_Brick.gltf remapped: res://assets/environment/dungeon/DoorFrame_Round_Brick.gltf
Loading resource: res://.godot/imported/DoorFrame_Round_Brick.gltf-f284b0f0b9c549cc3a50de531487baee.scn remapped: res://.godot/imported/DoorFrame_Round_Brick.gltf-f284b0f0b9c549cc3a50de531487baee.scn
Completed load for: 'res://assets/environment/dungeon/DoorFrame_Round_Brick.gltf' remapped 'res://assets/environment/dungeon/DoorFrame_Round_Brick.gltf' at thread -1
Loading resource: res://assets/environment/foliage/Grass_Common_Tall.gltf remapped: res://assets/environment/foliage/Grass_Common_Tall.gltf
Loading resource: res://.godot/imported/Grass_Common_Tall.gltf-1f7fd352613c26dd7c94df9e585a74ed.scn remapped: res://.godot/imported/Grass_Common_Tall.gltf-1f7fd352613c26dd7c94df9e585a74ed.scn
Loading resource: res://assets/environment/foliage/Grass.png remapped: res://assets/environment/foliage/Grass.png
Loading resource: res://.godot/imported/Grass.png-0962f637b481efdf1c781bf7aaf87acf.ctex remapped: res://.godot/imported/Grass.png-0962f637b481efdf1c781bf7aaf87acf.ctex
Completed load for: 'res://assets/environment/foliage/Grass.png' remapped 'res://assets/environment/foliage/Grass.png' at thread -1
Completed load for: 'res://assets/environment/foliage/Grass_Common_Tall.gltf' remapped 'res://assets/environment/foliage/Grass_Common_Tall.gltf' at thread -1
Loading resource: res://scenes/world_v2/landmarks/ResonancePylon.tscn remapped: res://scenes/world_v2/landmarks/ResonancePylon.tscn
Loading resource: res://scripts/world_v2/poi/resonance_pylon_landmark.gd remapped: res://scripts/world_v2/poi/resonance_pylon_landmark.gd
Completed load for: 'res://scripts/world_v2/poi/resonance_pylon_landmark.gd' remapped 'res://scripts/world_v2/poi/resonance_pylon_landmark.gd' at thread -1
Completed load for: 'res://scenes/world_v2/landmarks/ResonancePylon.tscn' remapped 'res://scenes/world_v2/landmarks/ResonancePylon.tscn' at thread -1
Loading resource: res://assets/architecture/pylon/SM_Pylon_Resonance.glb remapped: res://assets/architecture/pylon/SM_Pylon_Resonance.glb
Loading resource: res://.godot/imported/SM_Pylon_Resonance.glb-14755a1caa3b3579c93e8d34d3d0abe3.scn remapped: res://.godot/imported/SM_Pylon_Resonance.glb-14755a1caa3b3579c93e8d34d3d0abe3.scn
Completed load for: 'res://assets/architecture/pylon/SM_Pylon_Resonance.glb' remapped 'res://assets/architecture/pylon/SM_Pylon_Resonance.glb' at thread -1
Loading resource: res://scenes/interactables/WeaponPickup.tscn remapped: res://scenes/interactables/WeaponPickup.tscn
Completed load for: 'res://scenes/interactables/WeaponPickup.tscn' remapped 'res://scenes/interactables/WeaponPickup.tscn' at thread -1
Loading resource: res://resources/ingredients/heal_fruit.tres remapped: res://resources/ingredients/heal_fruit.tres
Completed load for: 'res://resources/ingredients/heal_fruit.tres' remapped 'res://resources/ingredients/heal_fruit.tres' at thread -1
Loading resource: res://resources/ingredients/heal_mushroom.tres remapped: res://resources/ingredients/heal_mushroom.tres
Completed load for: 'res://resources/ingredients/heal_mushroom.tres' remapped 'res://resources/ingredients/heal_mushroom.tres' at thread -1
Loading resource: res://resources/ingredients/rare_spice.tres remapped: res://resources/ingredients/rare_spice.tres
Completed load for: 'res://resources/ingredients/rare_spice.tres' remapped 'res://resources/ingredients/rare_spice.tres' at thread -1
Loading resource: res://scenes/interactables/Chest.tscn remapped: res://scenes/interactables/Chest.tscn
Completed load for: 'res://scenes/interactables/Chest.tscn' remapped 'res://scenes/interactables/Chest.tscn' at thread -1
Loading resource: res://resources/weapons/wood_club.tres remapped: res://resources/weapons/wood_club.tres
Loading resource: res://scenes/weapons/WoodClub.tscn remapped: res://scenes/weapons/WoodClub.tscn
Loading resource: res://assets/weapons/SM_WoodClub.glb remapped: res://assets/weapons/SM_WoodClub.glb
Loading resource: res://.godot/imported/SM_WoodClub.glb-137c5702af02eeb9b311ef60b8616688.scn remapped: res://.godot/imported/SM_WoodClub.glb-137c5702af02eeb9b311ef60b8616688.scn
Completed load for: 'res://assets/weapons/SM_WoodClub.glb' remapped 'res://assets/weapons/SM_WoodClub.glb' at thread -1
Completed load for: 'res://scenes/weapons/WoodClub.tscn' remapped 'res://scenes/weapons/WoodClub.tscn' at thread -1
Loading resource: res://resources/combat/club/heavy_1.tres remapped: res://resources/combat/club/heavy_1.tres
Completed load for: 'res://resources/combat/club/heavy_1.tres' remapped 'res://resources/combat/club/heavy_1.tres' at thread -1
Completed load for: 'res://resources/weapons/wood_club.tres' remapped 'res://resources/weapons/wood_club.tres' at thread -1
Loading resource: res://scenes/environment/ChestModel.tscn remapped: res://scenes/environment/ChestModel.tscn
Completed load for: 'res://scenes/environment/ChestModel.tscn' remapped 'res://scenes/environment/ChestModel.tscn' at thread -1
Loading resource: res://scenes/interactables/Chest.tscn remapped: res://scenes/interactables/Chest.tscn
Completed load for: 'res://scenes/interactables/Chest.tscn' remapped 'res://scenes/interactables/Chest.tscn' at thread -1
Loading resource: res://scenes/environment/ChestModel.tscn remapped: res://scenes/environment/ChestModel.tscn
Completed load for: 'res://scenes/environment/ChestModel.tscn' remapped 'res://scenes/environment/ChestModel.tscn' at thread -1
Loading resource: res://shaders/foliage/foliage_wind.gdshader remapped: res://shaders/foliage/foliage_wind.gdshader
Completed load for: 'res://shaders/foliage/foliage_wind.gdshader' remapped 'res://shaders/foliage/foliage_wind.gdshader' at thread -1
Loading resource: res://assets/environment/rocks/Rock_Medium_3.gltf remapped: res://assets/environment/rocks/Rock_Medium_3.gltf
Loading resource: res://.godot/imported/Rock_Medium_3.gltf-df6250dbc629a182cbd6a5f2cdde331e.scn remapped: res://.godot/imported/Rock_Medium_3.gltf-df6250dbc629a182cbd6a5f2cdde331e.scn
Loading resource: res://assets/environment/rocks/Rocks_Diffuse.png remapped: res://assets/environment/rocks/Rocks_Diffuse.png
Loading resource: res://.godot/imported/Rocks_Diffuse.png-7cbb4ae66ebabc43c234fcd9d6429806.ctex remapped: res://.godot/imported/Rocks_Diffuse.png-7cbb4ae66ebabc43c234fcd9d6429806.ctex
Completed load for: 'res://assets/environment/rocks/Rocks_Diffuse.png' remapped 'res://assets/environment/rocks/Rocks_Diffuse.png' at thread -1
Completed load for: 'res://assets/environment/rocks/Rock_Medium_3.gltf' remapped 'res://assets/environment/rocks/Rock_Medium_3.gltf' at thread -1
Loading resource: res://assets/environment/rocks/Rock_Medium_1.gltf remapped: res://assets/environment/rocks/Rock_Medium_1.gltf
Loading resource: res://.godot/imported/Rock_Medium_1.gltf-ac678d13b4906cc33f5278e8f9314ff4.scn remapped: res://.godot/imported/Rock_Medium_1.gltf-ac678d13b4906cc33f5278e8f9314ff4.scn
Completed load for: 'res://assets/environment/rocks/Rock_Medium_1.gltf' remapped 'res://assets/environment/rocks/Rock_Medium_1.gltf' at thread -1
Loading resource: res://assets/environment/rocks/Pebble_Square_1.gltf remapped: res://assets/environment/rocks/Pebble_Square_1.gltf
Loading resource: res://.godot/imported/Pebble_Square_1.gltf-f50097adef29104a1ebaafa8c1f72d02.scn remapped: res://.godot/imported/Pebble_Square_1.gltf-f50097adef29104a1ebaafa8c1f72d02.scn
Completed load for: 'res://assets/environment/rocks/Pebble_Square_1.gltf' remapped 'res://assets/environment/rocks/Pebble_Square_1.gltf' at thread -1
Loading resource: res://assets/environment/rocks/Pebble_Round_4.gltf remapped: res://assets/environment/rocks/Pebble_Round_4.gltf
Loading resource: res://.godot/imported/Pebble_Round_4.gltf-da1dc8b4d8399a2e6eb3db0303110c14.scn remapped: res://.godot/imported/Pebble_Round_4.gltf-da1dc8b4d8399a2e6eb3db0303110c14.scn
Completed load for: 'res://assets/environment/rocks/Pebble_Round_4.gltf' remapped 'res://assets/environment/rocks/Pebble_Round_4.gltf' at thread -1
Loading resource: res://assets/environment/rocks/Pebble_Round_2.gltf remapped: res://assets/environment/rocks/Pebble_Round_2.gltf
Loading resource: res://.godot/imported/Pebble_Round_2.gltf-9ceeeb5abfb5d251f9ac357365223db3.scn remapped: res://.godot/imported/Pebble_Round_2.gltf-9ceeeb5abfb5d251f9ac357365223db3.scn
Completed load for: 'res://assets/environment/rocks/Pebble_Round_2.gltf' remapped 'res://assets/environment/rocks/Pebble_Round_2.gltf' at thread -1
Loading resource: res://assets/environment/rocks/Rock_Medium_2.gltf remapped: res://assets/environment/rocks/Rock_Medium_2.gltf
Loading resource: res://.godot/imported/Rock_Medium_2.gltf-84b1eb54e5c6a7a7d48146559a0894d3.scn remapped: res://.godot/imported/Rock_Medium_2.gltf-84b1eb54e5c6a7a7d48146559a0894d3.scn
Completed load for: 'res://assets/environment/rocks/Rock_Medium_2.gltf' remapped 'res://assets/environment/rocks/Rock_Medium_2.gltf' at thread -1
Loading resource: res://assets/environment/foliage/TwistedTree_3.gltf remapped: res://assets/environment/foliage/TwistedTree_3.gltf
Loading resource: res://.godot/imported/TwistedTree_3.gltf-6d0826f00a10513642a31a3818dfaca8.scn remapped: res://.godot/imported/TwistedTree_3.gltf-6d0826f00a10513642a31a3818dfaca8.scn
Loading resource: res://assets/environment/foliage/Bark_TwistedTree.png remapped: res://assets/environment/foliage/Bark_TwistedTree.png
Loading resource: res://.godot/imported/Bark_TwistedTree.png-14c685be2ef707b10998305cb916582d.ctex remapped: res://.godot/imported/Bark_TwistedTree.png-14c685be2ef707b10998305cb916582d.ctex
Completed load for: 'res://assets/environment/foliage/Bark_TwistedTree.png' remapped 'res://assets/environment/foliage/Bark_TwistedTree.png' at thread -1
Loading resource: res://assets/environment/foliage/Bark_TwistedTree_Normal.png remapped: res://assets/environment/foliage/Bark_TwistedTree_Normal.png
Loading resource: res://.godot/imported/Bark_TwistedTree_Normal.png-cd4276f7c30d56152950c3359e488c59.ctex remapped: res://.godot/imported/Bark_TwistedTree_Normal.png-cd4276f7c30d56152950c3359e488c59.ctex
Completed load for: 'res://assets/environment/foliage/Bark_TwistedTree_Normal.png' remapped 'res://assets/environment/foliage/Bark_TwistedTree_Normal.png' at thread -1
Completed load for: 'res://assets/environment/foliage/TwistedTree_3.gltf' remapped 'res://assets/environment/foliage/TwistedTree_3.gltf' at thread -1
Loading resource: res://assets/environment/foliage/TwistedTree_1.gltf remapped: res://assets/environment/foliage/TwistedTree_1.gltf
Loading resource: res://.godot/imported/TwistedTree_1.gltf-16c862fdcb9561548de3089a3de9273e.scn remapped: res://.godot/imported/TwistedTree_1.gltf-16c862fdcb9561548de3089a3de9273e.scn
Completed load for: 'res://assets/environment/foliage/TwistedTree_1.gltf' remapped 'res://assets/environment/foliage/TwistedTree_1.gltf' at thread -1
Loading resource: res://assets/environment/foliage/TwistedTree_2.gltf remapped: res://assets/environment/foliage/TwistedTree_2.gltf
Loading resource: res://.godot/imported/TwistedTree_2.gltf-ae0d3e1b248412cb4d504bcd165d6b23.scn remapped: res://.godot/imported/TwistedTree_2.gltf-ae0d3e1b248412cb4d504bcd165d6b23.scn
Completed load for: 'res://assets/environment/foliage/TwistedTree_2.gltf' remapped 'res://assets/environment/foliage/TwistedTree_2.gltf' at thread -1
Loading resource: res://assets/environment/foliage/CommonTree_5.gltf remapped: res://assets/environment/foliage/CommonTree_5.gltf
Loading resource: res://.godot/imported/CommonTree_5.gltf-e3c301820f644ea4a2727a90d3d765c7.scn remapped: res://.godot/imported/CommonTree_5.gltf-e3c301820f644ea4a2727a90d3d765c7.scn
Completed load for: 'res://assets/environment/foliage/CommonTree_5.gltf' remapped 'res://assets/environment/foliage/CommonTree_5.gltf' at thread -1
Loading resource: res://assets/environment/foliage/CommonTree_1.gltf remapped: res://assets/environment/foliage/CommonTree_1.gltf
Loading resource: res://.godot/imported/CommonTree_1.gltf-b8f69933f2705c4e1ed1f1532ab52547.scn remapped: res://.godot/imported/CommonTree_1.gltf-b8f69933f2705c4e1ed1f1532ab52547.scn
Completed load for: 'res://assets/environment/foliage/CommonTree_1.gltf' remapped 'res://assets/environment/foliage/CommonTree_1.gltf' at thread -1
Loading resource: res://assets/environment/foliage/Pine_4.gltf remapped: res://assets/environment/foliage/Pine_4.gltf
Loading resource: res://.godot/imported/Pine_4.gltf-f5d75e17337fe7f02581aa1c18f76ac2.scn remapped: res://.godot/imported/Pine_4.gltf-f5d75e17337fe7f02581aa1c18f76ac2.scn
Loading resource: res://assets/environment/foliage/Leaf_Pine_C.png remapped: res://assets/environment/foliage/Leaf_Pine_C.png
Loading resource: res://.godot/imported/Leaf_Pine_C.png-36686905ffc4faeec4f458a15471262d.ctex remapped: res://.godot/imported/Leaf_Pine_C.png-36686905ffc4faeec4f458a15471262d.ctex
Completed load for: 'res://assets/environment/foliage/Leaf_Pine_C.png' remapped 'res://assets/environment/foliage/Leaf_Pine_C.png' at thread -1
Completed load for: 'res://assets/environment/foliage/Pine_4.gltf' remapped 'res://assets/environment/foliage/Pine_4.gltf' at thread -1
Loading resource: res://assets/environment/foliage/Flower_4_Group.gltf remapped: res://assets/environment/foliage/Flower_4_Group.gltf
Loading resource: res://.godot/imported/Flower_4_Group.gltf-39112bc89244d54bd371002112065731.scn remapped: res://.godot/imported/Flower_4_Group.gltf-39112bc89244d54bd371002112065731.scn
Completed load for: 'res://assets/environment/foliage/Flower_4_Group.gltf' remapped 'res://assets/environment/foliage/Flower_4_Group.gltf' at thread -1
Loading resource: res://assets/environment/foliage/CommonTree_2.gltf remapped: res://assets/environment/foliage/CommonTree_2.gltf
Loading resource: res://.godot/imported/CommonTree_2.gltf-0bbb4f2dc68bfe01f4571023e59efa96.scn remapped: res://.godot/imported/CommonTree_2.gltf-0bbb4f2dc68bfe01f4571023e59efa96.scn
Completed load for: 'res://assets/environment/foliage/CommonTree_2.gltf' remapped 'res://assets/environment/foliage/CommonTree_2.gltf' at thread -1
Loading resource: res://assets/environment/foliage/Flower_3_Group.gltf remapped: res://assets/environment/foliage/Flower_3_Group.gltf
Loading resource: res://.godot/imported/Flower_3_Group.gltf-809cb04f605f33f56a1e07821be5f97b.scn remapped: res://.godot/imported/Flower_3_Group.gltf-809cb04f605f33f56a1e07821be5f97b.scn
Completed load for: 'res://assets/environment/foliage/Flower_3_Group.gltf' remapped 'res://assets/environment/foliage/Flower_3_Group.gltf' at thread -1
Loading resource: res://assets/environment/foliage/Pine_3.gltf remapped: res://assets/environment/foliage/Pine_3.gltf
Loading resource: res://.godot/imported/Pine_3.gltf-485d64d62aed58f48633d407c2b51a70.scn remapped: res://.godot/imported/Pine_3.gltf-485d64d62aed58f48633d407c2b51a70.scn
Completed load for: 'res://assets/environment/foliage/Pine_3.gltf' remapped 'res://assets/environment/foliage/Pine_3.gltf' at thread -1
Loading resource: res://assets/environment/foliage/Pine_1.gltf remapped: res://assets/environment/foliage/Pine_1.gltf
Loading resource: res://.godot/imported/Pine_1.gltf-87fba602e7f95922a79c96ed1673e890.scn remapped: res://.godot/imported/Pine_1.gltf-87fba602e7f95922a79c96ed1673e890.scn
Completed load for: 'res://assets/environment/foliage/Pine_1.gltf' remapped 'res://assets/environment/foliage/Pine_1.gltf' at thread -1
Loading resource: res://assets/environment/foliage/CommonTree_3.gltf remapped: res://assets/environment/foliage/CommonTree_3.gltf
Loading resource: res://.godot/imported/CommonTree_3.gltf-755275a9d2b0674656c36943f30bea9b.scn remapped: res://.godot/imported/CommonTree_3.gltf-755275a9d2b0674656c36943f30bea9b.scn
Completed load for: 'res://assets/environment/foliage/CommonTree_3.gltf' remapped 'res://assets/environment/foliage/CommonTree_3.gltf' at thread -1
Loading resource: res://resources/world_v2/nav/world_v2_navmesh_q0.tres remapped: res://resources/world_v2/nav/world_v2_navmesh_q0.tres
Completed load for: 'res://resources/world_v2/nav/world_v2_navmesh_q0.tres' remapped 'res://resources/world_v2/nav/world_v2_navmesh_q0.tres' at thread -1
Loading resource: res://resources/world_v2/nav/world_v2_navmesh_q1.tres remapped: res://resources/world_v2/nav/world_v2_navmesh_q1.tres
Completed load for: 'res://resources/world_v2/nav/world_v2_navmesh_q1.tres' remapped 'res://resources/world_v2/nav/world_v2_navmesh_q1.tres' at thread -1
Loading resource: res://resources/world_v2/nav/world_v2_navmesh_q2.tres remapped: res://resources/world_v2/nav/world_v2_navmesh_q2.tres
Completed load for: 'res://resources/world_v2/nav/world_v2_navmesh_q2.tres' remapped 'res://resources/world_v2/nav/world_v2_navmesh_q2.tres' at thread -1
Loading resource: res://resources/world_v2/nav/world_v2_navmesh_q3.tres remapped: res://resources/world_v2/nav/world_v2_navmesh_q3.tres
Completed load for: 'res://resources/world_v2/nav/world_v2_navmesh_q3.tres' remapped 'res://resources/world_v2/nav/world_v2_navmesh_q3.tres' at thread -1
[world_v2] monde        : neris_v2 (vallée whitebox V2.1)
[world_v2] carte        : 31 lieux + 3 sites systémiques, valide
[world_v2] terrain      : 64 chunks, montage 13456 ms
[world_v2] navigation   : 4 région(s) chargée(s)
[world_v2] lieux        : 9 scène(s) posée(s) par le layout
[world_v2] spawn        : (0.0, 24.4, 170.0)
[world_v2] sol          : c4r6 à y=24.00
[world_v2] fondation V2 vérifiée — vallée whitebox prête.
WARNING: Navigation region synchronization had 2 edge error(s).
More than 2 edges tried to occupy the same map rasterization space.
This causes a logical error in the navigation mesh geometry and is commonly caused by overlap or too densely placed edges.
Consider baking with a higher 'cell_size', greater geometry margin, and less detailed bake objects to cause fewer edges.
Consider lowering the 'navigation/3d/merge_rasterizer_cell_scale' in the project settings.
This warning can be toggled under 'navigation/3d/warnings/navmesh_edge_merge_errors' in the project settings.
     at: _build_step_find_edge_connection_pairs (modules/navigation_3d/3d/nav_region_builder_3d.cpp:219)
WARNING: Navigation region synchronization had 38 edge error(s).
More than 2 edges tried to occupy the same map rasterization space.
This causes a logical error in the navigation mesh geometry and is commonly caused by overlap or too densely placed edges.
Consider baking with a higher 'cell_size', greater geometry margin, and less detailed bake objects to cause fewer edges.
Consider lowering the 'navigation/3d/merge_rasterizer_cell_scale' in the project settings.
This warning can be toggled under 'navigation/3d/warnings/navmesh_edge_merge_errors' in the project settings.
     at: _build_step_find_edge_connection_pairs (modules/navigation_3d/3d/nav_region_builder_3d.cpp:219)
Loading resource: res://assets/audio/sfx/land_soft.wav remapped: res://assets/audio/sfx/land_soft.wav
Loading resource: res://.godot/imported/land_soft.wav-84e8a009a4c77a184f61c9ac058cc11b.sample remapped: res://.godot/imported/land_soft.wav-84e8a009a4c77a184f61c9ac058cc11b.sample
Completed load for: 'res://assets/audio/sfx/land_soft.wav' remapped 'res://assets/audio/sfx/land_soft.wav' at thread -1
  cycle 1 : worldv2 monte puis demonte
MESURE fin_cycle_1 | objets=2876 ressources=862 noeuds=23 orphelins=0
--- etat des conteneurs candidats ---
CACHE WorldV2PlaceKit._scene_cache    = 89
CACHE WorldV2PlaceKit._material_cache = 98
CACHE WorldV2PlaceKit._index          = 212
CACHE AssetRegistry._model_cache      = 21
CACHE AssetRegistry._model_index      = 157
  kit[Cauldron] chemin=res://assets/environment/props/Cauldron.gltf refs=2
  kit[Bucket_Wooden_1] chemin=res://assets/environment/props/Bucket_Wooden_1.gltf refs=2
  kit[Floor_WoodDark] chemin=res://assets/environment/dungeon/Floor_WoodDark.gltf refs=2
  kit[Corner_Exterior_Wood] chemin=res://assets/environment/dungeon/Corner_Exterior_Wood.gltf refs=2
  kit[Roof_Wooden_2x1_L] chemin=res://assets/environment/village/Roof_Wooden_2x1_L.gltf refs=2
  kit[Roof_Wooden_2x1_R] chemin=res://assets/environment/village/Roof_Wooden_2x1_R.gltf refs=2
  kit[Bed_Twin1] chemin=res://assets/environment/props/Bed_Twin1.gltf refs=2
  kit[Bag] chemin=res://assets/environment/props/Bag.gltf refs=2
  kit[Rope_1] chemin=res://assets/environment/props/Rope_1.gltf refs=2
  kit[Prop_Wagon] chemin=res://assets/environment/dungeon/Prop_Wagon.gltf refs=2
  kit[Stall_Cart_Empty] chemin=res://assets/environment/props/Stall_Cart_Empty.gltf refs=2
  kit[WeaponStand] chemin=res://assets/environment/props/WeaponStand.gltf refs=2
  kit[Crate_Wooden] chemin=res://assets/environment/props/Crate_Wooden.gltf refs=2
  kit[Barrel] chemin=res://assets/environment/props/Barrel.gltf refs=2
  kit[Barrel_Apples] chemin=res://assets/environment/props/Barrel_Apples.gltf refs=2
  kit[Table_Large] chemin=res://assets/environment/props/Table_Large.gltf refs=2
  kit[Stool] chemin=res://assets/environment/props/Stool.gltf refs=2
  kit[Banner_1] chemin=res://assets/environment/props/Banner_1.gltf refs=2
  kit[RockPath_Round_Small_1] chemin=res://assets/environment/rocks/RockPath_Round_Small_1.gltf refs=2
  kit[Floor_WoodLight] chemin=res://assets/environment/village/Floor_WoodLight.gltf refs=2
  kit[Wall_Plaster_Straight] chemin=res://assets/environment/dungeon/Wall_Plaster_Straight.gltf refs=2
  kit[Wall_Plaster_Window_Wide_Round] chemin=res://assets/environment/dungeon/Wall_Plaster_Window_Wide_Round.gltf refs=2
  kit[Wall_Plaster_Door_Round] chemin=res://assets/environment/dungeon/Wall_Plaster_Door_Round.gltf refs=2
  kit[Roof_RoundTiles_6x8] chemin=res://assets/environment/dungeon/Roof_RoundTiles_6x8.gltf refs=2
  kit[Roof_Front_Brick6] chemin=res://assets/environment/village/Roof_Front_Brick6.gltf refs=2
  kit[Overhang_Plaster_Long] chemin=res://assets/environment/village/Overhang_Plaster_Long.gltf refs=2
  kit[Prop_Chimney] chemin=res://assets/environment/dungeon/Prop_Chimney.gltf refs=2
  kit[Balcony_Simple_Straight] chemin=res://assets/environment/dungeon/Balcony_Simple_Straight.gltf refs=2
  kit[Pot_1] chemin=res://assets/environment/props/Pot_1.gltf refs=2
  kit[Shelf_Simple] chemin=res://assets/environment/props/Shelf_Simple.gltf refs=2
  kit[Shelf_Arch] chemin=res://assets/environment/props/Shelf_Arch.gltf refs=2
  kit[Bench] chemin=res://assets/environment/props/Bench.gltf refs=2
  kit[Chair_1] chemin=res://assets/environment/props/Chair_1.gltf refs=2
  kit[Mug] chemin=res://assets/environment/props/Mug.gltf refs=2
  kit[Bottle_1] chemin=res://assets/environment/props/Bottle_1.gltf refs=2
  kit[CandleStick] chemin=res://assets/environment/props/CandleStick.gltf refs=2
  kit[Book_Stack_1] chemin=res://assets/environment/props/Book_Stack_1.gltf refs=2
  kit[Barrel_Holder] chemin=res://assets/environment/props/Barrel_Holder.gltf refs=2
  kit[FarmCrate_Apple] chemin=res://assets/environment/props/FarmCrate_Apple.gltf refs=2
  kit[Chest_Wood] chemin=res://assets/environment/props/Chest_Wood.gltf refs=2
  kit[Stair_Interior_Simple] chemin=res://assets/environment/village/Stair_Interior_Simple.gltf refs=2
  kit[Lantern_Wall] chemin=res://assets/environment/props/Lantern_Wall.gltf refs=2
  kit[Floor_Brick] chemin=res://assets/environment/dungeon/Floor_Brick.gltf refs=2
  kit[Wall_UnevenBrick_Straight] chemin=res://assets/environment/dungeon/Wall_UnevenBrick_Straight.gltf refs=2
  kit[Wall_UnevenBrick_Window_Wide_Round] chemin=res://assets/environment/dungeon/Wall_UnevenBrick_Window_Wide_Round.gltf refs=2
  kit[Wall_UnevenBrick_Door_Round] chemin=res://assets/environment/dungeon/Wall_UnevenBrick_Door_Round.gltf refs=2
  kit[Roof_RoundTiles_4x6] chemin=res://assets/environment/dungeon/Roof_RoundTiles_4x6.gltf refs=2
  kit[Roof_Front_Brick4] chemin=res://assets/environment/village/Roof_Front_Brick4.gltf refs=2
  kit[Overhang_UnevenBrick_Long] chemin=res://assets/environment/village/Overhang_UnevenBrick_Long.gltf refs=2
  kit[Overhang_Roof_UnevenBricks] chemin=res://assets/environment/village/Overhang_Roof_UnevenBricks.gltf refs=2
  kit[Anvil_Log] chemin=res://assets/environment/props/Anvil_Log.gltf refs=2
  kit[Anvil] chemin=res://assets/environment/props/Anvil.gltf refs=2
  kit[Workbench] chemin=res://assets/environment/props/Workbench.gltf refs=2
  kit[Whetstone] chemin=res://assets/environment/props/Whetstone.gltf refs=2
  kit[FarmCrate_Carrot] chemin=res://assets/environment/props/FarmCrate_Carrot.gltf refs=2
  kit[Axe_Bronze] chemin=res://assets/environment/props/Axe_Bronze.gltf refs=2
  kit[Torch_Metal] chemin=res://assets/environment/props/Torch_Metal.gltf refs=2
  kit[RockPath_Square_Wide] chemin=res://assets/environment/rocks/RockPath_Square_Wide.gltf refs=2
  kit[RockPath_Round_Wide] chemin=res://assets/environment/rocks/RockPath_Round_Wide.gltf refs=2
  kit[Bucket_Metal] chemin=res://assets/environment/props/Bucket_Metal.gltf refs=2
  kit[Crate_Metal] chemin=res://assets/environment/props/Crate_Metal.gltf refs=2
  kit[Chain_Coil] chemin=res://assets/environment/props/Chain_Coil.gltf refs=2
  kit[FarmCrate_Empty] chemin=res://assets/environment/props/FarmCrate_Empty.gltf refs=2
  kit[Prop_WoodenFence_Single] chemin=res://assets/environment/dungeon/Prop_WoodenFence_Single.gltf refs=2
  kit[RockPath_Round_Thin] chemin=res://assets/environment/rocks/RockPath_Round_Thin.gltf refs=2
  kit[Wall_UnevenBrick_Window_Thin_Round] chemin=res://assets/environment/dungeon/Wall_UnevenBrick_Window_Thin_Round.gltf refs=2
  kit[Corner_Exterior_Brick] chemin=res://assets/environment/dungeon/Corner_Exterior_Brick.gltf refs=2
  kit[Door_1_Round] chemin=res://assets/environment/dungeon/Door_1_Round.gltf refs=2
  kit[Prop_Vine1] chemin=res://assets/environment/dungeon/Prop_Vine1.gltf refs=2
  kit[Prop_Vine2] chemin=res://assets/environment/dungeon/Prop_Vine2.gltf refs=2
  kit[CommonTree_4] chemin=res://assets/environment/foliage/CommonTree_4.gltf refs=3
  kit[Bush_Common_Flowers] chemin=res://assets/environment/foliage/Bush_Common_Flowers.gltf refs=2
  kit[Bush_Common] chemin=res://assets/environment/foliage/Bush_Common.gltf refs=2
  kit[Mushroom_Common] chemin=res://assets/environment/foliage/Mushroom_Common.gltf refs=2
  kit[Fern_1] chemin=res://assets/environment/foliage/Fern_1.gltf refs=2
  kit[Plant_1] chemin=res://assets/environment/foliage/Plant_1.gltf refs=2
  kit[SM_Dungeon_RubbleLarge] chemin=res://assets/environment/dungeon/SM_Dungeon_RubbleLarge.glb refs=2
  kit[Banner_2_Cloth] chemin=res://assets/environment/props/Banner_2_Cloth.gltf refs=2
  kit[SM_Dungeon_RubbleSmall] chemin=res://assets/environment/dungeon/SM_Dungeon_RubbleSmall.glb refs=2
  kit[Roof_Wooden_2x1] chemin=res://assets/environment/dungeon/Roof_Wooden_2x1.gltf refs=2
  kit[DeadTree_1] chemin=res://assets/environment/foliage/DeadTree_1.gltf refs=3
  kit[DeadTree_2] chemin=res://assets/environment/foliage/DeadTree_2.gltf refs=3
  kit[Prop_ExteriorBorder_Straight1] chemin=res://assets/environment/dungeon/Prop_ExteriorBorder_Straight1.gltf refs=2
  kit[RockPath_Square_Small_1] chemin=res://assets/environment/rocks/RockPath_Square_Small_1.gltf refs=2
  kit[SM_Dungeon_PillarStub] chemin=res://assets/environment/dungeon/SM_Dungeon_PillarStub.glb refs=2
  kit[SM_Dungeon_ArchBlock] chemin=res://assets/environment/dungeon/SM_Dungeon_ArchBlock.glb refs=2
  kit[Prop_Brick1] chemin=res://assets/environment/dungeon/Prop_Brick1.gltf refs=2
  kit[DoorFrame_Round_Brick] chemin=res://assets/environment/dungeon/DoorFrame_Round_Brick.gltf refs=2
  kit[Grass_Common_Tall] chemin=res://assets/environment/foliage/Grass_Common_Tall.gltf refs=2
  kit : 0 entrees SANS resource_path
  registry[Rock_Medium_3] chemin=res://assets/environment/rocks/Rock_Medium_3.gltf refs=2
  registry[Rock_Medium_1] chemin=res://assets/environment/rocks/Rock_Medium_1.gltf refs=2
  registry[DeadTree_2] chemin=res://assets/environment/foliage/DeadTree_2.gltf refs=3
  registry[Pebble_Square_1] chemin=res://assets/environment/rocks/Pebble_Square_1.gltf refs=2
  registry[Pebble_Round_4] chemin=res://assets/environment/rocks/Pebble_Round_4.gltf refs=2
  registry[Pebble_Round_2] chemin=res://assets/environment/rocks/Pebble_Round_2.gltf refs=2
  registry[Rock_Medium_2] chemin=res://assets/environment/rocks/Rock_Medium_2.gltf refs=2
  registry[DeadTree_1] chemin=res://assets/environment/foliage/DeadTree_1.gltf refs=3
  registry[TwistedTree_3] chemin=res://assets/environment/foliage/TwistedTree_3.gltf refs=2
  registry[TwistedTree_1] chemin=res://assets/environment/foliage/TwistedTree_1.gltf refs=2
  registry[TwistedTree_2] chemin=res://assets/environment/foliage/TwistedTree_2.gltf refs=2
  registry[CommonTree_5] chemin=res://assets/environment/foliage/CommonTree_5.gltf refs=2
  registry[CommonTree_1] chemin=res://assets/environment/foliage/CommonTree_1.gltf refs=2
  registry[Pine_4] chemin=res://assets/environment/foliage/Pine_4.gltf refs=2
  registry[Flower_4_Group] chemin=res://assets/environment/foliage/Flower_4_Group.gltf refs=2
  registry[CommonTree_2] chemin=res://assets/environment/foliage/CommonTree_2.gltf refs=2
  registry[CommonTree_4] chemin=res://assets/environment/foliage/CommonTree_4.gltf refs=3
  registry[Flower_3_Group] chemin=res://assets/environment/foliage/Flower_3_Group.gltf refs=2
  registry[Pine_3] chemin=res://assets/environment/foliage/Pine_3.gltf refs=2
  registry[Pine_1] chemin=res://assets/environment/foliage/Pine_1.gltf refs=2
  registry[CommonTree_3] chemin=res://assets/environment/foliage/CommonTree_3.gltf refs=2
--- survie apres demontage (WeakRef) ---
  noeud[worldv2] vivant=non
  paquet[worldv2] vivant=OUI refs=3 chemin=res://scenes/world_v2/WorldV2.tscn
=== SONDE TERMINEE ===
WARNING: 104 ObjectDB instances were leaked at exit (run with `--verbose` for details).
   at: cleanup (core/object/object.cpp:2536)
XR: Clearing primary interface
XR: Removed interface "Native mobile"
XR: Removed interface "OpenXR"
Leaked instance: GDScriptNativeClass:9223372042894573901 - Reference count: 1
Leaked instance: GDScriptNativeClass:9223372042961682769 - Reference count: 2
Leaked instance: GDScriptNativeClass:9223372043666325883 - Reference count: 1
Leaked instance: GDScriptNativeClass:9223372043901206921 - Reference count: 1
Leaked instance: GDScriptNativeClass:9223372044152865176 - Reference count: 1
Leaked instance: GDScriptNativeClass:9223372044236751261 - Reference count: 2
Leaked instance: GDScriptNativeClass:9223372044270305695 - Reference count: 2
Leaked instance: GDScriptNativeClass:9223372044555518384 - Reference count: 1
Leaked instance: GDScriptNativeClass:9223372044807176639 - Reference count: 1
Leaked instance: GDScriptNativeClass:9223372044891062724 - Reference count: 1
Leaked instance: GDScriptNativeClass:9223372045025280460 - Reference count: 2
Leaked instance: GDScriptNativeClass:9223372045092389328 - Reference count: 6
Leaked instance: GDScriptNativeClass:9223372045360824800 - Reference count: 6
Leaked instance: GDScriptNativeClass:9223372045662814706 - Reference count: 1
Leaked instance: GDScriptNativeClass:9223372046954660415 - Reference count: 1
Leaked instance: GDScriptNativeClass:9223372047927739001 - Reference count: 1
Leaked instance: GDScriptNativeClass:9223372048347169426 - Reference count: 1
Leaked instance: GDScriptNativeClass:9223372048783377068 - Reference count: 1
Leaked instance: GDScriptNativeClass:9223372049219584710 - Reference count: 1
Leaked instance: GDScriptNativeClass:9223372049571906267 - Reference count: 1
Leaked instance: GDScriptNativeClass:9223372049655792352 - Reference count: 1
Leaked instance: GDScriptNativeClass:9223372049722901220 - Reference count: 8
Leaked instance: GDScriptNativeClass:9223372049924227824 - Reference count: 2
Leaked instance: GDScriptNativeClass:9223372049957782258 - Reference count: 2
Leaked instance: GDScriptNativeClass:9223372050477875985 - Reference count: 16
Leaked instance: GDScriptNativeClass:9223372050511430419 - Reference count: 24
Leaked instance: GDScriptNativeClass:9223372050561762070 - Reference count: 1
Leaked instance: GDScriptNativeClass:9223372051903939430 - Reference count: 3
Leaked instance: GDScriptNativeClass:9223372052658914195 - Reference count: 4
Leaked instance: GDScriptNativeClass:9223372053548106696 - Reference count: 5
Leaked instance: GDScriptNativeClass:9223372053631992781 - Reference count: 20
Leaked instance: GDScriptNativeClass:9223372053950759904 - Reference count: 12
Leaked instance: GDScriptNativeClass:9223372054454076414 - Reference count: 2
Leaked instance: GDScriptNativeClass:9223372054537962499 - Reference count: 1
Leaked instance: GDScriptNativeClass:9223372054823175188 - Reference count: 3
Leaked instance: GDScriptNativeClass:9223372054890284056 - Reference count: 3
Leaked instance: GDScriptNativeClass:9223372055007724575 - Reference count: 1
Leaked instance: GDScriptNativeClass:9223372055393600566 - Reference count: 2
Leaked instance: GDScriptNativeClass:9223372055477486651 - Reference count: 1
Leaked instance: GDScriptNativeClass:9223372055645258821 - Reference count: 6
Leaked instance: GDScriptNativeClass:9223372055678813255 - Reference count: 3
Leaked instance: GDScriptNativeClass:9223372055880139859 - Reference count: 4
Leaked instance: GDScriptNativeClass:9223372055980803161 - Reference count: 5
Leaked instance: GDScriptNativeClass:9223372056266015850 - Reference count: 1
Leaked instance: GDScriptNativeClass:9223372057322980521 - Reference count: 1
Leaked instance: GDScript:9223372064084198902 - Reference count: 3
Leaked instance: GDScript:9223372064302302711 - Reference count: 6
Leaked instance: GDScript:9223372065258604027 - Reference count: 2
Leaked instance: GDScript:9223372065409598972 - Reference count: 5
Leaked instance: GDScript:9223372065560593917 - Reference count: 8
Leaked instance: GDScript:9223372067590637069 - Reference count: 3
Leaked instance: GDScript:9223372071231293001 - Reference count: 4
Leaked instanERROR: 55 resources still in use at exit.
   at: clear (core/io/resource.cpp:817)
ce: GDScript:9223372071348733514 - Reference count: 2
Leaked instance: GDScript:9223372071935936079 - Reference count: 3
Leaked instance: GDScript:9223372072774796883 - Reference count: 4
Leaked instance: GDScript:9223372072892237396 - Reference count: 3
Leaked instance: GDScript:9223372073043232341 - Reference count: 4
Leaked instance: GDScript:9223372075274602092 - Reference count: 2
Leaked instance: GDScript:9223372075375265389 - Reference count: 4
Leaked instance: GDScript:9223372084871169650 - Reference count: 1
Leaked instance: GDScript:9223372084971832950 - Reference count: 3
Leaked instance: GDScript:9223372076163794551 - Reference count: 2
Leaked instance: GDScript:9223372076264457848 - Reference count: 3
Leaked instance: GDScript:9223372076298012281 - Reference count: 4
Leaked instance: GDScript:9223372076415452794 - Reference count: 3
Leaked instance: GDScript:9223372076532893307 - Reference count: 3
Leaked instance: GDScript:9223372076650333820 - Reference count: 4
Leaked instance: GDScript:9223372076767774333 - Reference count: 2
Leaked instance: GDScript:9223372076885214846 - Reference count: 3
Leaked instance: GDScript:9223372077002655359 - Reference count: 7
Leaked instance: GDScript:9223372077120095872 - Reference count: 3
Leaked instance: GDScript:9223372077237536385 - Reference count: 2
Leaked instance: GDScript:9223372077354976898 - Reference count: 3
Leaked instance: GDScript:9223372077472417411 - Reference count: 3
Leaked instance: GDScript:9223372077589857924 - Reference count: 5
Leaked instance: GDScript:9223372077707298437 - Reference count: 7
Leaked instance: GDScript:9223372077824738950 - Reference count: 1
Leaked instance: GDScript:9223372077942179463 - Reference count: 1
Leaked instance: GDScript:9223372078059619976 - Reference count: 1
Leaked instance: GDScript:9223372078177060489 - Reference count: 20
Leaked instance: GDScript:9223372078294501002 - Reference count: 16
Leaked instance: GDScript:9223372078479050379 - Reference count: 2
Leaked instance: GDScript:9223372078630045324 - Reference count: 2
Leaked instance: GDScript:9223372078747485837 - Reference count: 2
Leaked instance: GDScript:9223372078864926350 - Reference count: 3
Leaked instance: GDScript:9223372078982366863 - Reference count: 12
Leaked instance: GDScript:9223372079099807376 - Reference count: 1
Leaked instance: GDScript:9223372079217247889 - Reference count: 1
Leaked instance: GDScript:9223372079401797266 - Reference count: 2
Leaked instance: GDScript:9223372079519237779 - Reference count: 14
Leaked instance: GDScript:9223372079636678292 - Reference count: 6
Leaked instance: GDScript:9223372081884825238 - Reference count: 2
Leaked instance: GDScript:9223372082908235415 - Reference count: 1
Leaked instance: GDScript:9223372082371364504 - Reference count: 6
Leaked instance: GDScript:9223372082253923993 - Reference count: 2
Leaked instance: GDScript:9223372080693642906 - Reference count: 3
Leaked instance: GDScript:9223372080811083419 - Reference count: 5
Leaked instance: GDScript:9223372080928523932 - Reference count: 7
Leaked instance: GDScript:9223372081045964445 - Reference count: 15
Leaked instance: GDScript:9223372081196959390 - Reference count: 1
Leaked instance: GDScript:9223372083327665824 - Reference count: 1
Leaked instance: GDScript:9223372094216079009 - Reference count: 2
Leaked instance: AudioStreamPlaybackWAV:9223372300793943759 - Reference count: 1
Leaked instance: AudioStreamWAV:9223372300743612120 - Reference count: 1
Hint: Leaked instances typically happen when nodes are removed from the scene tree (with `remove_child()`) but not freed (with `free()` or `queue_free()`).
Resource still in use: res://scripts/core/static_resource_caches.gd (GDScript)
Resource still in use: res://scripts/core/asset_registry.gd (GDScript)
Resource still in use: res://scripts/world/kit_scale.gd (GDScript)
Resource still in use: res://scripts/world/kit_placement.gd (GDScript)
Resource still in use: res://scripts/world_v2/poi/world_v2_place_kit.gd (GDScript)
Resource still in use: res://scripts/core/user_settings.gd (GDScript)
Resource still in use: res://scripts/world_v2/world_v2_heightmap.gd (GDScript)
Resource still in use: res://scripts/world_v2/world_v2_ground_material.gd (GDScript)
Resource still in use: res://scripts/world_v2/world_v2_terrain_builder.gd (GDScript)
Resource still in use: res://resources/tuning/locomotion_tuning.gd (GDScript)
Resource still in use: res://scripts/player/camera_rig.gd (GDScript)
Resource still in use: res://scripts/combat/damage_event.gd (GDScript)
Resource still in use: res://scripts/components/input_intent.gd (GDScript)
Resource still in use: res://scripts/core/latency_probe.gd (GDScript)
Resource still in use: res://scripts/components/player_input_reader.gd (GDScript)
Resource still in use: res://scripts/electricity/electric_node.gd (GDScript)
Resource still in use: res://scripts/reaction/resonance_link_node.gd (GDScript)
Resource still in use: res://scripts/reaction/material_profile.gd (GDScript)
Resource still in use: res://scripts/reaction/material_state_component.gd (GDScript)
Resource still in use: res://scripts/reaction/resonance_target_component.gd (GDScript)
Resource still in use: res://scripts/enemies/noise_events.gd (GDScript)
Resource still in use: res://resources/tuning/stamina_tuning.gd (GDScript)
Resource still in use: res://scripts/components/stamina_component.gd (GDScript)
Resource still in use: res://scripts/reaction/resonance_controller.gd (GDScript)
Resource still in use: res://resources/tuning/climb_tuning.gd (GDScript)
Resource still in use: res://scripts/components/climbing_component.gd (GDScript)
Resource still in use: res://scripts/components/ledge_detector_component.gd (GDScript)
Resource still in use: res://scripts/components/action_alignment_component.gd (GDScript)
Resource still in use: res://resources/combat/attack_definition.gd (GDScript)
Resource still in use: res://resources/weapons/weapon_definition.gd (GDScript)
Resource still in use: res://scripts/inventory/weapon_instance.gd (GDScript)
Resource still in use: res://scripts/components/health_component.gd (GDScript)
Resource still in use: res://scripts/components/hurtbox_component.gd (GDScript)
Resource still in use: res://scripts/combat/damage_formula.gd (GDScript)
Resource still in use: res://scripts/components/hitbox_component.gd (GDScript)
Resource still in use: res://scripts/combat/attack_controller.gd (GDScript)
Resource still in use: res://scripts/components/lock_on_component.gd (GDScript)
Resource still in use: res://scripts/combat/arrow_projectile.gd (GDScript)
Resource still in use: res://resources/combat/bow_tuning.gd (GDScript)
Resource still in use: res://scripts/combat/bow_component.gd (GDScript)
Resource still in use: res://resources/ingredients/ingredient_definition.gd (GDScript)
Resource still in use: res://scripts/components/inventory_component.gd (GDScript)
Resource still in use: res://scripts/components/status_effect_component.gd (GDScript)
Resource still in use: res://resources/combat/dodge_definition.gd (GDScript)
Resource still in use: res://resources/combat/hurt_tuning.gd (GDScript)
Resource still in use: res://resources/tuning/guard_tuning.gd (GDScript)
Resource still in use: res://scripts/components/posture_component.gd (GDScript)
Resource still in use: res://scripts/components/poise_component.gd (GDScript)
Resource still in use: res://scripts/characters/character_anim_set.gd (GDScript)
Resource still in use: res://scripts/characters/character_visual.gd (GDScript)
Resource still in use: res://scripts/player/player_controller.gd (GDScript)
Resource still in use: res://scripts/world/reward_anchor.gd (GDScript)
Resource still in use: res://scripts/world_v2/world_v2_vegetation_builder.gd (GDScript)
Resource still in use: res://scripts/ui/hud_style.gd (GDScript)
Resource still in use: res://assets/audio/sfx/land_soft.wav (AudioStreamWAV)
Orphan StringName: duration (static: 0, total: 6)
Orphan StringName: MAX_MOUSE_SENSITIVITY (static: 0, total: 2)
Orphan StringName: _sprint_noise_timer (static: 0, total: 4)
Orphan StringName: InventoryComponent (static: 0, total: 6)
Orphan StringName: _current_state (static: 0, total: 4)
Orphan StringName: char.hero (static: 0, total: 1)
Orphan StringName: NoiseTexture2D (static: 0, total: 5)
Orphan StringName: interact_pressed (static: 0, total: 7)
Orphan StringName: _weapon_pivot (static: 0, total: 4)
Orphan StringName: _lock_target (static: 0, total: 4)
Orphan StringName: _resolve_sprint (static: 0, total: 4)
Orphan StringName: target_feet (static: 0, total: 6)
Orphan StringName: Grass_Wispy_Short (static: 0, total: 1)
Orphan StringName: insert (static: 0, total: 1)
Orphan StringName: _hitbox (static: 0, total: 3)
Orphan StringName: echo_trace (static: 0, total: 3)
Orphan StringName: pas_de_vue (static: 0, total: 1)
Orphan StringName: INTERACT_REFUSAL_COOLDOWN (static: 0, total: 2)
Orphan StringName: _try_step_up (static: 0, total: 4)
Orphan StringName: electric_graphs (static: 0, total: 2)
Orphan StringName: WORLD_STATIC_LAYER (static: 0, total: 2)
Orphan StringName: _camera_rig (static: 0, total: 3)
Orphan StringName: aucune_cible (static: 0, total: 2)
Orphan StringName: pas_au_sol (static: 0, total: 1)
Orphan StringName: anchor (static: 0, total: 7)
Orphan StringName: _wake (static: 0, total: 7)
Orphan StringName: model (static: 0, total: 6)
Orphan StringName: call (static: 0, total: 2)
Orphan StringName: MODEL_DIRS (static: 0, total: 2)
Orphan StringName: soak (static: 0, total: 3)
Orphan StringName: _apply_rotation (static: 0, total: 7)
Orphan StringName: arrow_gravity (static: 0, total: 6)
Orphan StringName: released (static: 0, total: 1)
Orphan StringName: is_burning (static: 0, total: 5)
Orphan StringName: min_wall_angle_deg (static: 0, total: 6)
Orphan StringName: attach_ui_audio (static: 0, total: 3)
Orphan StringName: health_changed (static: 0, total: 5)
Orphan StringName: _regen_ramp_timer (static: 0, total: 4)
Orphan StringName: lake_radius (static: 0, total: 6)
Orphan StringName: cliff_half_rock (static: 0, total: 1)
Orphan StringName: Mesh (static: 0, total: 7)
Orphan StringName: _bake_segment_buckets (static: 0, total: 4)
Orphan StringName: _default_attacks (static: 0, total: 3)
Orphan StringName: _maybe_step_up (static: 0, total: 4)
Orphan StringName: ArrayMesh (static: 0, total: 16)
Orphan StringName: INTERACTION_REACH (static: 0, total: 2)
Orphan StringName: sway_amplitude (static: 0, total: 2)
Orphan StringName: _emitting_own_noise (static: 0, total: 4)
Orphan StringName: aim_held (static: 0, total: 10)
Orphan StringName: _points (static: 0, total: 3)
Orphan StringName: style_heading (static: 0, total: 3)
Orphan StringName: _triangle (static: 0, total: 6)
Orphan StringName: BoneAttachment3D (static: 0, total: 6)
Orphan StringName: add_shake (static: 0, total: 4)
Orphan StringName: interacted (static: 0, total: 3)
Orphan StringName: PlayerInputReader (static: 0, total: 6)
Orphan StringName: mark_refused (static: 0, total: 4)
Orphan StringName: MAX_WEAPONS (static: 0, total: 2)
Orphan StringName: cancel (static: 0, total: 12)
Orphan StringName: CHECKPOINT_CLEAR_M (static: 0, total: 2)
Orphan StringName: CylinderShape3D (static: 0, total: 1)
Orphan StringName: is_exhausted (static: 0, total: 3)
Orphan StringName: fly_up_held (static: 0, total: 6)
Orphan StringName: max_health (static: 0, total: 5)
Orphan StringName: @static_initializer (static: 1, total: 10)
Orphan StringName: PULSE_NOISE_RADIUS (static: 0, total: 2)
Orphan StringName: _process_mantle (static: 0, total: 4)
Orphan StringName: reaction_duration (static: 0, total: 6)
Orphan StringName: instance_count (static: 0, total: 2)
Orphan StringName: radius (static: 0, total: 3)
Orphan StringName: _hitbox_half_depth (static: 0, total: 4)
Orphan StringName: TONE_STONE (static: 0, total: 2)
Orphan StringName: ElectricNode.Kind (static: 0, total: 3)
Orphan StringName: RAMP_Z_END (static: 0, total: 2)
Orphan StringName: attacks (static: 0, total: 4)
Orphan StringName: move_left (static: 0, total: 1)
Orphan StringName: PhysicsBody3D (static: 0, total: 8)
Orphan StringName: fly_down_held (static: 0, total: 6)
Orphan StringName: <anonymous lambda> (static: 0, total: 6)
Orphan StringName: Vector2 (static: 0, total: 1)
Orphan StringName: Vector3 (static: 0, total: 1)
Orphan StringName: Vector4 (static: 0, total: 1)
Orphan StringName: floor_snap_length (static: 0, total: 9)
Orphan StringName: ECHO_MEMORY (static: 0, total: 2)
Orphan StringName: equipped (static: 0, total: 8)
Orphan StringName: GROUND_PROBE_UP (static: 0, total: 2)
Orphan StringName: wire_button_feedback (static: 0, total: 3)
Orphan StringName: grass (static: 0, total: 2)
Orphan StringName: pulse_fired (static: 0, total: 3)
Orphan StringName: exhaustion_recovery_threshold (static: 0, total: 6)
Orphan StringName: weapon_equipped (static: 0, total: 5)
Orphan StringName: TRUNK_RADIUS_M (static: 0, total: 2)
Orphan StringName: base_damage (static: 0, total: 17)
Orphan StringName: _emit_cells (static: 0, total: 4)
Orphan StringName: active_arrows (static: 0, total: 3)
Orphan StringName: foot_hit (static: 0, total: 5)
Orphan StringName: name (static: 0, total: 13)
Orphan StringName: reach_m (static: 0, total: 7)
Orphan StringName: _dodge_buffer (static: 0, total: 4)
Orphan StringName: res://resources/tuning/climb_tuning.gd (static: 0, total: 1)
Orphan StringName: content_margin_top (static: 0, total: 2)
Orphan StringName: arc_anchor (static: 0, total: 2)
Orphan StringName: Shader (static: 0, total: 1)
Orphan StringName: _cast (static: 0, total: 4)
Orphan StringName: _quad (static: 0, total: 4)
Orphan StringName: PATH (static: 0, total: 2)
Orphan StringName: arch.wall.module (static: 0, total: 1)
Orphan StringName: equip_index (static: 0, total: 7)
Orphan StringName: camera_probe_radius (static: 0, total: 6)
Orphan StringName: prop.barrel (static: 0, total: 1)
Orphan StringName: _lockout_timer (static: 0, total: 4)
Orphan StringName: _route_mask (static: 0, total: 4)
Orphan StringName: _ready (static: 1, total: 64)
Orphan StringName: recover (static: 0, total: 3)
Orphan StringName: FAMILY_CEILING (static: 0, total: 2)
Orphan StringName: _collect_water_segments (static: 0, total: 4)
Orphan StringName: save_invert_look_y (static: 0, total: 3)
Orphan StringName: _update_timers (static: 0, total: 5)
Orphan StringName: _length (static: 0, total: 4)
Orphan StringName: AttackControllerComponent (static: 0, total: 5)
Orphan StringName: _cumulative (static: 0, total: 3)
Orphan StringName: FOLIAGE_SHADER (static: 0, total: 2)
Orphan StringName: _elapsed (static: 0, total: 8)
Orphan StringName: Grass_Common_Tall (static: 0, total: 1)
Orphan StringName: _orient_visual (static: 0, total: 4)
Orphan StringName: _focus_engaged (static: 0, total: 4)
Orphan StringName: _jolt_attacker_poise (static: 0, total: 4)
Orphan StringName: liberer_caches (static: 0, total: 24)
Orphan StringName: content_margin_left (static: 0, total: 2)
Orphan StringName: _pending (static: 0, total: 3)
Orphan StringName: lost_contact (static: 0, total: 1)
Orphan StringName: _paint_at (static: 0, total: 4)
Orphan StringName: meal_pressed (static: 0, total: 7)
Orphan StringName: family (static: 0, total: 3)
Orphan StringName: river_main_polyline (static: 0, total: 5)
Orphan StringName: swing (static: 0, total: 1)
Orphan StringName: _wall_push_time (static: 0, total: 4)
Orphan StringName: _fade_hero_when_camera_is_close (static: 0, total: 4)
Orphan StringName: SURFACE_DIR (static: 0, total: 2)
Orphan StringName: SECTION_CAMERA (static: 0, total: 2)
Orphan StringName: _static_init (static: 0, total: 24)
Orphan StringName: damage_gate (static: 0, total: 5)
Orphan StringName: try_pulse (static: 0, total: 4)
Orphan StringName: _climbing (static: 0, total: 3)
Orphan StringName: normal_smoothing (static: 0, total: 6)
Orphan StringName: dev_fly_down (static: 0, total: 1)
Orphan StringName: total_duration (static: 0, total: 4)
Orphan StringName: RIVER_BANK_W (static: 0, total: 2)
Orphan StringName: ROUTE_CLEAR_M (static: 0, total: 2)
Orphan StringName: ground_completed (static: 0, total: 3)
Orphan StringName: weapon_removed (static: 0, total: 3)
Orphan StringName: load_mouse_sensitivity (static: 0, total: 4)
Orphan StringName: fragment_granted (static: 0, total: 3)
Orphan StringName: is_powered (static: 0, total: 3)
Orphan StringName: SHADER_PATH (static: 0, total: 2)
Orphan StringName: SphereShape3D (static: 0, total: 1)
Orphan StringName: inspected_count (static: 0, total: 3)
Orphan StringName: is_invulnerable (static: 0, total: 6)
Orphan StringName: _apply_gravity (static: 0, total: 8)
Orphan StringName: is_aiming (static: 0, total: 3)
Orphan StringName: hit_land (static: 0, total: 1)
Orphan StringName: PAINT_FALLBACK (static: 0, total: 2)
Orphan StringName: ratio (static: 0, total: 9)
Orphan StringName: HealthComponent (static: 0, total: 8)
Orphan StringName: RING_SIZE (static: 0, total: 2)
Orphan StringName: move_right (static: 0, total: 1)
Orphan StringName: _overload_timer (static: 0, total: 4)
Orphan StringName: play_sfx (static: 0, total: 2)
Orphan StringName: INTERACT_FOCUS_INTERVAL (static: 0, total: 2)
Orphan StringName: ActionAlignmentComponent (static: 0, total: 5)
Orphan StringName: _try_interact (static: 0, total: 4)
Orphan StringName: SHAKE_FREQUENCY (static: 0, total: 2)
Orphan StringName: release (static: 0, total: 6)
Orphan StringName: _material_state_of (static: 0, total: 6)
Orphan StringName: ingredients_snapshot (static: 0, total: 3)
Orphan StringName: hurt (static: 0, total: 11)
Orphan StringName: try_sustain (static: 0, total: 5)
Orphan StringName: arrow_hit (static: 0, total: 3)
Orphan StringName: BowComponent (static: 0, total: 5)
Orphan StringName: clear_weapons (static: 0, total: 3)
Orphan StringName: obstacle (static: 0, total: 1)
Orphan StringName: _tick_footsteps (static: 0, total: 4)
Orphan StringName: probe_head_height (static: 0, total: 6)
Orphan StringName: Grass_Wispy_Tall (static: 0, total: 1)
Orphan StringName: hollow_rock_mesh (static: 0, total: 3)
Orphan StringName: resonance_pulse (static: 0, total: 2)
Orphan StringName: PackedVector4Array (static: 0, total: 1)
Orphan StringName: PhysicsDirectSpaceState3D (static: 0, total: 12)
Orphan StringName: _shake_amplitude (static: 0, total: 4)
Orphan StringName: RID (static: 0, total: 1)
Orphan StringName: apply_buff (static: 0, total: 5)
Orphan StringName: _framing_distance (static: 0, total: 4)
Orphan StringName: step (static: 0, total: 2)
Orphan StringName: _apply_lock_look (static: 0, total: 4)
Orphan StringName: BACKDROP (static: 0, total: 2)
Orphan StringName: startup (static: 0, total: 9)
Orphan StringName: _posture (static: 0, total: 4)
Orphan StringName: endurance_ou_phase (static: 0, total: 1)
Orphan StringName: _ground_lock_timer (static: 0, total: 4)
Orphan StringName: ROUTE_SOFT_FAR (static: 0, total: 2)
Orphan StringName: take_first_meal (static: 0, total: 4)
Orphan StringName: _polarity_timer (static: 0, total: 4)
Orphan StringName: is_fractured (static: 0, total: 3)
Orphan StringName: _capsule_blocked_at (static: 0, total: 4)
Orphan StringName: iframes_length (static: 0, total: 3)
Orphan StringName: _model (static: 0, total: 4)
Orphan StringName: _dodge_elapsed (static: 0, total: 4)
Orphan StringName: _posture_damage (static: 0, total: 4)
Orphan StringName: liberer_tout (static: 0, total: 3)
Orphan StringName: is_frozen (static: 0, total: 3)
Orphan StringName: _enter_climb (static: 0, total: 4)
Orphan StringName: prop.chest (static: 0, total: 1)
Orphan StringName: _is_dead (static: 0, total: 6)
Orphan StringName: SFX (static: 0, total: 1)
Orphan StringName: ingredient_ids (static: 0, total: 3)
Orphan StringName: res://scripts/combat/arrow_projectile.gd (static: 0, total: 7)
Orphan StringName: _link (static: 0, total: 4)
Orphan StringName: _sfx (static: 0, total: 14)
Orphan StringName: CYAN_CORE (static: 0, total: 2)
Orphan StringName: transparency (static: 0, total: 1)
Orphan StringName: _process_target (static: 0, total: 4)
Orphan StringName: floor_max_angle (static: 0, total: 1)
Orphan StringName: traversal_base (static: 0, total: 6)
Orphan StringName: _mark_refused (static: 0, total: 7)
Orphan StringName: TONE_CLOTH (static: 0, total: 2)
Orphan StringName: trop_lourd (static: 0, total: 1)
Orphan StringName: acquire (static: 0, total: 4)
Orphan StringName: look_right (static: 0, total: 1)
Orphan StringName: WeaponMesh (static: 0, total: 1)
Orphan StringName: instance_origins (static: 0, total: 2)
Orphan StringName: try_link (static: 0, total: 4)
Orphan StringName: interrompu (static: 0, total: 1)
Orphan StringName: STATE_GROUNDED (static: 0, total: 2)
Orphan StringName: _b_port (static: 0, total: 4)
Orphan StringName: _flash_materials (static: 0, total: 3)
Orphan StringName: water_surface_at (static: 0, total: 5)
Orphan StringName: FLUX_REFUND (static: 0, total: 2)
Orphan StringName: PROBE_HEIGHT (static: 0, total: 2)
Orphan StringName: take_poise_damage (static: 0, total: 4)
Orphan StringName: RandomNumberGenerator (static: 0, total: 11)
Orphan StringName: probe (static: 0, total: 5)
Orphan StringName: damaged (static: 0, total: 3)
Orphan StringName: shader (static: 0, total: 3)
Orphan StringName: res://scripts/core/user_settings.gd (static: 0, total: 9)
Orphan StringName: chip (static: 0, total: 3)
Orphan StringName: _knockback (static: 0, total: 4)
Orphan StringName: validate (static: 0, total: 3)
Orphan StringName: r09_ruines_du_coeur (static: 0, total: 4)
Orphan StringName: _target (static: 0, total: 4)
Orphan StringName: TONE_PLANT (static: 0, total: 2)
Orphan StringName: res://scripts/components/input_intent.gd (static: 0, total: 5)
Orphan StringName: error (static: 0, total: 1)
Orphan StringName: Color (static: 0, total: 1)
Orphan StringName: _refresh_interact_focus (static: 0, total: 5)
Orphan StringName: AudioStreamPlayer (static: 0, total: 11)
Orphan StringName: _grain (static: 0, total: 3)
Orphan StringName: fragile_unsupported (static: 0, total: 1)
Orphan StringName: port_offsets (static: 0, total: 5)
Orphan StringName: collider_box (static: 0, total: 3)
Orphan StringName: TINT_FALLBACK (static: 0, total: 2)
Orphan StringName: _bucket_aabb (static: 0, total: 5)
Orphan StringName: forbidden_surface (static: 0, total: 1)
Orphan StringName: @group_14_Mantle (§9.3) (static: 0, total: 2)
Orphan StringName: missing_clips (static: 0, total: 4)
Orphan StringName: Components/StaminaComponent (static: 0, total: 2)
Orphan StringName: deactivate (static: 0, total: 10)
Orphan StringName: Camera3D (static: 0, total: 6)
Orphan StringName: _on_hit_received (static: 0, total: 4)
Orphan StringName: @group_1_Dégâts (§10.3) (static: 0, total: 2)
Orphan StringName: echo (static: 0, total: 2)
Orphan StringName: UI_SOUND_VOLUME_DB (static: 0, total: 2)
Orphan StringName: has_fragment (static: 0, total: 6)
Orphan StringName: mantle_refused (static: 0, total: 4)
Orphan StringName: SECTION_AUDIO (static: 0, total: 2)
Orphan StringName: BODY_HEIGHT (static: 0, total: 2)
Orphan StringName: add_meal (static: 0, total: 3)
Orphan StringName: ground (static: 0, total: 4)
Orphan StringName: Label (static: 0, total: 2)
Orphan StringName: emission_enabled (static: 0, total: 2)
Orphan StringName: YawPivot/PitchPivot/SpringArm3D/Camera3D (static: 0, total: 1)
Orphan StringName: _wall_normal (static: 0, total: 4)
Orphan StringName: StaticBody3D (static: 0, total: 7)
Orphan StringName: _framing_fov_target (static: 0, total: 4)
Orphan StringName: equip_next (static: 0, total: 4)
Orphan StringName: RING_FULL (static: 0, total: 2)
Orphan StringName: spear (static: 0, total: 1)
Orphan StringName: _history (static: 0, total: 3)
Orphan StringName: max_stack (static: 0, total: 6)
Orphan StringName: @group_11_Fenêtres d'entrée (§10.2, §10.6) (static: 0, total: 2)
Orphan StringName: _socket (static: 0, total: 4)
Orphan StringName: grain_texture (static: 0, total: 5)
Orphan StringName: speed (static: 0, total: 6)
Orphan StringName: dodge (static: 0, total: 13)
Orphan StringName: cliff_large_rock (static: 0, total: 1)
Orphan StringName: own_bodies (static: 0, total: 4)
Orphan StringName: _push_physics_props (static: 0, total: 4)
Orphan StringName: TRIB_BANK_W (static: 0, total: 2)
Orphan StringName: _weapons (static: 0, total: 3)
Orphan StringName: world_v2_vegetation (static: 0, total: 2)
Orphan StringName: _accumulated (static: 0, total: 4)
Orphan StringName: posture_damage (static: 0, total: 11)
Orphan StringName: blade_height (static: 0, total: 2)
Orphan StringName: typeof (static: 0, total: 8)
Orphan StringName: _emit_model_cells (static: 0, total: 4)
Orphan StringName: pas_charge (static: 0, total: 1)
Orphan StringName: resonance_links (static: 0, total: 1)
Orphan StringName: move_weapon (static: 0, total: 3)
Orphan StringName: direct_space_state (static: 0, total: 9)
Orphan StringName: sword (static: 0, total: 1)
Orphan StringName: SAMPLES (static: 0, total: 2)
Orphan StringName: is_overloaded (static: 0, total: 5)
Orphan StringName: MaterialStateComponent (static: 0, total: 5)
Orphan StringName: GLOBAL_SEED (static: 0, total: 2)
Orphan StringName: focus_confirm (static: 0, total: 4)
Orphan StringName: TRUNK_HEIGHT_M (static: 0, total: 2)
Orphan StringName: regen_multiplier (static: 0, total: 5)
Orphan StringName: parry_posture_damage (static: 0, total: 6)
Orphan StringName: InputEvent (static: 0, total: 2)
Orphan StringName: front_angle_deg (static: 0, total: 6)
Orphan StringName: @group_0_Accroche (§9.2) (static: 0, total: 2)
Orphan StringName: _cell_key (static: 0, total: 5)
Orphan StringName: _bearing (static: 0, total: 4)
Orphan StringName: _mesh_cache (static: 0, total: 3)
Orphan StringName: WET_TRIB_NEAR (static: 0, total: 2)
Orphan StringName: consume_edges (static: 0, total: 6)
Orphan StringName: stamina (static: 0, total: 4)
Orphan StringName: look_mouse (static: 0, total: 7)
Orphan StringName: set_hop_depth (static: 0, total: 3)
Orphan StringName: SHAKE_MAX_RAD (static: 0, total: 2)
Orphan StringName: climb_drain (static: 0, total: 6)
Orphan StringName: _make_tuft_mesh (static: 0, total: 4)
Orphan StringName: charged (static: 0, total: 4)
Orphan StringName: _build_cell (static: 0, total: 4)
Orphan StringName: TREES_DEAD (static: 0, total: 2)
Orphan StringName: _try_mantle (static: 0, total: 4)
Orphan StringName: ELEC_DAMAGE_MULTIPLIER (static: 0, total: 2)
Orphan StringName: durability_fraction (static: 0, total: 5)
Orphan StringName: potency (static: 0, total: 5)
Orphan StringName: STATE_BURNING (static: 0, total: 2)
Orphan StringName: camera_pitch_min_deg (static: 0, total: 7)
Orphan StringName: power_changed (static: 0, total: 3)
Orphan StringName: _index (static: 0, total: 6)
Orphan StringName: FORD_BANK_W (static: 0, total: 2)
Orphan StringName: no_top (static: 0, total: 1)
Orphan StringName: Mode (static: 0, total: 2)
Orphan StringName: AssetRegistry (static: 0, total: 3)
Orphan StringName: collision_mask (static: 0, total: 8)
Orphan StringName: _interact_focus (static: 0, total: 4)
Orphan StringName: _next_attack_id (static: 0, total: 3)
Orphan StringName: probe_ground (static: 0, total: 3)
Orphan StringName: _since_last_hit (static: 0, total: 4)
Orphan StringName: _space (static: 0, total: 7)
Orphan StringName: target_next_pressed (static: 0, total: 8)
Orphan StringName: _warned_weapon (static: 0, total: 4)
Orphan StringName: _regenerate (static: 0, total: 4)
Orphan StringName: arrow_speed (static: 0, total: 6)
Orphan StringName: Fern_1 (static: 0, total: 1)
Orphan StringName: instigator_path (static: 0, total: 4)
Orphan StringName: shot_cooldown (static: 0, total: 6)
Orphan StringName: LAKE_DEPTH (static: 0, total: 2)
Orphan StringName: jump (static: 0, total: 9)
Orphan StringName: _duration (static: 0, total: 4)
Orphan StringName: clarity_duration (static: 0, total: 6)
Orphan StringName: _step_variant (static: 0, total: 4)
Orphan StringName: border_color (static: 0, total: 3)
Orphan StringName: @group_14_Épuisement (static: 0, total: 2)
Orphan StringName: regen_delay (static: 0, total: 11)
Orphan StringName: HeightMapShape3D (static: 0, total: 1)
Orphan StringName: is_spice (static: 0, total: 5)
Orphan StringName: SLATE_SOLID (static: 0, total: 2)
Orphan StringName: Components/InventoryComponent (static: 0, total: 1)
Orphan StringName: CameraRig (static: 0, total: 7)
Orphan StringName: @group_17_Franchissement de marche (§8.2) (static: 0, total: 2)
Orphan StringName: _aim_point (static: 0, total: 8)
Orphan StringName: _default_heavy (static: 0, total: 4)
Orphan StringName: color (static: 0, total: 5)
Orphan StringName: poise_broken (static: 0, total: 3)
Orphan StringName: resonance_ground (static: 0, total: 3)
Orphan StringName: AttackController (static: 0, total: 1)
Orphan StringName: posture_changed (static: 0, total: 5)
Orphan StringName: _water_distance (static: 0, total: 5)
Orphan StringName: _spot_allows (static: 0, total: 6)
Orphan StringName: noise (static: 0, total: 1)
Orphan StringName: club (static: 0, total: 1)
Orphan StringName: last_refusal (static: 0, total: 3)
Orphan StringName: progress (static: 0, total: 3)
Orphan StringName: hit_confirmed (static: 0, total: 4)
Orphan StringName: block_cost_min (static: 0, total: 6)
Orphan StringName: _powered (static: 0, total: 5)
Orphan StringName: Pebble_Square_1 (static: 0, total: 1)
Orphan StringName: hitbox_path (static: 0, total: 4)
Orphan StringName: _coyote_timer (static: 0, total: 4)
Orphan StringName: _frozen (static: 0, total: 4)
Orphan StringName: cliff_blockSlope_rock (static: 0, total: 1)
Orphan StringName: _route_distance (static: 0, total: 4)
Orphan StringName: _arc_step_cooldown (static: 0, total: 4)
Orphan StringName: WALL_HOLD_MAX_SPEED (static: 0, total: 2)
Orphan StringName: anim_set (static: 0, total: 4)
Orphan StringName: _on_buff_changed_apply (static: 0, total: 4)
Orphan StringName: DamageEvent (static: 0, total: 19)
Orphan StringName: _attacker_damage (static: 0, total: 4)
Orphan StringName: DEFAULT_MOUSE_SENSITIVITY (static: 0, total: 2)
Orphan StringName: horizontal_speed (static: 0, total: 3)
Orphan StringName: reveal (static: 0, total: 4)
Orphan StringName: TINT_ROUTE (static: 0, total: 2)
Orphan StringName: _cell_trib_segments (static: 0, total: 3)
Orphan StringName: _yaw (static: 0, total: 4)
Orphan StringName: _visual_root (static: 0, total: 3)
Orphan StringName: Flower_4_Single (static: 0, total: 1)
Orphan StringName: TURQUOISE_DARK (static: 0, total: 2)
Orphan StringName: TRIB_BED_HALF_W (static: 0, total: 2)
Orphan StringName: SWEEP_MASK (static: 0, total: 2)
Orphan StringName: restore (static: 0, total: 7)
Orphan StringName: albedo (static: 0, total: 2)
Orphan StringName: begin_path (static: 0, total: 5)
Orphan StringName: AttackDefinition (static: 0, total: 9)
Orphan StringName: sprint_speed (static: 0, total: 5)
Orphan StringName: env.tree.large (static: 0, total: 1)
Orphan StringName: mark_consumed (static: 0, total: 4)
Orphan StringName: Shape3D (static: 0, total: 2)
Orphan StringName: too_far (static: 0, total: 1)
Orphan StringName: FLOWER_VARIATION_MAX (static: 0, total: 2)
Orphan StringName: res://scripts/combat/attack_controller.gd (static: 0, total: 17)
Orphan StringName: heavy_attack (static: 0, total: 10)
Orphan StringName: los_mask (static: 0, total: 5)
Orphan StringName: PackedByteArray (static: 0, total: 1)
Orphan StringName: exhausted (static: 0, total: 5)
Orphan StringName: target_prev_pressed (static: 0, total: 8)
Orphan StringName: push_warning (static: 0, total: 9)
Orphan StringName: RAMP_Z_START (static: 0, total: 2)
Orphan StringName: is_broken (static: 0, total: 10)
Orphan StringName: OVERLOAD_TELEGRAPH (static: 0, total: 2)
Orphan StringName: FLOWER_VARIATION_MIN (static: 0, total: 2)
Orphan StringName: healed (static: 0, total: 3)
Orphan StringName: _last_noise_age (static: 0, total: 4)
Orphan StringName: disconnect (static: 1, total: 2)
Orphan StringName: next_attack_id (static: 0, total: 6)
Orphan StringName: mouse_sensitivity (static: 0, total: 4)
Orphan StringName: _damage_type (static: 0, total: 4)
Orphan StringName: target_height (static: 0, total: 3)
Orphan StringName: GroundCollision (static: 0, total: 1)
Orphan StringName: overhang (static: 0, total: 1)
Orphan StringName: _skeleton (static: 0, total: 4)
Orphan StringName: res://resources/tuning/stamina_tuning.gd (static: 0, total: 1)
Orphan StringName: health (static: 0, total: 7)
Orphan StringName: _hurt_elapsed (static: 0, total: 4)
Orphan StringName: PlayerController.Mode (static: 0, total: 2)
Orphan StringName: hit_stop (static: 0, total: 13)
Orphan StringName: velocity (static: 0, total: 26)
Orphan StringName: ConfigFile (static: 0, total: 1)
Orphan StringName: _bake_buckets (static: 0, total: 4)
Orphan StringName: fractal_gain (static: 0, total: 1)
Orphan StringName: transform_format (static: 0, total: 2)
Orphan StringName: res://scripts/combat/bow_component.gd (static: 0, total: 7)
Orphan StringName: LOCK_CONVERGENCE_SPEED (static: 0, total: 2)
Orphan StringName: _process_dead (static: 0, total: 4)
Orphan StringName: CELL_M (static: 0, total: 2)
Orphan StringName: TREES_MEADOW (static: 0, total: 2)
Orphan StringName: can_spend (static: 0, total: 5)
Orphan StringName: _apply_opacity (static: 0, total: 4)
Orphan StringName: POLARITY_RANGE (static: 0, total: 2)
Orphan StringName: BREAK_MARGIN (static: 0, total: 2)
Orphan StringName: try_ground (static: 0, total: 5)
Orphan StringName: PUSH_MAX_SPEED (static: 0, total: 2)
Orphan StringName: camera_fov_sprint (static: 0, total: 6)
Orphan StringName: climb_lateral_drain (static: 0, total: 6)
Orphan StringName: _mark_consumed (static: 0, total: 9)
Orphan StringName: active_link (static: 0, total: 3)
Orphan StringName: linear_velocity (static: 0, total: 2)
Orphan StringName: meals_changed (static: 0, total: 4)
Orphan StringName: process_mode (static: 0, total: 1)
Orphan StringName: res://scripts/components/stamina_component.gd (static: 0, total: 15)
Orphan StringName: move_forward (static: 0, total: 1)
Orphan StringName: KitPlacement (static: 0, total: 3)
Orphan StringName: LocomotionTuning (static: 0, total: 5)
Orphan StringName: take_damage (static: 0, total: 4)
Orphan StringName: Components/LedgeDetectorComponent (static: 0, total: 1)
Orphan StringName: IngredientDefinition (static: 0, total: 4)
Orphan StringName: reset (static: 0, total: 3)
Orphan StringName: plaque (static: 0, total: 4)
Orphan StringName: parry_poise_damage (static: 0, total: 6)
Orphan StringName: current_intent (static: 0, total: 5)
Orphan StringName: annule (static: 0, total: 2)
Orphan StringName: @group_9_Saut et gravité (static: 0, total: 2)
Orphan StringName: env.rock.medium (static: 0, total: 1)
Orphan StringName: max_poise (static: 0, total: 5)
Orphan StringName: approach_local (static: 0, total: 6)
Orphan StringName: current_interact_target (static: 0, total: 3)
Orphan StringName: _interact_focus_tick (static: 0, total: 4)
Orphan StringName: no_space (static: 0, total: 2)
Orphan StringName: blade (static: 0, total: 1)
Orphan StringName: res://scripts/components/poise_component.gd (static: 0, total: 5)
Orphan StringName: load_volume (static: 0, total: 3)
Orphan StringName: Area3D (static: 0, total: 7)
Orphan StringName: BURN_DURATION (static: 0, total: 2)
Orphan StringName: WorldV2TerrainBuilder (static: 0, total: 6)
Orphan StringName: definition_id (static: 0, total: 3)
Orphan StringName: repousser (static: 0, total: 2)
Orphan StringName: _drive_arc_step (static: 0, total: 4)
Orphan StringName: pushable (static: 0, total: 1)
Orphan StringName: Components/StatusEffectComponent (static: 0, total: 1)
Orphan StringName: split (static: 0, total: 1)
Orphan StringName: env.tree.medium (static: 0, total: 1)
Orphan StringName: vertex_color_use_as_albedo (static: 0, total: 1)
Orphan StringName: enemies (static: 0, total: 1)
Orphan StringName: @group_9_Déplacement sur paroi (§9.2) (static: 0, total: 2)
Orphan StringName: char.raider_red (static: 0, total: 1)
Orphan StringName: apply_state (static: 0, total: 3)
Orphan StringName: lifetime (static: 0, total: 6)
Orphan StringName: res://scripts/enemies/noise_events.gd (static: 0, total: 2)
Orphan StringName: activate (static: 0, total: 4)
Orphan StringName: RAMP_HALF_W (static: 0, total: 2)
Orphan StringName: content_margin_bottom (static: 0, total: 2)
Orphan StringName: append (static: 0, total: 38)
Orphan StringName: remaining (static: 0, total: 3)
Orphan StringName: _spent_this_tick (static: 0, total: 4)
Orphan StringName: hop_depth (static: 0, total: 3)
Orphan StringName: PoiseComponent (static: 0, total: 5)
Orphan StringName: is_emitting (static: 0, total: 3)
Orphan StringName: Button (static: 0, total: 6)
Orphan StringName: _weapon_mesh (static: 0, total: 4)
Orphan StringName: _try_grass_tuft (static: 0, total: 4)
Orphan StringName: PlayerController (static: 0, total: 7)
Orphan StringName: climb_jump_height (static: 0, total: 6)
Orphan StringName: fired (static: 0, total: 2)
Orphan StringName: PitchPivot (static: 0, total: 3)
Orphan StringName: elan (static: 0, total: 2)
Orphan StringName: revive (static: 0, total: 3)
Orphan StringName: res://scripts/world_v2/world_v2_heightmap.gd (static: 0, total: 27)
Orphan StringName: roughness (static: 0, total: 4)
Orphan StringName: probe_wall (static: 0, total: 5)
Orphan StringName: YawPivot/PitchPivot/SpringArm3D (static: 0, total: 1)
Orphan StringName: _last_refusal (static: 0, total: 3)
Orphan StringName: PLAYABLE_LIMIT_M (static: 0, total: 2)
Orphan StringName: LedgeDetectorComponent.LedgeResult (static: 0, total: 1)
Orphan StringName: _grab_cooldown (static: 0, total: 4)
Orphan StringName: BOULDER_MAX_SLOPE_DEG (static: 0, total: 2)
Orphan StringName: state_changed (static: 0, total: 9)
Orphan StringName: fractured (static: 0, total: 2)
Orphan StringName: connect (static: 1, total: 5)
Orphan StringName: attack_phase_changed (static: 0, total: 5)
Orphan StringName: active (static: 0, total: 8)
Orphan StringName: sprint (static: 0, total: 9)
Orphan StringName: focus_update (static: 0, total: 4)
Orphan StringName: AttackControllerComponent.Phase (static: 0, total: 2)
Orphan StringName: is_in_water (static: 0, total: 4)
Orphan StringName: block_damage_factor (static: 0, total: 6)
Orphan StringName: emit (static: 0, total: 75)
Orphan StringName: RING_COL_AMPLITUDE (static: 0, total: 2)
Orphan StringName: _ground_player (static: 0, total: 4)
Orphan StringName: _invulnerable (static: 0, total: 4)
Orphan StringName: CYAN (static: 0, total: 2)
Orphan StringName: HurtTuning (static: 0, total: 4)
Orphan StringName: res://scripts/core/static_resource_caches.gd (static: 0, total: 4)
Orphan StringName: _focus_candidates (static: 0, total: 3)
Orphan StringName: _heightmap (static: 0, total: 8)
Orphan StringName: consume (static: 0, total: 6)
Orphan StringName: WET_DURATION_SURFACE (static: 0, total: 2)
Orphan StringName: _has_los (static: 0, total: 11)
Orphan StringName: arrow_fired (static: 0, total: 3)
Orphan StringName: MODEL_CACHE_MAX (static: 0, total: 2)
Orphan StringName: bone_name (static: 0, total: 1)
Orphan StringName: set_weapon (static: 0, total: 4)
Orphan StringName: _lake_center (static: 0, total: 4)
Orphan StringName: _lock_on (static: 0, total: 3)
Orphan StringName: Plant_1 (static: 0, total: 1)
Orphan StringName: CharacterVisual (static: 0, total: 7)
Orphan StringName: _broke_emitted (static: 0, total: 4)
Orphan StringName: _broken (static: 0, total: 8)
Orphan StringName: _drive_ground (static: 0, total: 4)
Orphan StringName: exclude (static: 0, total: 4)
Orphan StringName: _grass_material (static: 0, total: 4)
Orphan StringName: set_ingredients (static: 0, total: 3)
Orphan StringName: map_data (static: 0, total: 1)
Orphan StringName: _los_lost_for (static: 0, total: 4)
Orphan StringName: neighbours (static: 0, total: 3)
Orphan StringName: res://resources/combat/bow_tuning.gd (static: 0, total: 1)
Orphan StringName: TURQUOISE (static: 0, total: 2)
Orphan StringName: _grass_tall (static: 0, total: 4)
Orphan StringName: dev_fly_up (static: 0, total: 1)
Orphan StringName: VisualInstance3D (static: 0, total: 2)
Orphan StringName: LAKE_SHORE_W (static: 0, total: 2)
Orphan StringName: display_name (static: 0, total: 12)
Orphan StringName: _use_reader (static: 0, total: 4)
Orphan StringName: @group_6_Consommation instantanée (par action) (static: 0, total: 2)
Orphan StringName: _ford_factor (static: 0, total: 4)
Orphan StringName: material (static: 0, total: 4)
Orphan StringName: _on_buff_changed_expire (static: 0, total: 4)
Orphan StringName: attack_light (static: 0, total: 9)
Orphan StringName: valid (static: 0, total: 6)
Orphan StringName: tags (static: 0, total: 4)
Orphan StringName: duplicate_intent (static: 0, total: 3)
Orphan StringName: ledge_search_height (static: 0, total: 6)
Orphan StringName: focus (static: 0, total: 1)
Orphan StringName: @group_5_Sondes (§9.2) (static: 0, total: 2)
Orphan StringName: build (static: 0, total: 6)
Orphan StringName: icon (static: 1, total: 5)
Orphan StringName: display_name_key (static: 0, total: 4)
Orphan StringName: BoxMesh (static: 0, total: 1)
Orphan StringName: ClimbTuning (static: 0, total: 6)
Orphan StringName: save_state (static: 0, total: 3)
Orphan StringName: mouse_entered (static: 0, total: 1)
Orphan StringName: PEBBLE_MODELS (static: 0, total: 2)
Orphan StringName: LINK_SELECT_RANGE (static: 0, total: 2)
Orphan StringName: WARNING_FRACTION (static: 0, total: 2)
Orphan StringName: _reveal_timer (static: 0, total: 4)
Orphan StringName: dissolve (static: 0, total: 5)
Orphan StringName: TREES_DRY (static: 0, total: 2)
Orphan StringName: GOLD (static: 0, total: 2)
Orphan StringName: TINT_FORBIDDEN (static: 0, total: 2)
Orphan StringName: spring_length (static: 0, total: 2)
Orphan StringName: rock_largeA (static: 0, total: 1)
Orphan StringName: rock_largeC (static: 0, total: 1)
Orphan StringName: get_yaw (static: 0, total: 3)
Orphan StringName: font_size (static: 0, total: 1)
Orphan StringName: try_heavy (static: 0, total: 4)
Orphan StringName: approach_from (static: 0, total: 5)
Orphan StringName: summary (static: 0, total: 3)
Orphan StringName: is_active (static: 0, total: 13)
Orphan StringName: equip_previous (static: 0, total: 4)
Orphan StringName: _water_segments (static: 0, total: 6)
Orphan StringName: _acquire_arrow (static: 0, total: 4)
Orphan StringName: set_mouse_sensitivity (static: 0, total: 4)
Orphan StringName: no_wall (static: 0, total: 1)
Orphan StringName: material_override (static: 0, total: 3)
Orphan StringName: LedgeResult (static: 0, total: 4)
Orphan StringName: guard_broken (static: 0, total: 3)
Orphan StringName: motion (static: 0, total: 1)
Orphan StringName: camera_fade_distance (static: 0, total: 6)
Orphan StringName: res://scripts/world/kit_scale.gd (static: 0, total: 4)
Orphan StringName: idle (static: 0, total: 7)
Orphan StringName: UI_SOUND_PATHS (static: 0, total: 2)
Orphan StringName: _on_own_hit_confirmed (static: 0, total: 4)
Orphan StringName: @group_0_Vitesses (m/s) (static: 0, total: 2)
Orphan StringName: FLOWER_MODELS (static: 0, total: 2)
Orphan StringName: FORD_CLEAR_M (static: 0, total: 2)
Orphan StringName: resonance (static: 0, total: 3)
Orphan StringName: get_camera (static: 0, total: 6)
Orphan StringName: Phase (static: 0, total: 2)
Orphan StringName: res://scripts/reaction/resonance_link_node.gd (static: 0, total: 7)
Orphan StringName: linked (static: 0, total: 3)
Orphan StringName: resonance_targets (static: 0, total: 3)
Orphan StringName: attack_finished (static: 0, total: 4)
Orphan StringName: _route_segments (static: 0, total: 6)
Orphan StringName: is_dodging (static: 0, total: 3)
Orphan StringName: out_of_range (static: 0, total: 1)
Orphan StringName: ResonanceTargetComponent (static: 0, total: 6)
Orphan StringName: clear_lock_target (static: 0, total: 5)
Orphan StringName: aim (static: 0, total: 2)
Orphan StringName: res://scripts/components/lock_on_component.gd (static: 0, total: 12)
Orphan StringName: res://resources/combat/hurt_tuning.gd (static: 0, total: 1)
Orphan StringName: has_declared_approach (static: 0, total: 3)
Orphan StringName: _base_offset (static: 0, total: 4)
Orphan StringName: lock_target (static: 0, total: 4)
Orphan StringName: SHAKE_DECAY (static: 0, total: 2)
Orphan StringName: add_weapon (static: 0, total: 4)
Orphan StringName: _cell_context (static: 0, total: 4)
Orphan StringName: mantle_max_correction_m (static: 0, total: 7)
Orphan StringName: rock_smallB (static: 0, total: 1)
Orphan StringName: _last_noise_at (static: 0, total: 4)
Orphan StringName: res://scripts/combat/damage_formula.gd (static: 0, total: 2)
Orphan StringName: GRID_COLS (static: 0, total: 2)
Orphan StringName: _pitch (static: 0, total: 4)
Orphan StringName: axe (static: 0, total: 1)
Orphan StringName: IMPACT_RADIUS (static: 0, total: 2)
Orphan StringName: DAMAGE_TAKEN_MULTIPLIER (static: 0, total: 2)
Orphan StringName: res://scripts/characters/character_visual.gd (static: 0, total: 7)
Orphan StringName: finished (static: 0, total: 3)
Orphan StringName: Vector2i (static: 0, total: 1)
Orphan StringName: Callable (static: 0, total: 1)
Orphan StringName: _nearest_port_gap (static: 0, total: 4)
Orphan StringName: Vector3i (static: 0, total: 1)
Orphan StringName: Vector4i (static: 0, total: 1)
Orphan StringName: _los_tick (static: 0, total: 4)
Orphan StringName: GuardTuning (static: 0, total: 4)
Orphan StringName: _health (static: 0, total: 6)
Orphan StringName: SurfaceTool (static: 0, total: 5)
Orphan StringName: available (static: 0, total: 3)
Orphan StringName: world_v2_vegetation_colliders (static: 0, total: 1)
Orphan StringName: port (static: 0, total: 1)
Orphan StringName: _step_distance (static: 0, total: 4)
Orphan StringName: set_arrows (static: 0, total: 3)
Orphan StringName: heavy_pressed (static: 0, total: 7)
Orphan StringName: _profile_at (static: 0, total: 6)
Orphan StringName: set_meals (static: 0, total: 3)
Orphan StringName: _ui_streams (static: 0, total: 2)
Orphan StringName: Flower_3_Single (static: 0, total: 1)
Orphan StringName: bow (static: 0, total: 2)
Orphan StringName: player (static: 0, total: 1)
Orphan StringName: jump_buffer (static: 0, total: 6)
Orphan StringName: _water_near_chunk (static: 0, total: 4)
Orphan StringName: _input (static: 1, total: 4)
Orphan StringName: is_clarity_active (static: 0, total: 3)
Orphan StringName: parry_window (static: 0, total: 6)
Orphan StringName: bus (static: 0, total: 1)
Orphan StringName: elapsed (static: 0, total: 4)
Orphan StringName: save_volume (static: 0, total: 3)
Orphan StringName: point (static: 0, total: 6)
Orphan StringName: _interact_refusal_cooldown (static: 0, total: 4)
Orphan StringName: get_intent (static: 0, total: 4)
Orphan StringName: _time_since_spend (static: 0, total: 4)
Orphan StringName: SPRINT_NOISE_INTERVAL (static: 0, total: 2)
Orphan StringName: _wet_timer (static: 0, total: 4)
Orphan StringName: _collect_flash_materials (static: 0, total: 4)
Orphan StringName: spiked (static: 0, total: 1)
Orphan StringName: begin_ground_lock (static: 0, total: 4)
Orphan StringName: team (static: 0, total: 16)
Orphan StringName: NoiseEvents (static: 0, total: 3)
Orphan StringName: reset_stats (static: 0, total: 3)
Orphan StringName: Components/PlayerInputReader (static: 0, total: 1)
Orphan StringName: occupe (static: 0, total: 1)
Orphan StringName: dissolved (static: 0, total: 4)
Orphan StringName: monitoring (static: 0, total: 2)
Orphan StringName: BREAK_RADIUS (static: 0, total: 2)
Orphan StringName: REGION_ASH (static: 0, total: 2)
Orphan StringName: PackedStringArray (static: 0, total: 1)
Orphan StringName: ELAN_KEEP (static: 0, total: 2)
Orphan StringName: WATER_SEGMENT_MARGIN (static: 0, total: 2)
Orphan StringName: target_next (static: 0, total: 1)
Orphan StringName: MODULE_DIRS (static: 0, total: 2)
Orphan StringName: hear_noise (static: 0, total: 4)
Orphan StringName: reveal_ended (static: 0, total: 3)
Orphan StringName: defense (static: 0, total: 1)
Orphan StringName: stamina_regen_multiplier (static: 0, total: 4)
Orphan StringName: _pool (static: 0, total: 3)
Orphan StringName: ATTACK_MULTIPLIER (static: 0, total: 2)
Orphan StringName: parry_window_bonus (static: 0, total: 6)
Orphan StringName: reachable (static: 0, total: 4)
Orphan StringName: _arc_step_time_left (static: 0, total: 4)
Orphan StringName: _exhausted (static: 0, total: 4)
Orphan StringName: _try_jump (static: 0, total: 4)
Orphan StringName: WET_TRIB_FAR (static: 0, total: 2)
Orphan StringName: POLARITY_SPEED (static: 0, total: 2)
Orphan StringName: _collision (static: 0, total: 3)
Orphan StringName: HudStyle (static: 0, total: 3)
Orphan StringName: guard_blocked (static: 0, total: 3)
Orphan StringName: pick_ground_target (static: 0, total: 4)
Orphan StringName: r10_marche_de_l_orage (static: 0, total: 5)
Orphan StringName: POLARITY_MASS_MAX (static: 0, total: 2)
Orphan StringName: BARE_REACH (static: 0, total: 2)
Orphan StringName: step_forward_probe (static: 0, total: 6)
Orphan StringName: phase (static: 0, total: 5)
Orphan StringName: CHUNK_SIZE_M (static: 0, total: 2)
Orphan StringName: MultiMeshInstance3D (static: 0, total: 1)
Orphan StringName: _hero_opacity (static: 0, total: 4)
Orphan StringName: _cell_touches_water (static: 0, total: 4)
Orphan StringName: Resource (static: 2, total: 33)
Orphan StringName: StyleBoxFlat (static: 0, total: 9)
Orphan StringName: _hit_stop (static: 0, total: 4)
Orphan StringName: GeometryInstance3D (static: 0, total: 1)
Orphan StringName: _velocity (static: 0, total: 4)
Orphan StringName: clear (static: 0, total: 9)
Orphan StringName: resolve (static: 0, total: 4)
Orphan StringName: add_arrows (static: 0, total: 3)
Orphan StringName: _team (static: 0, total: 4)
Orphan StringName: released_wall (static: 0, total: 3)
Orphan StringName: char.raider_black (static: 0, total: 1)
Orphan StringName: weapon_added (static: 0, total: 3)
Orphan StringName: _scene_cache (static: 0, total: 2)
Orphan StringName: acquire_half_angle_deg (static: 0, total: 5)
Orphan StringName: arch.gate.module (static: 0, total: 1)
Orphan StringName: regen_ramp (static: 0, total: 6)
Orphan StringName: _yaw_pivot (static: 0, total: 3)
Orphan StringName: fragments (static: 0, total: 3)
Orphan StringName: inventory (static: 0, total: 3)
Orphan StringName: res://resources/ingredients/ingredient_definition.gd (static: 0, total: 1)
Orphan StringName: _category_tone (static: 0, total: 4)
Orphan StringName: regen_rate (static: 0, total: 11)
Orphan StringName: top_level (static: 0, total: 1)
Orphan StringName: flower (static: 0, total: 2)
Orphan StringName: is_dead (static: 0, total: 5)
Orphan StringName: _model_index (static: 0, total: 2)
Orphan StringName: WallProbe (static: 0, total: 4)
Orphan StringName: @group_2_Consommation continue (par seconde) (static: 0, total: 2)
Orphan StringName: clamp_sensitivity (static: 0, total: 6)
Orphan StringName: world_ports (static: 0, total: 5)
Orphan StringName: _desired_horizontal (static: 0, total: 4)
Orphan StringName: _active (static: 0, total: 12)
Orphan StringName: AudioStream (static: 0, total: 3)
Orphan StringName: _was_on_floor (static: 0, total: 4)
Orphan StringName: WorldV2PlaceKit (static: 0, total: 3)
Orphan StringName: describe (static: 0, total: 3)
Orphan StringName: take_posture_damage (static: 0, total: 4)
Orphan StringName: fov (static: 0, total: 2)
Orphan StringName: is_revealed (static: 0, total: 4)
Orphan StringName: @group_22_Caméra (§8.3) (static: 0, total: 2)
Orphan StringName: requires_traversal (static: 0, total: 6)
Orphan StringName: _jump_buffer_timer (static: 0, total: 4)
Orphan StringName: MIN_MOUSE_SENSITIVITY (static: 0, total: 2)
Orphan StringName: meal_eaten (static: 0, total: 3)
Orphan StringName: ground_acceleration (static: 0, total: 6)
Orphan StringName: fractal_octaves (static: 0, total: 1)
Orphan StringName: YawPivot (static: 0, total: 5)
Orphan StringName: cancelled (static: 0, total: 3)
Orphan StringName: call_deferred (static: 0, total: 2)
Orphan StringName: Flower_3_Group (static: 0, total: 3)
Orphan StringName: KinematicCollision3D (static: 0, total: 1)
Orphan StringName: _trib_bed_curve (static: 0, total: 5)
Orphan StringName: UI (static: 0, total: 1)
Orphan StringName: _base_cache (static: 0, total: 2)
Orphan StringName: buff_expired (static: 0, total: 5)
Orphan StringName: res://scripts/combat/damage_event.gd (static: 0, total: 1)
Orphan StringName: lock_component (static: 0, total: 3)
Orphan StringName: _try_shoot (static: 0, total: 4)
Orphan StringName: back (static: 0, total: 1)
Orphan StringName: get (static: 0, total: 27)
Orphan StringName: update_shake (static: 0, total: 4)
Orphan StringName: sleeping (static: 0, total: 1)
Orphan StringName: _a (static: 0, total: 4)
Orphan StringName: _b (static: 0, total: 4)
Orphan StringName: _paint_cols (static: 0, total: 4)
Orphan StringName: _grass_tint (static: 0, total: 4)
Orphan StringName: poise_changed (static: 0, total: 5)
Orphan StringName: CommonTree_1 (static: 0, total: 2)
Orphan StringName: CommonTree_2 (static: 0, total: 2)
Orphan StringName: CommonTree_3 (static: 0, total: 1)
Orphan StringName: CommonTree_4 (static: 0, total: 2)
Orphan StringName: CommonTree_5 (static: 0, total: 1)
Orphan StringName: res://scripts/player/player_controller.gd (static: 0, total: 94)
Orphan StringName: current_attack_id (static: 0, total: 3)
Orphan StringName: rock (static: 0, total: 1)
Orphan StringName: id (static: 0, total: 25)
Orphan StringName: _lifetime (static: 0, total: 4)
Orphan StringName: ClimbingComponent (static: 0, total: 5)
Orphan StringName: lock_pressed (static: 0, total: 7)
Orphan StringName: _is_bow_equipped (static: 0, total: 4)
Orphan StringName: _detect_ground_transitions (static: 0, total: 4)
Orphan StringName: _remaining (static: 0, total: 8)
Orphan StringName: _shake_offset (static: 0, total: 4)
Orphan StringName: ok (static: 0, total: 4)
Orphan StringName: RUBY (static: 0, total: 2)
Orphan StringName: max_stamina (static: 0, total: 13)
Orphan StringName: burning (static: 0, total: 5)
Orphan StringName: Basis (static: 0, total: 1)
Orphan StringName: _spring_arm (static: 0, total: 3)
Orphan StringName: dodge_cost (static: 0, total: 6)
Orphan StringName: clip_for (static: 0, total: 6)
Orphan StringName: root (static: 0, total: 6)
Orphan StringName: normal (static: 0, total: 8)
Orphan StringName: landed (static: 0, total: 3)
Orphan StringName: EYE_HEIGHT (static: 0, total: 2)
Orphan StringName: has (static: 0, total: 22)
Orphan StringName: Hurtbox (static: 0, total: 2)
Orphan StringName: _wish_direction (static: 0, total: 6)
Orphan StringName: hit_received (static: 0, total: 4)
Orphan StringName: position (static: 0, total: 23)
Orphan StringName: Plant_1_Big (static: 0, total: 1)
Orphan StringName: _reed_mesh (static: 0, total: 4)
Orphan StringName: can_leave (static: 0, total: 4)
Orphan StringName: fracture_threshold (static: 0, total: 5)
Orphan StringName: launch (static: 0, total: 4)
Orphan StringName: line_of_sight_lost (static: 0, total: 1)
Orphan StringName: _relative_transform (static: 0, total: 4)
Orphan StringName: _carve_rivers (static: 0, total: 4)
Orphan StringName: CHARGE_DECAY_PER_SECOND (static: 0, total: 2)
Orphan StringName: disabled (static: 0, total: 2)
Orphan StringName: dev_fly_toggle (static: 0, total: 1)
Orphan StringName: weapons (static: 0, total: 3)
Orphan StringName: res://scripts/core/asset_registry.gd (static: 0, total: 9)
Orphan StringName: apply_look (static: 0, total: 4)
Orphan StringName: move_back (static: 0, total: 1)
Orphan StringName: revealed (static: 0, total: 3)
Orphan StringName: _cancel_ground (static: 0, total: 4)
Orphan StringName: _dodge_direction (static: 0, total: 4)
Orphan StringName: Components (static: 0, total: 13)
Orphan StringName: _fractured (static: 0, total: 4)
Orphan StringName: Rock_Medium_1 (static: 0, total: 1)
Orphan StringName: Rock_Medium_2 (static: 0, total: 1)
Orphan StringName: Rock_Medium_3 (static: 0, total: 1)
Orphan StringName: run_speed (static: 0, total: 6)
Orphan StringName: heavy_attack_cost (static: 0, total: 6)
Orphan StringName: hit_taken (static: 0, total: 1)
Orphan StringName: current_attack (static: 0, total: 4)
Orphan StringName: _select_interactable (static: 0, total: 5)
Orphan StringName: MaterialProfile (static: 0, total: 4)
Orphan StringName: LedgeDetectorComponent (static: 0, total: 5)
Orphan StringName: click (static: 0, total: 2)
Orphan StringName: try_spend (static: 0, total: 8)
Orphan StringName: MAX_DROP (static: 0, total: 2)
Orphan StringName: cliff (static: 0, total: 1)
Orphan StringName: is_mantling (static: 0, total: 3)
Orphan StringName: BLOCKER_MAX_RADIUS_M (static: 0, total: 2)
Orphan StringName: _focus_manual (static: 0, total: 4)
Orphan StringName: bg_color (static: 0, total: 5)
Orphan StringName: jump_velocity (static: 0, total: 6)
Orphan StringName: GROUNDED_DURATION (static: 0, total: 2)
Orphan StringName: ResonanceController (static: 0, total: 6)
Orphan StringName: RING_START (static: 0, total: 2)
Orphan StringName: int (static: 0, total: 1)
Orphan StringName: is_attacking (static: 0, total: 6)
Orphan StringName: _neighbours (static: 0, total: 4)
Orphan StringName: IVORY (static: 0, total: 2)
Orphan StringName: camera_distance (static: 0, total: 7)
Orphan StringName: mass (static: 0, total: 3)
Orphan StringName: target_released (static: 0, total: 3)
Orphan StringName: _shared (static: 0, total: 3)
Orphan StringName: _on_durability_warned (static: 0, total: 4)
Orphan StringName: GroundMesh (static: 0, total: 1)
Orphan StringName: _tint (static: 0, total: 4)
Orphan StringName: air_control (static: 0, total: 5)
Orphan StringName: _update_flash (static: 0, total: 4)
Orphan StringName: notify (static: 0, total: 4)
Orphan StringName: _feel_hit (static: 0, total: 4)
Orphan StringName: polarity (static: 0, total: 1)
Orphan StringName: wall_normal (static: 0, total: 3)
Orphan StringName: _current (static: 0, total: 12)
Orphan StringName: add_charge (static: 0, total: 3)
Orphan StringName: logical_mass (static: 0, total: 5)
Orphan StringName: _bind_durability_warning (static: 0, total: 4)
Orphan StringName: health_path (static: 0, total: 4)
Orphan StringName: _grounded_timer (static: 0, total: 4)
Orphan StringName: _phase (static: 0, total: 4)
Orphan StringName: font_pressed_color (static: 0, total: 1)
Orphan StringName: climb_speed_lateral (static: 0, total: 6)
Orphan StringName: owner_dead (static: 0, total: 1)
Orphan StringName: link_created (static: 0, total: 3)
Orphan StringName: RIVER_BED_HALF_W (static: 0, total: 2)
Orphan StringName: grab_intent_delay_s (static: 0, total: 6)
Orphan StringName: _material (static: 0, total: 4)
Orphan StringName: _finish (static: 0, total: 4)
Orphan StringName: PackedFloat32Array (static: 0, total: 1)
Orphan StringName: @group_7_Timing (§10.6 : anticipation / actif / recovery) (static: 0, total: 2)
Orphan StringName: visual_turn_speed (static: 0, total: 6)
Orphan StringName: r05_terrasse_du_camp (static: 0, total: 4)
Orphan StringName: env.rock.large (static: 0, total: 1)
Orphan StringName: PUSH_MIN_SPEED (static: 0, total: 2)
Orphan StringName: _player (static: 0, total: 4)
Orphan StringName: attack_id (static: 0, total: 7)
Orphan StringName: local_aabb (static: 0, total: 4)
Orphan StringName: env.rock.pebble_a (static: 0, total: 1)
Orphan StringName: env.rock.pebble_b (static: 0, total: 1)
Orphan StringName: env.rock.pebble_c (static: 0, total: 1)
Orphan StringName: albedo_color (static: 0, total: 4)
Orphan StringName: INTERACT_RANGE (static: 0, total: 2)
Orphan StringName: input_buffer (static: 0, total: 12)
Orphan StringName: _polarity_target (static: 0, total: 4)
Orphan StringName: mantle_duration (static: 0, total: 6)
Orphan StringName: begin (static: 0, total: 3)
Orphan StringName: POLARITY_ACCEL (static: 0, total: 2)
Orphan StringName: BUCKET_COLS (static: 0, total: 2)
Orphan StringName: prop.crate (static: 0, total: 1)
Orphan StringName: push_error (static: 0, total: 4)
Orphan StringName: _ledge (static: 0, total: 3)
Orphan StringName: CapsuleShape3D (static: 0, total: 1)
Orphan StringName: _finish_mantle (static: 0, total: 4)
Orphan StringName: res://scripts/world/reward_anchor.gd (static: 0, total: 12)
Orphan StringName: height (static: 0, total: 3)
Orphan StringName: RING_RISE (static: 0, total: 2)
Orphan StringName: rotation (static: 0, total: 9)
Orphan StringName: traversal_base_point (static: 0, total: 3)
Orphan StringName: kind (static: 0, total: 19)
Orphan StringName: _porteurs (static: 0, total: 2)
Orphan StringName: char.raider_blue (static: 0, total: 1)
Orphan StringName: CharacterBody3D (static: 0, total: 19)
Orphan StringName: _last_grounded_position (static: 0, total: 4)
Orphan StringName: heal_amount (static: 0, total: 5)
Orphan StringName: ResonanceLinkNode (static: 0, total: 5)
Orphan StringName: durability_warned (static: 0, total: 4)
Orphan StringName: res://scripts/reaction/material_profile.gd (static: 0, total: 2)
Orphan StringName: _ground_timer (static: 0, total: 4)
Orphan StringName: FORD_BLOCKER_CLEAR_M (static: 0, total: 2)
Orphan StringName: _resonance (static: 0, total: 3)
Orphan StringName: try_polarity (static: 0, total: 4)
Orphan StringName: r06_bois_du_levant (static: 0, total: 4)
Orphan StringName: InputIntent (static: 0, total: 21)
Orphan StringName: REFUSING_GROUPS (static: 0, total: 2)
Orphan StringName: multimesh (static: 0, total: 2)
Orphan StringName: has_arrows (static: 0, total: 4)
Orphan StringName: FastNoiseLite (static: 0, total: 1)
Orphan StringName: set_worn (static: 0, total: 1)
Orphan StringName: _arc_step_target (static: 0, total: 4)
Orphan StringName: cliff_corner_rock (static: 0, total: 1)
Orphan StringName: _ingredients (static: 0, total: 3)
Orphan StringName: Plane (static: 0, total: 1)
Orphan StringName: status (static: 0, total: 3)
Orphan StringName: visible (static: 0, total: 6)
Orphan StringName: SCENE_CACHE_MAX (static: 0, total: 2)
Orphan StringName: PackedFloat64Array (static: 0, total: 1)
Orphan StringName: _process_dodge (static: 0, total: 4)
Orphan StringName: res://scripts/components/player_input_reader.gd (static: 0, total: 8)
Orphan StringName: _init (static: 0, total: 9)
Orphan StringName: _polarity_anchor (static: 0, total: 4)
Orphan StringName: begin_arc_step (static: 0, total: 4)
Orphan StringName: _hitstop_timer (static: 0, total: 4)
Orphan StringName: acquire_range (static: 0, total: 5)
Orphan StringName: _cell_main_segments (static: 0, total: 3)
Orphan StringName: PULSE_RADIUS (static: 0, total: 2)
Orphan StringName: REVEAL_DURATION (static: 0, total: 2)
Orphan StringName: attack_set (static: 0, total: 5)
Orphan StringName: res://scripts/characters/character_anim_set.gd (static: 0, total: 4)
Orphan StringName: charge_changed (static: 0, total: 5)
Orphan StringName: consume_ingredients (static: 0, total: 3)
Orphan StringName: water (static: 0, total: 1)
Orphan StringName: camera_shoulder_offset (static: 0, total: 6)
Orphan StringName: seated_count (static: 0, total: 3)
Orphan StringName: prop.campfire (static: 0, total: 1)
Orphan StringName: Node3D (static: 0, total: 115)
Orphan StringName: can_sustain (static: 0, total: 6)
Orphan StringName: global_position (static: 0, total: 37)
Orphan StringName: ARROW_RADIUS (static: 0, total: 2)
Orphan StringName: mesh (static: 0, total: 10)
Orphan StringName: scene_for (static: 0, total: 4)
Orphan StringName: _element (static: 0, total: 4)
Orphan StringName: NodePath (static: 0, total: 1)
Orphan StringName: res://scripts/world_v2/world_v2_ground_material.gd (static: 0, total: 7)
Orphan StringName: _regen_timer (static: 0, total: 4)
Orphan StringName: Components/AttackController (static: 0, total: 1)
Orphan StringName: intersects (static: 0, total: 4)
Orphan StringName: HitboxComponent (static: 0, total: 5)
Orphan StringName: ORIGIN_XZ (static: 0, total: 2)
Orphan StringName: fords (static: 0, total: 4)
Orphan StringName: BOULDER_MODELS (static: 0, total: 2)
Orphan StringName: compute (static: 0, total: 5)
Orphan StringName: volume_db (static: 0, total: 1)
Orphan StringName: coyote_time (static: 0, total: 6)
Orphan StringName: FLUX_COOLDOWN (static: 0, total: 2)
Orphan StringName: new (static: 4, total: 40)
Orphan StringName: _meals (static: 0, total: 3)
Orphan StringName: refusal (static: 0, total: 11)
Orphan StringName: set_powered (static: 0, total: 3)
Orphan StringName: head_hit (static: 0, total: 5)
Orphan StringName: walk_speed (static: 0, total: 7)
Orphan StringName: ground_pressed (static: 0, total: 7)
Orphan StringName: target_acquired (static: 0, total: 4)
Orphan StringName: PhysicsShapeQueryParameters3D (static: 0, total: 1)
Orphan StringName: recovered (static: 0, total: 3)
Orphan StringName: res://resources/tuning/locomotion_tuning.gd (static: 0, total: 2)
Orphan StringName: PortFlow (static: 0, total: 2)
Orphan StringName: ingredients_changed (static: 0, total: 4)
Orphan StringName: camera_target_height (static: 0, total: 7)
Orphan StringName: weapon.worn_sword (static: 0, total: 1)
Orphan StringName: correction_capped (static: 0, total: 1)
Orphan StringName: damage_type (static: 0, total: 6)
Orphan StringName: instance_scales (static: 0, total: 2)
Orphan StringName: res://scripts/world_v2/world_v2_terrain_builder.gd (static: 0, total: 16)
Orphan StringName: elec_resist (static: 0, total: 1)
Orphan StringName: _camera_eyes (static: 0, total: 3)
Orphan StringName: Verdict (static: 0, total: 4)
Orphan StringName: bloquee (static: 0, total: 1)
Orphan StringName: _material_cache (static: 0, total: 2)
Orphan StringName: overloaded (static: 0, total: 7)
Orphan StringName: target_speed (static: 0, total: 4)
Orphan StringName: Signal (static: 0, total: 1)
Orphan StringName: PULSE_COOLDOWN (static: 0, total: 2)
Orphan StringName: bind (static: 0, total: 4)
Orphan StringName: FORBIDDEN_RADIUS (static: 0, total: 2)
Orphan StringName: font_focus_color (static: 0, total: 1)
Orphan StringName: region_id_at (static: 0, total: 7)
Orphan StringName: GRID_ROWS (static: 0, total: 2)
Orphan StringName: _trib_seg_t0 (static: 0, total: 3)
Orphan StringName: _trib_seg_t1 (static: 0, total: 3)
Orphan StringName: FORD_BED_HALF_W (static: 0, total: 2)
Orphan StringName: RewardAnchor.Kind (static: 0, total: 3)
Orphan StringName: StringName (static: 0, total: 1)
Orphan StringName: ROUTE_PAINT_HALF_W (static: 0, total: 2)
Orphan StringName: SceneTree (static: 0, total: 3)
Orphan StringName: release_range (static: 0, total: 5)
Orphan StringName: _build_chunk (static: 0, total: 4)
Orphan StringName: keep_aspect (static: 0, total: 1)
Orphan StringName: String (static: 0, total: 1)
Orphan StringName: Components/ActionAlignmentComponent (static: 0, total: 1)
Orphan StringName: _process (static: 3, total: 9)
Orphan StringName: play_ui (static: 0, total: 5)
Orphan StringName: WEAPON_COLORS (static: 0, total: 2)
Orphan StringName: is_guarding (static: 0, total: 3)
Orphan StringName: _apply_pads (static: 0, total: 4)
Orphan StringName: stream (static: 0, total: 1)
Orphan StringName: _flash_timer (static: 0, total: 4)
Orphan StringName: _effect (static: 0, total: 4)
Orphan StringName: _reed_material (static: 0, total: 4)
Orphan StringName: attack_controller (static: 0, total: 3)
Orphan StringName: tree (static: 0, total: 2)
Orphan StringName: power (static: 0, total: 3)
Orphan StringName: climb_speed_up (static: 0, total: 6)
Orphan StringName: save_mouse_sensitivity (static: 0, total: 3)
Orphan StringName: _gravity (static: 0, total: 4)
Orphan StringName: shoot_pressed (static: 0, total: 7)
Orphan StringName: _on_weapon_equipped (static: 0, total: 4)
Orphan StringName: WeaponHitbox (static: 0, total: 1)
Orphan StringName: _fragments (static: 0, total: 3)
Orphan StringName: _inventory (static: 0, total: 3)
Orphan StringName: poise_damage (static: 0, total: 13)
Orphan StringName: _begin (static: 0, total: 5)
Orphan StringName: Transform2D (static: 0, total: 1)
Orphan StringName: Transform3D (static: 0, total: 1)
Orphan StringName: death (static: 0, total: 8)
Orphan StringName: _fields (static: 0, total: 4)
Orphan StringName: Skeleton3D (static: 0, total: 3)
Orphan StringName: pas_de_charge (static: 0, total: 1)
Orphan StringName: top_not_walkable (static: 0, total: 1)
Orphan StringName: receive_hit (static: 0, total: 5)
Orphan StringName: enregistrer (static: 0, total: 9)
Orphan StringName: res://scripts/components/action_alignment_component.gd (static: 0, total: 9)
Orphan StringName: grabbable (static: 0, total: 7)
Orphan StringName: STEP_STRIDE_M (static: 0, total: 2)
Orphan StringName: _enforce_minimum_distance (static: 0, total: 4)
Orphan StringName: noise_type (static: 0, total: 1)
Orphan StringName: metallic_specular (static: 0, total: 3)
Orphan StringName: ClimbingComponent.WallProbe (static: 0, total: 1)
Orphan StringName: _checkpoints (static: 0, total: 3)
Orphan StringName: WET_DURATION_ABSORBENT (static: 0, total: 2)
Orphan StringName: ground_cancelled (static: 0, total: 3)
Orphan StringName: StatusEffectComponent (static: 0, total: 6)
Orphan StringName: _build_weapon_visual (static: 0, total: 4)
Orphan StringName: WeaponPivot (static: 0, total: 1)
Orphan StringName: camera_min_distance (static: 0, total: 7)
Orphan StringName: prop.tent (static: 0, total: 1)
Orphan StringName: Shape (static: 0, total: 1)
Orphan StringName: _find_mesh (static: 0, total: 5)
Orphan StringName: knockback_decay (static: 0, total: 6)
Orphan StringName: profile (static: 0, total: 6)
Orphan StringName: land_hard (static: 0, total: 1)
Orphan StringName: SPRINT_RADIUS (static: 0, total: 2)
Orphan StringName: fracture (static: 0, total: 3)
Orphan StringName: set_neighbours (static: 0, total: 3)
Orphan StringName: InputEventMouseMotion (static: 0, total: 2)
Orphan StringName: CollisionShape3D (static: 0, total: 9)
Orphan StringName: known_models (static: 0, total: 3)
Orphan StringName: camera_fov (static: 0, total: 7)
Orphan StringName: BODY_RADIUS (static: 0, total: 2)
Orphan StringName: lock_on (static: 0, total: 1)
Orphan StringName: _capture_enabled (static: 0, total: 4)
Orphan StringName: STATE_FRACTURED (static: 0, total: 2)
Orphan StringName: grabbed_wall (static: 0, total: 3)
Orphan StringName: cooldown (static: 0, total: 3)
Orphan StringName: focus_entered (static: 0, total: 1)
Orphan StringName: _mouse_delta (static: 0, total: 4)
Orphan StringName: run (static: 0, total: 7)
Orphan StringName: mantle_started (static: 0, total: 3)
Orphan StringName: _alignment (static: 0, total: 3)
Orphan StringName: consume_arrow (static: 0, total: 4)
Orphan StringName: MeshInstance3D (static: 0, total: 8)
Orphan StringName: _dead (static: 0, total: 4)
Orphan StringName: _weapon_hitbox (static: 0, total: 3)
Orphan StringName: char.ravine_troll (static: 0, total: 1)
Orphan StringName: port_flows (static: 0, total: 5)
Orphan StringName: _lake_radius (static: 0, total: 4)
Orphan StringName: look_analog (static: 0, total: 7)
Orphan StringName: combo_window_fraction (static: 0, total: 5)
Orphan StringName: fall (static: 0, total: 7)
Orphan StringName: _sites (static: 0, total: 3)
Orphan StringName: _mesh_radius (static: 0, total: 4)
Orphan StringName: cible_perdue (static: 0, total: 1)
Orphan StringName: boss_framing_distance (static: 0, total: 3)
Orphan StringName: _build_mesh (static: 0, total: 4)
Orphan StringName: left_ground (static: 0, total: 3)
Orphan StringName: map_width (static: 0, total: 1)
Orphan StringName: melee (static: 0, total: 3)
Orphan StringName: _camera (static: 0, total: 3)
Orphan StringName: font_disabled_color (static: 0, total: 1)
Orphan StringName: GRASS_MAX_SLOPE_DEG (static: 0, total: 2)
Orphan StringName: model_id (static: 0, total: 5)
Orphan StringName: iframes_end (static: 0, total: 6)
Orphan StringName: emission_energy_multiplier (static: 0, total: 2)
Orphan StringName: _gate_damage (static: 0, total: 4)
Orphan StringName: ignite (static: 0, total: 3)
Orphan StringName: attack_heavy (static: 0, total: 9)
Orphan StringName: mesh_scene (static: 0, total: 5)
Orphan StringName: rotation_degrees (static: 0, total: 1)
Orphan StringName: attirer (static: 0, total: 1)
Orphan StringName: _fords (static: 0, total: 6)
Orphan StringName: TwistedTree_1 (static: 0, total: 1)
Orphan StringName: TwistedTree_2 (static: 0, total: 1)
Orphan StringName: TwistedTree_3 (static: 0, total: 1)
Orphan StringName: dodge_pressed (static: 0, total: 8)
Orphan StringName: gauge_fill (static: 0, total: 3)
Orphan StringName: Components/LockOnComponent (static: 0, total: 1)
Orphan StringName: grant_invulnerability (static: 0, total: 4)
Orphan StringName: seamless (static: 0, total: 1)
Orphan StringName: look_down (static: 0, total: 1)
Orphan StringName: res://scripts/components/hurtbox_component.gd (static: 0, total: 5)
Orphan StringName: _make_blocker (static: 0, total: 4)
Orphan StringName: _try_dodge (static: 0, total: 5)
Orphan StringName: instance_id (static: 0, total: 6)
Orphan StringName: emission (static: 0, total: 2)
Orphan StringName: Array (static: 1, total: 2)
Orphan StringName: _shrink (static: 0, total: 4)
Orphan StringName: lake_center (static: 0, total: 6)
Orphan StringName: weapon (static: 0, total: 3)
Orphan StringName: resonance_confirm (static: 0, total: 2)
Orphan StringName: BoxShape3D (static: 0, total: 1)
Orphan StringName: FLUX_MIN_CHARGE (static: 0, total: 2)
Orphan StringName: res://scripts/components/posture_component.gd (static: 0, total: 8)
Orphan StringName: damage_multiplier (static: 0, total: 11)
Orphan StringName: monitorable (static: 0, total: 2)
Orphan StringName: ElectricNode (static: 0, total: 15)
Orphan StringName: distance_to_water_course (static: 0, total: 3)
Orphan StringName: guard (static: 0, total: 5)
Orphan StringName: surface_normal (static: 0, total: 5)
Orphan StringName: _next_instance_id (static: 0, total: 3)
Orphan StringName: StaminaTuning (static: 0, total: 4)
Orphan StringName: width (static: 0, total: 1)
Orphan StringName: _equipped_index (static: 0, total: 4)
Orphan StringName: Quaternion (static: 0, total: 1)
Orphan StringName: _process_locomotion (static: 0, total: 4)
Orphan StringName: _weapon_material (static: 0, total: 4)
Orphan StringName: global_transform (static: 0, total: 11)
Orphan StringName: died (static: 0, total: 4)
Orphan StringName: _status (static: 0, total: 3)
Orphan StringName: _grass_materials (static: 0, total: 2)
Orphan StringName: Flower_4_Group (static: 0, total: 3)
Orphan StringName: res://scripts/components/health_component.gd (static: 0, total: 12)
Orphan StringName: dodge_roll (static: 0, total: 3)
Orphan StringName: REGION_TINTS (static: 0, total: 2)
Orphan StringName: _apply_horizontal_motion (static: 0, total: 4)
Orphan StringName: _intent (static: 0, total: 7)
Orphan StringName: create (static: 0, total: 8)
Orphan StringName: camera_fov_speed (static: 0, total: 6)
Orphan StringName: _add_site (static: 0, total: 4)
Orphan StringName: ARC_STEP_COST (static: 0, total: 2)
Orphan StringName: SpringArm3D (static: 0, total: 7)
Orphan StringName: _model_mesh (static: 0, total: 5)
Orphan StringName: bool (static: 0, total: 1)
Orphan StringName: resonance_focus (static: 0, total: 1)
Orphan StringName: EXTENT_M (static: 0, total: 2)
Orphan StringName: set_frozen (static: 0, total: 3)
Orphan StringName: sprint_held (static: 0, total: 8)
Orphan StringName: duplicate (static: 0, total: 6)
Orphan StringName: clamp_volume (static: 0, total: 5)
Orphan StringName: _handle_lock_on (static: 0, total: 4)
Orphan StringName: _weapon_model (static: 0, total: 4)
Orphan StringName: _paint_grid (static: 0, total: 3)
Orphan StringName: shape (static: 0, total: 11)
Orphan StringName: WeaponInstance (static: 0, total: 18)
Orphan StringName: apply_hit_wear (static: 0, total: 4)
Orphan StringName: VisualRoot/WeaponHitbox (static: 0, total: 1)
Orphan StringName: _flux_cooldown (static: 0, total: 4)
Orphan StringName: _regions (static: 0, total: 3)
Orphan StringName: WET_MAIN_FAR (static: 0, total: 2)
Orphan StringName: target_prev (static: 0, total: 1)
Orphan StringName: POLARITY_DURATION (static: 0, total: 2)
Orphan StringName: _process_hurt (static: 0, total: 4)
Orphan StringName: @group_0_Réserve (static: 0, total: 2)
Orphan StringName: RUBY_DARK (static: 0, total: 2)
Orphan StringName: rarity (static: 0, total: 10)
Orphan StringName: _power (static: 0, total: 5)
Orphan StringName: _try_grab (static: 0, total: 4)
Orphan StringName: _attack_id (static: 0, total: 4)
Orphan StringName: refuse (static: 0, total: 4)
Orphan StringName: _apply_ramp (static: 0, total: 4)
Orphan StringName: amount (static: 0, total: 9)
Orphan StringName: arch.column.module (static: 0, total: 1)
Orphan StringName: FRAGMENT_IDS (static: 0, total: 2)
Orphan StringName: _poise_damage (static: 0, total: 4)
Orphan StringName: world_v2_terrain (static: 0, total: 1)
Orphan StringName: _wetness (static: 0, total: 4)
Orphan StringName: pool_count (static: 0, total: 3)
Orphan StringName: ShaderMaterial (static: 0, total: 13)
Orphan StringName: is_charged (static: 0, total: 7)
Orphan StringName: river_trib_polyline (static: 0, total: 5)
Orphan StringName: TINT_RIVERBED (static: 0, total: 2)
Orphan StringName: _warned (static: 0, total: 4)
Orphan StringName: _model_cache (static: 0, total: 2)
Orphan StringName: Material (static: 0, total: 2)
Orphan StringName: PackedColorArray (static: 0, total: 1)
Orphan StringName: UiSounds (static: 0, total: 1)
Orphan StringName: collider (static: 0, total: 5)
Orphan StringName: port_reach (static: 0, total: 6)
Orphan StringName: mode (static: 0, total: 4)
Orphan StringName: pool_size (static: 0, total: 6)
Orphan StringName: slope_deg_at (static: 0, total: 4)
Orphan StringName: Node (static: 3, total: 55)
Orphan StringName: wet (static: 0, total: 3)
Orphan StringName: frequency (static: 0, total: 1)
Orphan StringName: conductivity (static: 0, total: 16)
Orphan StringName: fern (static: 0, total: 2)
Orphan StringName: _grass_short (static: 0, total: 4)
Orphan StringName: max_posture (static: 0, total: 5)
Orphan StringName: hors_portee (static: 0, total: 5)
Orphan StringName: pulse (static: 0, total: 1)
Orphan StringName: res://resources/tuning/guard_tuning.gd (static: 0, total: 1)
Orphan StringName: _mark_graphs_dirty (static: 0, total: 8)
Orphan StringName: _shake_time (static: 0, total: 4)
Orphan StringName: _stunlock_grace (static: 0, total: 4)
Orphan StringName: grab_reach_m (static: 0, total: 6)
Orphan StringName: posture_broken (static: 0, total: 3)
Orphan StringName: undeclared_states (static: 0, total: 3)
Orphan StringName: UserSettings (static: 0, total: 3)
Orphan StringName: _weapon_model_for (static: 0, total: 4)
Orphan StringName: buff_applied (static: 0, total: 4)
Orphan StringName: @group_20_Rotation du personnage (static: 0, total: 2)
Orphan StringName: _river_main (static: 0, total: 3)
Orphan StringName: electric_nodes (static: 0, total: 1)
Orphan StringName: move (static: 0, total: 10)
Orphan StringName: _has_interact_los (static: 0, total: 4)
Orphan StringName: invalide (static: 0, total: 5)
Orphan StringName: @group_14_Contact au sol (static: 0, total: 2)
Orphan StringName: update_fov (static: 0, total: 9)
Orphan StringName: equipped_index (static: 0, total: 3)
Orphan StringName: res://scripts/reaction/material_state_component.gd (static: 0, total: 17)
Orphan StringName: r01_crete_de_l_aube (static: 0, total: 4)
Orphan StringName: current_durability (static: 0, total: 5)
Orphan StringName: shake_amplitude (static: 0, total: 3)
Orphan StringName: PAINT_GRID_STEP_M (static: 0, total: 2)
Orphan StringName: SLATE (static: 0, total: 2)
Orphan StringName: arrows (static: 0, total: 3)
Orphan StringName: _hurtbox (static: 0, total: 3)
Orphan StringName: @implicit_ready (static: 0, total: 5)
Orphan StringName: step_height (static: 0, total: 6)
Orphan StringName: clear_edges (static: 0, total: 4)
Orphan StringName: LatencyProbe (static: 0, total: 4)
Orphan StringName: _main_bed_curve (static: 0, total: 5)
Orphan StringName: res://scripts/world_v2/world_v2_vegetation_builder.gd (static: 0, total: 29)
Orphan StringName: tuning (static: 0, total: 31)
Orphan StringName: GROUND_PROBE_DOWN (static: 0, total: 2)
Orphan StringName: arrow (static: 0, total: 1)
Orphan StringName: ArrowProjectile (static: 0, total: 5)
Orphan StringName: ARC_STEP_RANGE (static: 0, total: 2)
Orphan StringName: _damage (static: 0, total: 4)
Orphan StringName: DeadTree_1 (static: 0, total: 1)
Orphan StringName: DeadTree_2 (static: 0, total: 1)
Orphan StringName: exhaustion_lockout (static: 0, total: 6)
Orphan StringName: blocked (static: 0, total: 2)
Orphan StringName: approach_point (static: 0, total: 4)
Orphan StringName: _add_pad (static: 0, total: 5)
Orphan StringName: stepped_up (static: 0, total: 3)
Orphan StringName: r04_falaises_du_couchant (static: 0, total: 4)
Orphan StringName: _release_wall (static: 0, total: 6)
Orphan StringName: _mode (static: 0, total: 4)
Orphan StringName: hash (static: 0, total: 2)
Orphan StringName: input_reader (static: 0, total: 3)
Orphan StringName: _focus_selected (static: 0, total: 4)
Orphan StringName: CAMERA_BLOCKER_CLEAR_M (static: 0, total: 2)
Orphan StringName: find_ledge (static: 0, total: 4)
Orphan StringName: WorldV2GroundMaterial (static: 0, total: 3)
Orphan StringName: factor (static: 0, total: 5)
Orphan StringName: is_fallback_active (static: 0, total: 4)
Orphan StringName: WeaponSocket (static: 0, total: 1)
Orphan StringName: StaminaComponent (static: 0, total: 7)
Orphan StringName: TREES_WOOD (static: 0, total: 2)
Orphan StringName: char.centaur_hunter (static: 0, total: 1)
Orphan StringName: DamageFormula (static: 0, total: 3)
Orphan StringName: rien_a_portee (static: 0, total: 1)
Orphan StringName: focus_end (static: 0, total: 4)
Orphan StringName: has_tag (static: 0, total: 4)
Orphan StringName: _burn_timer (static: 0, total: 4)
Orphan StringName: weapon_socket (static: 0, total: 4)
Orphan StringName: res://scripts/components/ledge_detector_component.gd (static: 0, total: 4)
Orphan StringName: Components/BowComponent (static: 0, total: 1)
Orphan StringName: PAINT_BLUR_RADIUS_CELLS (static: 0, total: 2)
Orphan StringName: pulse_pressed (static: 0, total: 7)
Orphan StringName: absorbs_water (static: 0, total: 6)
Orphan StringName: RefCounted (static: 0, total: 61)
Orphan StringName: active_effect (static: 0, total: 3)
Orphan StringName: module (static: 0, total: 3)
Orphan StringName: weapon_bone (static: 0, total: 6)
Orphan StringName: last_grounded_position (static: 0, total: 3)
Orphan StringName: boss_framing_fov (static: 0, total: 3)
Orphan StringName: PackedVector2Array (static: 0, total: 1)
Orphan StringName: WorldV2VegetationBuilder (static: 0, total: 4)
Orphan StringName: play_state (static: 0, total: 3)
Orphan StringName: stunlock_grace (static: 0, total: 6)
Orphan StringName: set_lock_target (static: 0, total: 4)
Orphan StringName: link_dissolved (static: 0, total: 3)
Orphan StringName: ARC_STEP_COOLDOWN (static: 0, total: 2)
Orphan StringName: _polarity_sign (static: 0, total: 4)
Orphan StringName: ingredient_count (static: 0, total: 4)
Orphan StringName: blocked_midway (static: 0, total: 1)
Orphan StringName: irregular_box_mesh (static: 0, total: 4)
Orphan StringName: res://scripts/components/inventory_component.gd (static: 0, total: 29)
Orphan StringName: attach (static: 0, total: 4)
Orphan StringName: attack (static: 0, total: 1)
Orphan StringName: remove_weapon (static: 0, total: 4)
Orphan StringName: res://resources/weapons/weapon_definition.gd (static: 0, total: 1)
Orphan StringName: default_weapon (static: 0, total: 4)
Orphan StringName: INTERACT_MIN_DOT (static: 0, total: 2)
Orphan StringName: Object (static: 1, total: 6)
Orphan StringName: _guard_held_time (static: 0, total: 4)
Orphan StringName: _weapon_in_hand (static: 0, total: 4)
Orphan StringName: broke (static: 0, total: 3)
Orphan StringName: resonance.link.active.01 (static: 0, total: 1)
Orphan StringName: focus_active (static: 0, total: 4)
Orphan StringName: find (static: 0, total: 4)
Orphan StringName: has_target (static: 0, total: 6)
Orphan StringName: _ground_transform (static: 0, total: 6)
Orphan StringName: Components/HealthComponent (static: 0, total: 1)
Orphan StringName: _climb_jump (static: 0, total: 4)
Orphan StringName: metal (static: 0, total: 1)
Orphan StringName: focus_mode (static: 0, total: 1)
Orphan StringName: charge_decay_enabled (static: 0, total: 5)
Orphan StringName: look_up (static: 0, total: 1)
Orphan StringName: _on_link_dissolved (static: 0, total: 4)
Orphan StringName: res://scripts/components/status_effect_component.gd (static: 0, total: 12)
Orphan StringName: WorldV2Heightmap (static: 0, total: 8)
Orphan StringName: WALL_PUSH_MIN_DOT (static: 0, total: 2)
Orphan StringName: interactable (static: 0, total: 1)
Orphan StringName: bush (static: 0, total: 2)
Orphan StringName: definition (static: 0, total: 13)
Orphan StringName: air_acceleration (static: 0, total: 6)
Orphan StringName: _framing_fov (static: 0, total: 4)
Orphan StringName: pas_metal (static: 0, total: 1)
Orphan StringName: is_grounded (static: 0, total: 3)
Orphan StringName: mark_received (static: 0, total: 4)
Orphan StringName: gauge_background (static: 0, total: 3)
Orphan StringName: Grass_Common_Short (static: 0, total: 1)
Orphan StringName: fly_toggle_pressed (static: 0, total: 6)
Orphan StringName: attack_speed (static: 0, total: 5)
Orphan StringName: arrows_changed (static: 0, total: 5)
Orphan StringName: fragility (static: 0, total: 5)
Orphan StringName: WALL_HOLD_GAIN (static: 0, total: 2)
Orphan StringName: parried (static: 0, total: 3)
Orphan StringName: AudioManager (static: 0, total: 2)
Orphan StringName: instigator (static: 0, total: 7)
Orphan StringName: focus_selected (static: 0, total: 4)
Orphan StringName: Pine_1 (static: 0, total: 1)
Orphan StringName: Pine_3 (static: 0, total: 1)
Orphan StringName: Pine_4 (static: 0, total: 1)
Orphan StringName: has_move (static: 0, total: 5)
Orphan StringName: switch_target (static: 0, total: 4)
Orphan StringName: maximum (static: 0, total: 6)
Orphan StringName: collide_with_areas (static: 0, total: 2)
Orphan StringName: probe_mask (static: 0, total: 10)
Orphan StringName: _on_died (static: 0, total: 4)
Orphan StringName: is_wet (static: 0, total: 4)
Orphan StringName: update (static: 0, total: 15)
Orphan StringName: WET_LAKE_BAND (static: 0, total: 2)
Orphan StringName: focus_cycle (static: 0, total: 4)
Orphan StringName: weapon_type (static: 0, total: 6)
Orphan StringName: @group_14_Feedback (§10.2, §10.7) — déclaré, consommé en C.2 (static: 0, total: 2)
Orphan StringName: AABB (static: 0, total: 1)
Orphan StringName: heal (static: 0, total: 4)
Orphan StringName: CATALOG (static: 0, total: 2)
Orphan StringName: sprint_drain (static: 0, total: 6)
Orphan StringName: CharacterAnimSet (static: 0, total: 4)
Orphan StringName: set_capture_enabled (static: 0, total: 4)
Orphan StringName: BUCKET_CELL_M (static: 0, total: 2)
Orphan StringName: _weapon (static: 0, total: 4)
Orphan StringName: charge (static: 0, total: 4)
Orphan StringName: res://scripts/reaction/resonance_target_component.gd (static: 0, total: 6)
Orphan StringName: camera_ground_clearance (static: 0, total: 6)
Orphan StringName: WeaponDefinition (static: 0, total: 6)
Orphan StringName: electrified (static: 0, total: 1)
Orphan StringName: attack_pressed (static: 0, total: 9)
Orphan StringName: res://scripts/electricity/electric_node.gd (static: 0, total: 14)
Orphan StringName: ledge_depth_m (static: 0, total: 6)
Orphan StringName: res://scripts/world/kit_placement.gd (static: 0, total: 9)
Orphan StringName: _ui_stream (static: 0, total: 4)
Orphan StringName: effect_tag (static: 0, total: 5)
Orphan StringName: is_surface_climbable (static: 0, total: 4)
Orphan StringName: _cell_sites (static: 0, total: 3)
Orphan StringName: _bump (static: 0, total: 4)
Orphan StringName: probe_foot_height (static: 0, total: 6)
Orphan StringName: flammability (static: 0, total: 5)
Orphan StringName: hover (static: 0, total: 3)
Orphan StringName: recovery (static: 0, total: 7)
Orphan StringName: try_fire (static: 0, total: 4)
Orphan StringName: GROUND_CLEARANCE (static: 0, total: 2)
Orphan StringName: region_tint (static: 0, total: 4)
Orphan StringName: current (static: 0, total: 9)
Orphan StringName: _cooldown (static: 0, total: 4)
Orphan StringName: Components/ClimbingComponent (static: 0, total: 1)
Orphan StringName: ground_y (static: 0, total: 5)
Orphan StringName: STEP_LANDING_MARGIN (static: 0, total: 2)
Orphan StringName: _bow (static: 0, total: 3)
Orphan StringName: PROFILES (static: 0, total: 2)
Orphan StringName: REGION_PAINT (static: 0, total: 2)
Orphan StringName: open (static: 0, total: 1)
Orphan StringName: StaticResourceCaches (static: 0, total: 3)
Orphan StringName: Components/ResonanceController (static: 0, total: 1)
Orphan StringName: grounded (static: 0, total: 3)
Orphan StringName: camera_rig (static: 0, total: 3)
Orphan StringName: _try_tree (static: 0, total: 4)
Orphan StringName: _climb_tuning (static: 0, total: 8)
Orphan StringName: is_climbing (static: 0, total: 3)
Orphan StringName: _stamina (static: 0, total: 3)
Orphan StringName: content_margin_right (static: 0, total: 2)
Orphan StringName: HurtboxComponent (static: 0, total: 7)
Orphan StringName: generate_mipmaps (static: 0, total: 1)
Orphan StringName: _pitch_pivot (static: 0, total: 3)
Orphan StringName: is_connected (static: 0, total: 1)
Orphan StringName: drop (static: 0, total: 5)
Orphan StringName: flux (static: 0, total: 2)
Orphan StringName: material_states (static: 0, total: 2)
Orphan StringName: conducts (static: 0, total: 3)
Orphan StringName: RigidBody3D (static: 0, total: 5)
Orphan StringName: subie (static: 0, total: 1)
Orphan StringName: _apply_climb_motion (static: 0, total: 4)
Orphan StringName: AncrageRecompense (static: 0, total: 1)
Orphan StringName: _potency (static: 0, total: 4)
Orphan StringName: seat (static: 0, total: 4)
Orphan StringName: _refresh_weapon_visual (static: 0, total: 5)
Orphan StringName: WET_MAIN_NEAR (static: 0, total: 2)
Orphan StringName: WORLD_STATIC (static: 0, total: 2)
Orphan StringName: map_depth (static: 0, total: 1)
Orphan StringName: BOULDER_COLLIDER_MIN_RADIUS_M (static: 0, total: 2)
Orphan StringName: erase (static: 0, total: 3)
Orphan StringName: charge_capacity (static: 0, total: 6)
Orphan StringName: seed (static: 0, total: 6)
Orphan StringName: LINK_MAX_SPAN (static: 0, total: 2)
Orphan StringName: _input_reader (static: 0, total: 3)
Orphan StringName: wall_distance_m (static: 0, total: 7)
Orphan StringName: _pulse_cooldown (static: 0, total: 4)
Orphan StringName: _link_first (static: 0, total: 4)
Orphan StringName: mark_dirty (static: 0, total: 2)
Orphan StringName: engaged (static: 0, total: 2)
Orphan StringName: _river_trib (static: 0, total: 3)
Orphan StringName: standing_point (static: 0, total: 4)
Orphan StringName: RewardAnchor.Verdict (static: 0, total: 1)
Orphan StringName: root/EventBus (static: 0, total: 4)
Orphan StringName: res://scripts/player/camera_rig.gd (static: 0, total: 26)
Orphan StringName: _update_weapon_pose (static: 0, total: 4)
Orphan StringName: font_hover_color (static: 0, total: 1)
Orphan StringName: _arc_step_active (static: 0, total: 4)
Orphan StringName: GRAIN_SEED (static: 0, total: 2)
Orphan StringName: climb_jump_cost (static: 0, total: 6)
Orphan StringName: rock_floor_mesh (static: 0, total: 3)
Orphan StringName: parry (static: 0, total: 1)
Orphan StringName: transform (static: 0, total: 6)
Orphan StringName: jump_pressed (static: 0, total: 8)
Orphan StringName: is_instance_valid (static: 0, total: 21)
Orphan StringName: _body_material (static: 0, total: 4)
Orphan StringName: camera_pitch_max_deg (static: 0, total: 7)
Orphan StringName: StandardMaterial3D (static: 0, total: 10)
Orphan StringName: link_pending (static: 0, total: 3)
Orphan StringName: advance (static: 0, total: 4)
Orphan StringName: MAX_MEALS (static: 0, total: 2)
Orphan StringName: BowTuning (static: 0, total: 4)
Orphan StringName: prompt_verb (static: 0, total: 1)
Orphan StringName: FLOAT_TOLERANCE (static: 0, total: 2)
Orphan StringName: _set_family (static: 0, total: 4)
Orphan StringName: Clover_1 (static: 0, total: 1)
Orphan StringName: Clover_2 (static: 0, total: 1)
Orphan StringName: connection_changed (static: 0, total: 3)
Orphan StringName: r07_hauteurs_de_l_orient (static: 0, total: 4)
Orphan StringName: apply_tone (static: 0, total: 4)
Orphan StringName: elec_damage_multiplier (static: 0, total: 3)
Orphan StringName: attack_damage_base (static: 0, total: 4)
Orphan StringName: MultiMesh (static: 0, total: 1)
Orphan StringName: trop_loin (static: 0, total: 1)
Orphan StringName: PUSH_RESPONSE (static: 0, total: 2)
Orphan StringName: _refresh_buff_multipliers (static: 0, total: 5)
Orphan StringName: get_pitch (static: 0, total: 3)
Orphan StringName: endurance (static: 0, total: 2)
Orphan StringName: margin (static: 0, total: 2)
Orphan StringName: float (static: 0, total: 1)
Orphan StringName: STATE_CHARGED (static: 0, total: 2)
Orphan StringName: resonance_verdict (static: 0, total: 3)
Orphan StringName: _hit_was_blocked (static: 0, total: 4)
Orphan StringName: grounding (static: 0, total: 2)
Orphan StringName: KitScale (static: 0, total: 3)
Orphan StringName: _clarity_timer (static: 0, total: 4)
Orphan StringName: _arrows (static: 0, total: 4)
Orphan StringName: FORD_INFLUENCE_M (static: 0, total: 2)
Orphan StringName: set_current (static: 0, total: 3)
Orphan StringName: try_arc_step (static: 0, total: 4)
Orphan StringName: attack_multiplier (static: 0, total: 4)
Orphan StringName: look_left (static: 0, total: 1)
Orphan StringName: try_attack (static: 0, total: 5)
Orphan StringName: GROUND_STARTUP (static: 0, total: 2)
Orphan StringName: res://resources/combat/attack_definition.gd (static: 0, total: 3)
Orphan StringName: IVORY_MUTED (static: 0, total: 2)
Orphan StringName: TREES_RIVERSIDE (static: 0, total: 2)
Orphan StringName: focus_held (static: 0, total: 9)
Orphan StringName: known_ids (static: 0, total: 3)
Orphan StringName: probe_chest_height (static: 0, total: 6)
Orphan StringName: @group_4_Accélérations (m/s²) (static: 0, total: 2)
Orphan StringName: height_at (static: 0, total: 10)
Orphan StringName: env.plant.bush (static: 0, total: 1)
Orphan StringName: relative (static: 0, total: 1)
Orphan StringName: r03_val_de_neris (static: 0, total: 4)
Orphan StringName: _stochastic_count (static: 0, total: 4)
Orphan StringName: _framing_distance_target (static: 0, total: 4)
Orphan StringName: PackedScene (static: 0, total: 9)
Orphan StringName: _process_climb (static: 0, total: 4)
Orphan StringName: element (static: 0, total: 11)
Orphan StringName: max_floor_angle_deg (static: 0, total: 9)
Orphan StringName: floor_stop_on_slope (static: 0, total: 1)
Orphan StringName: iframes_start (static: 0, total: 6)
Orphan StringName: @implicit_new (static: 0, total: 57)
Orphan StringName: set_boss_framing (static: 0, total: 3)
Orphan StringName: Dictionary (static: 1, total: 2)
Orphan StringName: land_soft (static: 0, total: 1)
Orphan StringName: mantle (static: 0, total: 6)
Orphan StringName: block_cost_factor (static: 0, total: 6)
Orphan StringName: mantle_finished (static: 0, total: 3)
Orphan StringName: REQUIRED_STATES (static: 0, total: 2)
Orphan StringName: _keep_camera_above_ground (static: 0, total: 4)
Orphan StringName: set_invulnerable (static: 0, total: 4)
Orphan StringName: polarity_engaged (static: 0, total: 3)
Orphan StringName: _nearest_port (static: 0, total: 4)
Orphan StringName: port_a (static: 0, total: 2)
Orphan StringName: GOLD_DARK (static: 0, total: 2)
Orphan StringName: res://scripts/reaction/resonance_controller.gd (static: 0, total: 33)
Orphan StringName: target_dead (static: 0, total: 1)
Orphan StringName: reset_delay (static: 0, total: 5)
Orphan StringName: get_yaw_basis (static: 0, total: 5)
Orphan StringName: enabled (static: 0, total: 6)
Orphan StringName: _append_model (static: 0, total: 5)
Orphan StringName: Texture2D (static: 0, total: 3)
Orphan StringName: combo_index (static: 0, total: 3)
Orphan StringName: set_intent_source (static: 0, total: 3)
Orphan StringName: CollisionObject3D (static: 0, total: 1)
Orphan StringName: _ground_target (static: 0, total: 4)
Orphan StringName: RewardAnchor (static: 0, total: 5)
Orphan StringName: res://resources/combat/dodge_definition.gd (static: 0, total: 2)
Orphan StringName: get_spring_arm (static: 0, total: 3)
Orphan StringName: @group_10_Régénération (static: 0, total: 2)
Orphan StringName: _process_attack (static: 0, total: 4)
Orphan StringName: cliff_cornerLarge_rock (static: 0, total: 1)
Orphan StringName: DodgeDefinition (static: 0, total: 4)
Orphan StringName: los_grace (static: 0, total: 5)
Orphan StringName: ARC_STEP_SPEED (static: 0, total: 2)
Orphan StringName: weak_point_multiplier (static: 0, total: 7)
Orphan StringName: Projection (static: 0, total: 1)
Orphan StringName: _sample_path (static: 0, total: 4)
Orphan StringName: Willow_1 (static: 0, total: 1)
Orphan StringName: Willow_3 (static: 0, total: 1)
Orphan StringName: Willow_5 (static: 0, total: 1)
Orphan StringName: chest_hit (static: 0, total: 6)
Orphan StringName: node_id (static: 0, total: 6)
Orphan StringName: STAND_OFFSET (static: 0, total: 2)
Orphan StringName: _eat_quick_meal (static: 0, total: 4)
Orphan StringName: PLAYABLE_RADIUS_M (static: 0, total: 2)
Orphan StringName: BodyMesh (static: 0, total: 2)
Orphan StringName: _drive_polarity (static: 0, total: 4)
Orphan StringName: TONE_CHARRED (static: 0, total: 2)
Orphan StringName: size (static: 0, total: 4)
Orphan StringName: _extinguish (static: 0, total: 4)
Orphan StringName: TONE_WOOD (static: 0, total: 2)
Orphan StringName: root/AudioManager (static: 0, total: 2)
Orphan StringName: mercy_invulnerability (static: 0, total: 6)
Orphan StringName: _attack (static: 0, total: 3)
Orphan StringName: starting_arrows (static: 0, total: 5)
Orphan StringName: LEDGE_RISE_CLEARANCE (static: 0, total: 2)
Orphan StringName: combo_open_time (static: 0, total: 5)
Orphan StringName: damage_taken_multiplier (static: 0, total: 8)
Orphan StringName: GROUND_RANGE (static: 0, total: 2)
Orphan StringName: _grip_tuning_vector (static: 0, total: 4)
Orphan StringName: flat_material (static: 0, total: 4)
Orphan StringName: max_durability (static: 0, total: 7)
Orphan StringName: _terrain (static: 0, total: 4)
Orphan StringName: meals_snapshot (static: 0, total: 3)
Orphan StringName: Rect2 (static: 0, total: 1)
Orphan StringName: reason (static: 0, total: 5)
Orphan StringName: res://scripts/inventory/weapon_instance.gd (static: 0, total: 7)
Orphan StringName: PackedVector3Array (static: 0, total: 1)
Orphan StringName: shoot (static: 0, total: 1)
Orphan StringName: free (static: 0, total: 2)
Orphan StringName: _hop (static: 0, total: 5)
Orphan StringName: PackedInt32Array (static: 0, total: 1)
Orphan StringName: ui_accept (static: 0, total: 1)
Orphan StringName: Rect2i (static: 0, total: 1)
Orphan StringName: attack_started (static: 0, total: 4)
Orphan StringName: place_id (static: 0, total: 11)
Orphan StringName: polarity_stop (static: 0, total: 4)
Orphan StringName: YawPivot/PitchPivot (static: 0, total: 1)
Orphan StringName: RAMP_Y_END (static: 0, total: 2)
Orphan StringName: knockback (static: 0, total: 14)
Orphan StringName: RAMP_BLEND_W (static: 0, total: 2)
Orphan StringName: r08_steppe_du_nord (static: 0, total: 4)
Orphan StringName: res://scripts/world_v2/poi/world_v2_place_kit.gd (static: 0, total: 16)
Orphan StringName: weapon_count (static: 0, total: 3)
Orphan StringName: _timed_invulnerable_until (static: 0, total: 4)
Orphan StringName: source_power (static: 0, total: 6)
Orphan StringName: load_invert_look_y (static: 0, total: 4)
Orphan StringName: gravity (static: 0, total: 8)
Orphan StringName: toggled (static: 0, total: 1)
Orphan StringName: _refuse_interaction (static: 0, total: 4)
Orphan StringName: invert_look_y (static: 0, total: 4)
Orphan StringName: r11_anneau_frontalier (static: 0, total: 5)
Orphan StringName: clover (static: 0, total: 2)
Orphan StringName: _camera_sights (static: 0, total: 3)
Orphan StringName: has_ground (static: 0, total: 5)
Orphan StringName: _build_paint_grid (static: 0, total: 4)
Orphan StringName: land (static: 0, total: 7)
Orphan StringName: last (static: 0, total: 4)
Orphan StringName: char.boss_guardian (static: 0, total: 1)
Orphan StringName: _buffer_timer (static: 0, total: 4)
Orphan StringName: pas_de_sol (static: 0, total: 1)
Orphan StringName: _restore_ground_settings (static: 0, total: 6)
Orphan StringName: use_colors (static: 0, total: 1)
Orphan StringName: interact (static: 0, total: 10)
Orphan StringName: unclimbable (static: 0, total: 1)
Orphan StringName: ledge_likely (static: 0, total: 6)
Orphan StringName: quick_meal (static: 0, total: 1)
Orphan StringName: ROUTE_SOFT_NEAR (static: 0, total: 2)
Orphan StringName: meal_count (static: 0, total: 3)
Orphan StringName: scale (static: 0, total: 1)
Orphan StringName: add_ingredient (static: 0, total: 3)
Orphan StringName: MEASURED (static: 0, total: 2)
Orphan StringName: interact_focus_changed (static: 0, total: 3)
Orphan StringName: _charge (static: 0, total: 4)
Orphan StringName: res://scripts/components/climbing_component.gd (static: 0, total: 6)
Orphan StringName: shake_scale (static: 0, total: 4)
Orphan StringName: ground_deceleration (static: 0, total: 7)
Orphan StringName: PostureComponent (static: 0, total: 5)
Orphan StringName: LockOnComponent (static: 0, total: 6)
Orphan StringName: _segments_near_chunk (static: 0, total: 4)
Orphan StringName: _a_port (static: 0, total: 4)
Orphan StringName: STATE_WET (static: 0, total: 2)
Orphan StringName: font_color (static: 0, total: 2)
Orphan StringName: AnimationPlayer (static: 0, total: 5)
Orphan StringName: direction (static: 0, total: 8)
Orphan StringName: noise_listeners (static: 0, total: 2)
Orphan StringName: @group_11_Présentation (Phase H) et attaques (static: 0, total: 2)
Orphan StringName: PackedInt64Array (static: 0, total: 1)
Orphan StringName: VisualRoot (static: 0, total: 5)
Orphan StringName: _physics_process (static: 3, total: 33)
Orphan StringName: @group_4_Table §11.1 (static: 0, total: 2)
Orphan StringName: ENEMY_LAYER (static: 0, total: 2)
Orphan StringName: TREE_MAX_SLOPE_DEG (static: 0, total: 2)
Orphan StringName: cancel_link (static: 0, total: 4)
Orphan StringName: current_sERROR: Pages in use exist at exit in PagedAllocator: N12VariantPools12BucketMediumE
   at: ~PagedAllocator (./core/templates/paged_allocator.h:170)
ERROR: Pages in use exist at exit in PagedAllocator: N12VariantPools11BucketSmallE
   at: ~PagedAllocator (./core/templates/paged_allocator.h:170)
tate (static: 0, total: 3)
Orphan StringName: Marker3D (static: 0, total: 3)
Orphan StringName: pressed (static: 0, total: 2)
Orphan StringName: stone_block (static: 0, total: 3)
Orphan StringName: Pebble_Round_2 (static: 0, total: 1)
Orphan StringName: Pebble_Round_4 (static: 0, total: 1)
Orphan StringName: res://scripts/components/hitbox_component.gd (static: 0, total: 11)
Orphan StringName: _instigator (static: 0, total: 7)
Orphan StringName: changed (static: 0, total: 6)
Orphan StringName: walk (static: 0, total: 7)
Orphan StringName: _already_hit (static: 0, total: 3)
Orphan StringName: snapshot (static: 0, total: 3)
Orphan StringName: FOCUS_RANGE (static: 0, total: 2)
Orphan StringName: attach_from_table (static: 0, total: 3)
Orphan StringName: TONE_DARK_STONE (static: 0, total: 2)
Orphan StringName: _closest_bucketed (static: 0, total: 6)
Orphan StringName: FOCUS_CONE_DOT (static: 0, total: 2)
Orphan StringName: _main_seg_t0 (static: 0, total: 3)
Orphan StringName: _main_seg_t1 (static: 0, total: 3)
Orphan StringName: grant_fragment (static: 0, total: 3)
Orphan StringName: _consume (static: 0, total: 5)
Orphan StringName: Kind (static: 0, total: 4)
Orphan StringName: camera_stick_speed (static: 0, total: 6)
Orphan StringName: lock_on_targets (static: 0, total: 2)
Orphan StringName: STATE_OVERLOADED (static: 0, total: 2)
Orphan StringName: target (static: 0, total: 9)
Orphan StringName: too_shallow (static: 0, total: 1)
Orphan StringName: confirm (static: 0, total: 1)
Orphan StringName: RAMP_Y_START (static: 0, total: 2)
Orphan StringName: SECTION (static: 0, total: 2)
Orphan StringName: r02_prairie_mille_fleurs (static: 0, total: 4)
Orphan StringName: res://scripts/ui/hud_style.gd (static: 0, total: 17)
Orphan StringName: STAMINA_REGEN_MULTIPLIER (static: 0, total: 2)
Orphan StringName: collision_layer (static: 0, total: 3)
Orphan StringName: style_button (static: 0, total: 3)
Orphan StringName: EventBus (static: 0, total: 4)
Orphan StringName: _exclude (static: 0, total: 3)
Orphan StringName: block_knockback_factor (static: 0, total: 6)
Orphan StringName: res://scripts/core/latency_probe.gd (static: 0, total: 7)
StringName: 1741 unclaimed string names at exit.
LANCER_GODOT: RC_GODOT=0
