WorkerThreadPool: 4 threads, 1 max low-priority.
Godot Engine v4.7.1.stable.custom_build.a13da4feb (2026-07-13 21:00:28 UTC) - https://godotengine.org
TextServer: Added interface "Dummy"
TextServer: Added interface "ICU / HarfBuzz / Graphite (Built-in)"
SDL: Init OK!
Using "default" pen tablet driver...

TextServer: Primary interface set to: "ICU / HarfBuzz / Graphite (Built-in)".
CORE API HASH: 3769296884
EDITOR API HASH: 3146738256
Loading resource: res://tools/godot/probe_iss059_charge.gd remapped: res://tools/godot/probe_iss059_charge.gd
Completed load for: 'res://tools/godot/probe_iss059_charge.gd' remapped 'res://tools/godot/probe_iss059_charge.gd' at thread -1
SceneTreeFTI: traversal method DEFAULT
Loading resource: res://scripts/core/game_state.gd remapped: res://scripts/core/game_state.gd
Completed load for: 'res://scripts/core/game_state.gd' remapped 'res://scripts/core/game_state.gd' at thread -1
Loading resource: res://scripts/core/event_bus.gd remapped: res://scripts/core/event_bus.gd
Completed load for: 'res://scripts/core/event_bus.gd' remapped 'res://scripts/core/event_bus.gd' at thread -1
Loading resource: res://scripts/save/save_system.gd remapped: res://scripts/save/save_system.gd
Completed load for: 'res://scripts/save/save_system.gd' remapped 'res://scripts/save/save_system.gd' at thread -1
Loading resource: res://scripts/core/audio_manager.gd remapped: res://scripts/core/audio_manager.gd
Completed load for: 'res://scripts/core/audio_manager.gd' remapped 'res://scripts/core/audio_manager.gd' at thread -1
Loading resource: res://scripts/core/scene_flow.gd remapped: res://scripts/core/scene_flow.gd
Completed load for: 'res://scripts/core/scene_flow.gd' remapped 'res://scripts/core/scene_flow.gd' at thread -1
Loading resource: res://scripts/tools/dev_mode.gd remapped: res://scripts/tools/dev_mode.gd
Completed load for: 'res://scripts/tools/dev_mode.gd' remapped 'res://scripts/tools/dev_mode.gd' at thread -1
Loaded system CA certificates
=== SONDE ISS-059 — mode=tout limite=0 garder=false ===
Loading resource: res://assets/animations/UAL1_Standard.glb remapped: res://assets/animations/UAL1_Standard.glb
Loading resource: res://.godot/imported/UAL1_Standard.glb-ab194a90b21a61ecb15ec763646cbd14.scn remapped: res://.godot/imported/UAL1_Standard.glb-ab194a90b21a61ecb15ec763646cbd14.scn
Completed load for: 'res://assets/animations/UAL1_Standard.glb' remapped 'res://assets/animations/UAL1_Standard.glb' at thread -1
Loading resource: res://assets/animations/UAL2_Standard.glb remapped: res://assets/animations/UAL2_Standard.glb
Loading resource: res://.godot/imported/UAL2_Standard.glb-2d7e9caa982b4bbe70b21bc2e0fbed0c.scn remapped: res://.godot/imported/UAL2_Standard.glb-2d7e9caa982b4bbe70b21bc2e0fbed0c.scn
Completed load for: 'res://assets/animations/UAL2_Standard.glb' remapped 'res://assets/animations/UAL2_Standard.glb' at thread -1
Loading resource: res://assets/architecture/farm/SM_Farm_Ruins.glb remapped: res://assets/architecture/farm/SM_Farm_Ruins.glb
Loading resource: res://.godot/imported/SM_Farm_Ruins.glb-28d70cfee8f3397b7c7eed2c565755db.scn remapped: res://.godot/imported/SM_Farm_Ruins.glb-28d70cfee8f3397b7c7eed2c565755db.scn
Completed load for: 'res://assets/architecture/farm/SM_Farm_Ruins.glb' remapped 'res://assets/architecture/farm/SM_Farm_Ruins.glb' at thread -1
Loading resource: res://assets/architecture/flora/SM_ThunderstruckTree.glb remapped: res://assets/architecture/flora/SM_ThunderstruckTree.glb
Loading resource: res://.godot/imported/SM_ThunderstruckTree.glb-a072e884a4c79baf688290efe4e8504f.scn remapped: res://.godot/imported/SM_ThunderstruckTree.glb-a072e884a4c79baf688290efe4e8504f.scn
Completed load for: 'res://assets/architecture/flora/SM_ThunderstruckTree.glb' remapped 'res://assets/architecture/flora/SM_ThunderstruckTree.glb' at thread -1
Loading resource: res://assets/architecture/pylon/SM_Pylon_Resonance.glb remapped: res://assets/architecture/pylon/SM_Pylon_Resonance.glb
Loading resource: res://.godot/imported/SM_Pylon_Resonance.glb-14755a1caa3b3579c93e8d34d3d0abe3.scn remapped: res://.godot/imported/SM_Pylon_Resonance.glb-14755a1caa3b3579c93e8d34d3d0abe3.scn
Completed load for: 'res://assets/architecture/pylon/SM_Pylon_Resonance.glb' remapped 'res://assets/architecture/pylon/SM_Pylon_Resonance.glb' at thread -1
Loading resource: res://assets/architecture/stone_bridge/SM_StoneBridge_Arch.glb remapped: res://assets/architecture/stone_bridge/SM_StoneBridge_Arch.glb
Loading resource: res://.godot/imported/SM_StoneBridge_Arch.glb-72b906e8d90d0608a1c8bb277ef5f013.scn remapped: res://.godot/imported/SM_StoneBridge_Arch.glb-72b906e8d90d0608a1c8bb277ef5f013.scn
Completed load for: 'res://assets/architecture/stone_bridge/SM_StoneBridge_Arch.glb' remapped 'res://assets/architecture/stone_bridge/SM_StoneBridge_Arch.glb' at thread -1
Loading resource: res://assets/architecture/village/SM_Village_Quay.glb remapped: res://assets/architecture/village/SM_Village_Quay.glb
Loading resource: res://.godot/imported/SM_Village_Quay.glb-5d9ca751046d9c69fd2ad5becc295bd4.scn remapped: res://.godot/imported/SM_Village_Quay.glb-5d9ca751046d9c69fd2ad5becc295bd4.scn
Completed load for: 'res://assets/architecture/village/SM_Village_Quay.glb' remapped 'res://assets/architecture/village/SM_Village_Quay.glb' at thread -1
Loading resource: res://assets/architecture/village/SM_Village_Wall.glb remapped: res://assets/architecture/village/SM_Village_Wall.glb
Loading resource: res://.godot/imported/SM_Village_Wall.glb-2aa2f27892904a99f0d86a599bd3c188.scn remapped: res://.godot/imported/SM_Village_Wall.glb-2aa2f27892904a99f0d86a599bd3c188.scn
Completed load for: 'res://assets/architecture/village/SM_Village_Wall.glb' remapped 'res://assets/architecture/village/SM_Village_Wall.glb' at thread -1
Loading resource: res://assets/characters/boss/SK_StormGuardian.glb remapped: res://assets/characters/boss/SK_StormGuardian.glb
Loading resource: res://.godot/imported/SK_StormGuardian.glb-14d92936382ceb065095dc79de96dbc2.scn remapped: res://.godot/imported/SK_StormGuardian.glb-14d92936382ceb065095dc79de96dbc2.scn
Loading resource: res://assets/characters/boss/SK_StormGuardian_T_Guardian_BaseColor.png remapped: res://assets/characters/boss/SK_StormGuardian_T_Guardian_BaseColor.png
Loading resource: res://.godot/imported/SK_StormGuardian_T_Guardian_BaseColor.png-8e4e43c88e57cc384323e1c926794936.ctex remapped: res://.godot/imported/SK_StormGuardian_T_Guardian_BaseColor.png-8e4e43c88e57cc384323e1c926794936.ctex
Completed load for: 'res://assets/characters/boss/SK_StormGuardian_T_Guardian_BaseColor.png' remapped 'res://assets/characters/boss/SK_StormGuardian_T_Guardian_BaseColor.png' at thread -1
Loading resource: res://assets/characters/boss/SK_StormGuardian_T_Guardian_MR.png remapped: res://assets/characters/boss/SK_StormGuardian_T_Guardian_MR.png
Loading resource: res://.godot/imported/SK_StormGuardian_T_Guardian_MR.png-ea27c1dad9c34afb4665c418c85cd6bc.ctex remapped: res://.godot/imported/SK_StormGuardian_T_Guardian_MR.png-ea27c1dad9c34afb4665c418c85cd6bc.ctex
Completed load for: 'res://assets/characters/boss/SK_StormGuardian_T_Guardian_MR.png' remapped 'res://assets/characters/boss/SK_StormGuardian_T_Guardian_MR.png' at thread -1
Completed load for: 'res://assets/characters/boss/SK_StormGuardian.glb' remapped 'res://assets/characters/boss/SK_StormGuardian.glb' at thread -1
Loading resource: res://assets/characters/creatures/SK_CentaurHunter.glb remapped: res://assets/characters/creatures/SK_CentaurHunter.glb
Loading resource: res://.godot/imported/SK_CentaurHunter.glb-60c5fb4003093a06d24ec089b4e04746.scn remapped: res://.godot/imported/SK_CentaurHunter.glb-60c5fb4003093a06d24ec089b4e04746.scn
Completed load for: 'res://assets/characters/creatures/SK_CentaurHunter.glb' remapped 'res://assets/characters/creatures/SK_CentaurHunter.glb' at thread -1
Loading resource: res://assets/characters/creatures/SK_RavineTroll.glb remapped: res://assets/characters/creatures/SK_RavineTroll.glb
Loading resource: res://.godot/imported/SK_RavineTroll.glb-bf7f3b837ababd38165bf89d8091451a.scn remapped: res://.godot/imported/SK_RavineTroll.glb-bf7f3b837ababd38165bf89d8091451a.scn
Completed load for: 'res://assets/characters/creatures/SK_RavineTroll.glb' remapped 'res://assets/characters/creatures/SK_RavineTroll.glb' at thread -1
Loading resource: res://assets/characters/enemies/SK_RaiderBlack.glb remapped: res://assets/characters/enemies/SK_RaiderBlack.glb
Loading resource: res://.godot/imported/SK_RaiderBlack.glb-9bb007b39d8535cde07f27b89a1a21f7.scn remapped: res://.godot/imported/SK_RaiderBlack.glb-9bb007b39d8535cde07f27b89a1a21f7.scn
Loading resource: res://assets/characters/enemies/SK_RaiderBlack_T_Peasant_BaseColor.png remapped: res://assets/characters/enemies/SK_RaiderBlack_T_Peasant_BaseColor.png
Loading resource: res://.godot/imported/SK_RaiderBlack_T_Peasant_BaseColor.png-9b9a640e6615fb39cea6a494242dd2cc.ctex remapped: res://.godot/imported/SK_RaiderBlack_T_Peasant_BaseColor.png-9b9a640e6615fb39cea6a494242dd2cc.ctex
Completed load for: 'res://assets/characters/enemies/SK_RaiderBlack_T_Peasant_BaseColor.png' remapped 'res://assets/characters/enemies/SK_RaiderBlack_T_Peasant_BaseColor.png' at thread -1
Loading resource: res://assets/characters/enemies/SK_RaiderBlack_T_Peasant_ORM.png remapped: res://assets/characters/enemies/SK_RaiderBlack_T_Peasant_ORM.png
Loading resource: res://.godot/imported/SK_RaiderBlack_T_Peasant_ORM.png-c502263775c1055240b99b0410797efb.ctex remapped: res://.godot/imported/SK_RaiderBlack_T_Peasant_ORM.png-c502263775c1055240b99b0410797efb.ctex
Completed load for: 'res://assets/characters/enemies/SK_RaiderBlack_T_Peasant_ORM.png' remapped 'res://assets/characters/enemies/SK_RaiderBlack_T_Peasant_ORM.png' at thread -1
Loading resource: res://assets/characters/enemies/SK_RaiderBlack_T_Peasant_Normal.png remapped: res://assets/characters/enemies/SK_RaiderBlack_T_Peasant_Normal.png
Loading resource: res://.godot/imported/SK_RaiderBlack_T_Peasant_Normal.png-5cb28f2a304e1af23b5f141944cd13fa.ctex remapped: res://.godot/imported/SK_RaiderBlack_T_Peasant_Normal.png-5cb28f2a304e1af23b5f141944cd13fa.ctex
Completed load for: 'res://assets/characters/enemies/SK_RaiderBlack_T_Peasant_Normal.png' remapped 'res://assets/characters/enemies/SK_RaiderBlack_T_Peasant_Normal.png' at thread -1
Loading resource: res://assets/characters/enemies/SK_RaiderBlack_T_Regular_Male_Dark_BaseColor.png remapped: res://assets/characters/enemies/SK_RaiderBlack_T_Regular_Male_Dark_BaseColor.png
Loading resource: res://.godot/imported/SK_RaiderBlack_T_Regular_Male_Dark_BaseColor.png-0bd48cf5eba42bd49f480ca4afe8cdd0.ctex remapped: res://.godot/imported/SK_RaiderBlack_T_Regular_Male_Dark_BaseColor.png-0bd48cf5eba42bd49f480ca4afe8cdd0.ctex
Completed load for: 'res://assets/characters/enemies/SK_RaiderBlack_T_Regular_Male_Dark_BaseColor.png' remapped 'res://assets/characters/enemies/SK_RaiderBlack_T_Regular_Male_Dark_BaseColor.png' at thread -1
Loading resource: res://assets/characters/enemies/SK_RaiderBlack_T_Regular_Male_Roughness.png remapped: res://assets/characters/enemies/SK_RaiderBlack_T_Regular_Male_Roughness.png
Loading resource: res://.godot/imported/SK_RaiderBlack_T_Regular_Male_Roughness.png-c7470a916f447955fba02c6aec71bae5.ctex remapped: res://.godot/imported/SK_RaiderBlack_T_Regular_Male_Roughness.png-c7470a916f447955fba02c6aec71bae5.ctex
Completed load for: 'res://assets/characters/enemies/SK_RaiderBlack_T_Regular_Male_Roughness.png' remapped 'res://assets/characters/enemies/SK_RaiderBlack_T_Regular_Male_Roughness.png' at thread -1
Loading resource: res://assets/characters/enemies/SK_RaiderBlack_T_Regular_Male_Normal.png remapped: res://assets/characters/enemies/SK_RaiderBlack_T_Regular_Male_Normal.png
Loading resource: res://.godot/imported/SK_RaiderBlack_T_Regular_Male_Normal.png-910d374e80c1e69398a89eb71a2de4e0.ctex remapped: res://.godot/imported/SK_RaiderBlack_T_Regular_Male_Normal.png-910d374e80c1e69398a89eb71a2de4e0.ctex
Completed load for: 'res://assets/characters/enemies/SK_RaiderBlack_T_Regular_Male_Normal.png' remapped 'res://assets/characters/enemies/SK_RaiderBlack_T_Regular_Male_Normal.png' at thread -1
Completed load for: 'res://assets/characters/enemies/SK_RaiderBlack.glb' remapped 'res://assets/characters/enemies/SK_RaiderBlack.glb' at thread -1
Loading resource: res://assets/characters/enemies/SK_RaiderBlue.glb remapped: res://assets/characters/enemies/SK_RaiderBlue.glb
Loading resource: res://.godot/imported/SK_RaiderBlue.glb-7c86b4b965c8828872b07b482c57ff94.scn remapped: res://.godot/imported/SK_RaiderBlue.glb-7c86b4b965c8828872b07b482c57ff94.scn
Loading resource: res://assets/characters/enemies/SK_RaiderBlue_T_Peasant_BaseColor.png remapped: res://assets/characters/enemies/SK_RaiderBlue_T_Peasant_BaseColor.png
Loading resource: res://.godot/imported/SK_RaiderBlue_T_Peasant_BaseColor.png-cb63161d69309dc3eb9843c5f0fe62f2.ctex remapped: res://.godot/imported/SK_RaiderBlue_T_Peasant_BaseColor.png-cb63161d69309dc3eb9843c5f0fe62f2.ctex
Completed load for: 'res://assets/characters/enemies/SK_RaiderBlue_T_Peasant_BaseColor.png' remapped 'res://assets/characters/enemies/SK_RaiderBlue_T_Peasant_BaseColor.png' at thread -1
Loading resource: res://assets/characters/enemies/SK_RaiderBlue_T_Peasant_ORM.png remapped: res://assets/characters/enemies/SK_RaiderBlue_T_Peasant_ORM.png
Loading resource: res://.godot/imported/SK_RaiderBlue_T_Peasant_ORM.png-6efce96a7209ad89fa95cdef04aea365.ctex remapped: res://.godot/imported/SK_RaiderBlue_T_Peasant_ORM.png-6efce96a7209ad89fa95cdef04aea365.ctex
Completed load for: 'res://assets/characters/enemies/SK_RaiderBlue_T_Peasant_ORM.png' remapped 'res://assets/characters/enemies/SK_RaiderBlue_T_Peasant_ORM.png' at thread -1
Loading resource: res://assets/characters/enemies/SK_RaiderBlue_T_Peasant_Normal.png remapped: res://assets/characters/enemies/SK_RaiderBlue_T_Peasant_Normal.png
Loading resource: res://.godot/imported/SK_RaiderBlue_T_Peasant_Normal.png-624bc2ef2c10737188f970c8744f3956.ctex remapped: res://.godot/imported/SK_RaiderBlue_T_Peasant_Normal.png-624bc2ef2c10737188f970c8744f3956.ctex
Completed load for: 'res://assets/characters/enemies/SK_RaiderBlue_T_Peasant_Normal.png' remapped 'res://assets/characters/enemies/SK_RaiderBlue_T_Peasant_Normal.png' at thread -1
Loading resource: res://assets/characters/enemies/SK_RaiderBlue_T_Regular_Male_Dark_BaseColor.png remapped: res://assets/characters/enemies/SK_RaiderBlue_T_Regular_Male_Dark_BaseColor.png
Loading resource: res://.godot/imported/SK_RaiderBlue_T_Regular_Male_Dark_BaseColor.png-9d09384abb5660c8b74e6abcfb502171.ctex remapped: res://.godot/imported/SK_RaiderBlue_T_Regular_Male_Dark_BaseColor.png-9d09384abb5660c8b74e6abcfb502171.ctex
Completed load for: 'res://assets/characters/enemies/SK_RaiderBlue_T_Regular_Male_Dark_BaseColor.png' remapped 'res://assets/characters/enemies/SK_RaiderBlue_T_Regular_Male_Dark_BaseColor.png' at thread -1
Loading resource: res://assets/characters/enemies/SK_RaiderBlue_T_Regular_Male_Roughness.png remapped: res://assets/characters/enemies/SK_RaiderBlue_T_Regular_Male_Roughness.png
Loading resource: res://.godot/imported/SK_RaiderBlue_T_Regular_Male_Roughness.png-45d738f3899cc829cf05f2b46aeb4507.ctex remapped: res://.godot/imported/SK_RaiderBlue_T_Regular_Male_Roughness.png-45d738f3899cc829cf05f2b46aeb4507.ctex
Completed load for: 'res://assets/characters/enemies/SK_RaiderBlue_T_Regular_Male_Roughness.png' remapped 'res://assets/characters/enemies/SK_RaiderBlue_T_Regular_Male_Roughness.png' at thread -1
Loading resource: res://assets/characters/enemies/SK_RaiderBlue_T_Regular_Male_Normal.png remapped: res://assets/characters/enemies/SK_RaiderBlue_T_Regular_Male_Normal.png
Loading resource: res://.godot/imported/SK_RaiderBlue_T_Regular_Male_Normal.png-a908544ceb2e8707840a439671eeff32.ctex remapped: res://.godot/imported/SK_RaiderBlue_T_Regular_Male_Normal.png-a908544ceb2e8707840a439671eeff32.ctex
Completed load for: 'res://assets/characters/enemies/SK_RaiderBlue_T_Regular_Male_Normal.png' remapped 'res://assets/characters/enemies/SK_RaiderBlue_T_Regular_Male_Normal.png' at thread -1
Completed load for: 'res://assets/characters/enemies/SK_RaiderBlue.glb' remapped 'res://assets/characters/enemies/SK_RaiderBlue.glb' at thread -1
Loading resource: res://assets/characters/enemies/SK_RaiderRed.glb remapped: res://assets/characters/enemies/SK_RaiderRed.glb
Loading resource: res://.godot/imported/SK_RaiderRed.glb-04760d025d7e2a4b3910f44addb2d7de.scn remapped: res://.godot/imported/SK_RaiderRed.glb-04760d025d7e2a4b3910f44addb2d7de.scn
Loading resource: res://assets/characters/enemies/SK_RaiderRed_T_Peasant_BaseColor.png remapped: res://assets/characters/enemies/SK_RaiderRed_T_Peasant_BaseColor.png
Loading resource: res://.godot/imported/SK_RaiderRed_T_Peasant_BaseColor.png-408976eebb9e584fd6ae8b9ba4511cd5.ctex remapped: res://.godot/imported/SK_RaiderRed_T_Peasant_BaseColor.png-408976eebb9e584fd6ae8b9ba4511cd5.ctex
Completed load for: 'res://assets/characters/enemies/SK_RaiderRed_T_Peasant_BaseColor.png' remapped 'res://assets/characters/enemies/SK_RaiderRed_T_Peasant_BaseColor.png' at thread -1
Loading resource: res://assets/characters/enemies/SK_RaiderRed_T_Peasant_ORM.png remapped: res://assets/characters/enemies/SK_RaiderRed_T_Peasant_ORM.png
Loading resource: res://.godot/imported/SK_RaiderRed_T_Peasant_ORM.png-fbcf644297da6efa0ede7a4c8801dc0a.ctex remapped: res://.godot/imported/SK_RaiderRed_T_Peasant_ORM.png-fbcf644297da6efa0ede7a4c8801dc0a.ctex
Completed load for: 'res://assets/characters/enemies/SK_RaiderRed_T_Peasant_ORM.png' remapped 'res://assets/characters/enemies/SK_RaiderRed_T_Peasant_ORM.png' at thread -1
Loading resource: res://assets/characters/enemies/SK_RaiderRed_T_Peasant_Normal.png remapped: res://assets/characters/enemies/SK_RaiderRed_T_Peasant_Normal.png
Loading resource: res://.godot/imported/SK_RaiderRed_T_Peasant_Normal.png-c0bffdbbc81ea489e7b5d486276d4d20.ctex remapped: res://.godot/imported/SK_RaiderRed_T_Peasant_Normal.png-c0bffdbbc81ea489e7b5d486276d4d20.ctex
Completed load for: 'res://assets/characters/enemies/SK_RaiderRed_T_Peasant_Normal.png' remapped 'res://assets/characters/enemies/SK_RaiderRed_T_Peasant_Normal.png' at thread -1
Loading resource: res://assets/characters/enemies/SK_RaiderRed_T_Regular_Male_Dark_BaseColor.png remapped: res://assets/characters/enemies/SK_RaiderRed_T_Regular_Male_Dark_BaseColor.png
Loading resource: res://.godot/imported/SK_RaiderRed_T_Regular_Male_Dark_BaseColor.png-5cba7ce8f0e7fa979c48b17d366dae4f.ctex remapped: res://.godot/imported/SK_RaiderRed_T_Regular_Male_Dark_BaseColor.png-5cba7ce8f0e7fa979c48b17d366dae4f.ctex
Completed load for: 'res://assets/characters/enemies/SK_RaiderRed_T_Regular_Male_Dark_BaseColor.png' remapped 'res://assets/characters/enemies/SK_RaiderRed_T_Regular_Male_Dark_BaseColor.png' at thread -1
Loading resource: res://assets/characters/enemies/SK_RaiderRed_T_Regular_Male_Roughness.png remapped: res://assets/characters/enemies/SK_RaiderRed_T_Regular_Male_Roughness.png
Loading resource: res://.godot/imported/SK_RaiderRed_T_Regular_Male_Roughness.png-08d5f7ee259b4d05096eed386d798324.ctex remapped: res://.godot/imported/SK_RaiderRed_T_Regular_Male_Roughness.png-08d5f7ee259b4d05096eed386d798324.ctex
Completed load for: 'res://assets/characters/enemies/SK_RaiderRed_T_Regular_Male_Roughness.png' remapped 'res://assets/characters/enemies/SK_RaiderRed_T_Regular_Male_Roughness.png' at thread -1
Loading resource: res://assets/characters/enemies/SK_RaiderRed_T_Regular_Male_Normal.png remapped: res://assets/characters/enemies/SK_RaiderRed_T_Regular_Male_Normal.png
Loading resource: res://.godot/imported/SK_RaiderRed_T_Regular_Male_Normal.png-9b0f16ed5b0cb56eee11e5f1b8269b6f.ctex remapped: res://.godot/imported/SK_RaiderRed_T_Regular_Male_Normal.png-9b0f16ed5b0cb56eee11e5f1b8269b6f.ctex
Completed load for: 'res://assets/characters/enemies/SK_RaiderRed_T_Regular_Male_Normal.png' remapped 'res://assets/characters/enemies/SK_RaiderRed_T_Regular_Male_Normal.png' at thread -1
Completed load for: 'res://assets/characters/enemies/SK_RaiderRed.glb' remapped 'res://assets/characters/enemies/SK_RaiderRed.glb' at thread -1
Loading resource: res://assets/characters/hero/SK_TestRigAnim.glb remapped: res://assets/characters/hero/SK_TestRigAnim.glb
Loading resource: res://.godot/imported/SK_TestRigAnim.glb-e6f29f98a3ee65c5b937a4505735fbd8.scn remapped: res://.godot/imported/SK_TestRigAnim.glb-e6f29f98a3ee65c5b937a4505735fbd8.scn
Completed load for: 'res://assets/characters/hero/SK_TestRigAnim.glb' remapped 'res://assets/characters/hero/SK_TestRigAnim.glb' at thread -1
Loading resource: res://assets/characters/mount/SM_Mount_Steppe.glb remapped: res://assets/characters/mount/SM_Mount_Steppe.glb
Loading resource: res://.godot/imported/SM_Mount_Steppe.glb-94c0e38055380ec05153cd6fd86a590d.scn remapped: res://.godot/imported/SM_Mount_Steppe.glb-94c0e38055380ec05153cd6fd86a590d.scn
Completed load for: 'res://assets/characters/mount/SM_Mount_Steppe.glb' remapped 'res://assets/characters/mount/SM_Mount_Steppe.glb' at thread -1
Loading resource: res://assets/characters/parts/SM_UniversalHead.glb remapped: res://assets/characters/parts/SM_UniversalHead.glb
Loading resource: res://.godot/imported/SM_UniversalHead.glb-51c155e29c7f1ecdf87ac3528f335b98.scn remapped: res://.godot/imported/SM_UniversalHead.glb-51c155e29c7f1ecdf87ac3528f335b98.scn
Completed load for: 'res://assets/characters/parts/SM_UniversalHead.glb' remapped 'res://assets/characters/parts/SM_UniversalHead.glb' at thread -1
Loading resource: res://assets/environment/caves/SM_WaterfallCave.glb remapped: res://assets/environment/caves/SM_WaterfallCave.glb
Loading resource: res://.godot/imported/SM_WaterfallCave.glb-7904d1170b521d4e67f0b10164a9056d.scn remapped: res://.godot/imported/SM_WaterfallCave.glb-7904d1170b521d4e67f0b10164a9056d.scn
Completed load for: 'res://assets/environment/caves/SM_WaterfallCave.glb' remapped 'res://assets/environment/caves/SM_WaterfallCave.glb' at thread -1
Loading resource: res://assets/environment/caves/SM_WaterfallCave_r2a358.glb remapped: res://assets/environment/caves/SM_WaterfallCave_r2a358.glb
Loading resource: res://.godot/imported/SM_WaterfallCave_r2a358.glb-86b615ae468087d1f39c58e2641eacab.scn remapped: res://.godot/imported/SM_WaterfallCave_r2a358.glb-86b615ae468087d1f39c58e2641eacab.scn
Completed load for: 'res://assets/environment/caves/SM_WaterfallCave_r2a358.glb' remapped 'res://assets/environment/caves/SM_WaterfallCave_r2a358.glb' at thread -1
Loading resource: res://assets/environment/caves/prototypes/SM_CaveEnvelope_ProtoA.glb remapped: res://assets/environment/caves/prototypes/SM_CaveEnvelope_ProtoA.glb
Loading resource: res://.godot/imported/SM_CaveEnvelope_ProtoA.glb-e0957d01722ef5a80db2a1fcb2c04963.scn remapped: res://.godot/imported/SM_CaveEnvelope_ProtoA.glb-e0957d01722ef5a80db2a1fcb2c04963.scn
Completed load for: 'res://assets/environment/caves/prototypes/SM_CaveEnvelope_ProtoA.glb' remapped 'res://assets/environment/caves/prototypes/SM_CaveEnvelope_ProtoA.glb' at thread -1
Loading resource: res://assets/environment/caves/prototypes/SM_CaveEnvelope_ProtoB.glb remapped: res://assets/environment/caves/prototypes/SM_CaveEnvelope_ProtoB.glb
Loading resource: res://.godot/imported/SM_CaveEnvelope_ProtoB.glb-da0740d70d7e8ee7e3c61698d721db10.scn remapped: res://.godot/imported/SM_CaveEnvelope_ProtoB.glb-da0740d70d7e8ee7e3c61698d721db10.scn
Completed load for: 'res://assets/environment/caves/prototypes/SM_CaveEnvelope_ProtoB.glb' remapped 'res://assets/environment/caves/prototypes/SM_CaveEnvelope_ProtoB.glb' at thread -1
Loading resource: res://assets/environment/caves/prototypes/SM_CaveEnvelope_ProtoC.glb remapped: res://assets/environment/caves/prototypes/SM_CaveEnvelope_ProtoC.glb
Loading resource: res://.godot/imported/SM_CaveEnvelope_ProtoC.glb-b17dc2ec7acf42f9e71e82ce4a6cf123.scn remapped: res://.godot/imported/SM_CaveEnvelope_ProtoC.glb-b17dc2ec7acf42f9e71e82ce4a6cf123.scn
Completed load for: 'res://assets/environment/caves/prototypes/SM_CaveEnvelope_ProtoC.glb' remapped 'res://assets/environment/caves/prototypes/SM_CaveEnvelope_ProtoC.glb' at thread -1
Loading resource: res://assets/environment/cliffs/cliff_blockSlope_rock.glb remapped: res://assets/environment/cliffs/cliff_blockSlope_rock.glb
Loading resource: res://.godot/imported/cliff_blockSlope_rock.glb-4c75cab8a246f69235cc85a78d53e935.scn remapped: res://.godot/imported/cliff_blockSlope_rock.glb-4c75cab8a246f69235cc85a78d53e935.scn
Completed load for: 'res://assets/environment/cliffs/cliff_blockSlope_rock.glb' remapped 'res://assets/environment/cliffs/cliff_blockSlope_rock.glb' at thread -1
Loading resource: res://assets/environment/cliffs/cliff_cornerLarge_rock.glb remapped: res://assets/environment/cliffs/cliff_cornerLarge_rock.glb
Loading resource: res://.godot/imported/cliff_cornerLarge_rock.glb-741c9e6b0409f121b3cf86486d27b9d4.scn remapped: res://.godot/imported/cliff_cornerLarge_rock.glb-741c9e6b0409f121b3cf86486d27b9d4.scn
Completed load for: 'res://assets/environment/cliffs/cliff_cornerLarge_rock.glb' remapped 'res://assets/environment/cliffs/cliff_cornerLarge_rock.glb' at thread -1
Loading resource: res://assets/environment/cliffs/cliff_corner_rock.glb remapped: res://assets/environment/cliffs/cliff_corner_rock.glb
Loading resource: res://.godot/imported/cliff_corner_rock.glb-0862d4806228f40e74ac6d6b7d8aeb24.scn remapped: res://.godot/imported/cliff_corner_rock.glb-0862d4806228f40e74ac6d6b7d8aeb24.scn
Completed load for: 'res://assets/environment/cliffs/cliff_corner_rock.glb' remapped 'res://assets/environment/cliffs/cliff_corner_rock.glb' at thread -1
Loading resource: res://assets/environment/cliffs/cliff_half_rock.glb remapped: res://assets/environment/cliffs/cliff_half_rock.glb
Loading resource: res://.godot/imported/cliff_half_rock.glb-c3b0db6ce9a647bc88ef2ddf350aaa32.scn remapped: res://.godot/imported/cliff_half_rock.glb-c3b0db6ce9a647bc88ef2ddf350aaa32.scn
Completed load for: 'res://assets/environment/cliffs/cliff_half_rock.glb' remapped 'res://assets/environment/cliffs/cliff_half_rock.glb' at thread -1
Loading resource: res://assets/environment/cliffs/cliff_large_rock.glb remapped: res://assets/environment/cliffs/cliff_large_rock.glb
Loading resource: res://.godot/imported/cliff_large_rock.glb-fbd414148c8ace8e74b1e2e54c8b91e9.scn remapped: res://.godot/imported/cliff_large_rock.glb-fbd414148c8ace8e74b1e2e54c8b91e9.scn
Completed load for: 'res://assets/environment/cliffs/cliff_large_rock.glb' remapped 'res://assets/environment/cliffs/cliff_large_rock.glb' at thread -1
Loading resource: res://assets/environment/cliffs/rock_largeA.glb remapped: res://assets/environment/cliffs/rock_largeA.glb
Loading resource: res://.godot/imported/rock_largeA.glb-7aa2e5fcd57fd93bff35ecdfa7b0efca.scn remapped: res://.godot/imported/rock_largeA.glb-7aa2e5fcd57fd93bff35ecdfa7b0efca.scn
Completed load for: 'res://assets/environment/cliffs/rock_largeA.glb' remapped 'res://assets/environment/cliffs/rock_largeA.glb' at thread -1
Loading resource: res://assets/environment/cliffs/rock_largeC.glb remapped: res://assets/environment/cliffs/rock_largeC.glb
Loading resource: res://.godot/imported/rock_largeC.glb-09d65d7602fc32c27f479ee4c79d9a9a.scn remapped: res://.godot/imported/rock_largeC.glb-09d65d7602fc32c27f479ee4c79d9a9a.scn
Completed load for: 'res://assets/environment/cliffs/rock_largeC.glb' remapped 'res://assets/environment/cliffs/rock_largeC.glb' at thread -1
Loading resource: res://assets/environment/cliffs/rock_smallB.glb remapped: res://assets/environment/cliffs/rock_smallB.glb
Loading resource: res://.godot/imported/rock_smallB.glb-4e63f0be5db1c8689c1bd2003e44e70f.scn remapped: res://.godot/imported/rock_smallB.glb-4e63f0be5db1c8689c1bd2003e44e70f.scn
Completed load for: 'res://assets/environment/cliffs/rock_smallB.glb' remapped 'res://assets/environment/cliffs/rock_smallB.glb' at thread -1
Loading resource: res://assets/environment/dungeon/SM_Dungeon_ArchBlock.glb remapped: res://assets/environment/dungeon/SM_Dungeon_ArchBlock.glb
Loading resource: res://.godot/imported/SM_Dungeon_ArchBlock.glb-704eeaeb692d7a2fe00ecd4e4448fbd2.scn remapped: res://.godot/imported/SM_Dungeon_ArchBlock.glb-704eeaeb692d7a2fe00ecd4e4448fbd2.scn
Loading resource: res://assets/environment/dungeon/Textures/colormap_castle.png remapped: res://assets/environment/dungeon/Textures/colormap_castle.png
Loading resource: res://.godot/imported/colormap_castle.png-87dfde37345821991b292c6e1d29a8f0.ctex remapped: res://.godot/imported/colormap_castle.png-87dfde37345821991b292c6e1d29a8f0.ctex
Completed load for: 'res://assets/environment/dungeon/Textures/colormap_castle.png' remapped 'res://assets/environment/dungeon/Textures/colormap_castle.png' at thread -1
Completed load for: 'res://assets/environment/dungeon/SM_Dungeon_ArchBlock.glb' remapped 'res://assets/environment/dungeon/SM_Dungeon_ArchBlock.glb' at thread -1
Loading resource: res://assets/environment/dungeon/SM_Dungeon_Banner.glb remapped: res://assets/environment/dungeon/SM_Dungeon_Banner.glb
Loading resource: res://.godot/imported/SM_Dungeon_Banner.glb-a8d87b2f8b7d1d9984e3a5515bd1db9f.scn remapped: res://.godot/imported/SM_Dungeon_Banner.glb-a8d87b2f8b7d1d9984e3a5515bd1db9f.scn
Completed load for: 'res://assets/environment/dungeon/SM_Dungeon_Banner.glb' remapped 'res://assets/environment/dungeon/SM_Dungeon_Banner.glb' at thread -1
Loading resource: res://assets/environment/dungeon/SM_Dungeon_CaveArch.glb remapped: res://assets/environment/dungeon/SM_Dungeon_CaveArch.glb
Loading resource: res://.godot/imported/SM_Dungeon_CaveArch.glb-8486f79b2971e80c297d174193703044.scn remapped: res://.godot/imported/SM_Dungeon_CaveArch.glb-8486f79b2971e80c297d174193703044.scn
Loading resource: res://assets/environment/dungeon/Textures/colormap_cave.png remapped: res://assets/environment/dungeon/Textures/colormap_cave.png
Loading resource: res://.godot/imported/colormap_cave.png-9d16898885add2415cc8b34c21b9e81d.ctex remapped: res://.godot/imported/colormap_cave.png-9d16898885add2415cc8b34c21b9e81d.ctex
Completed load for: 'res://assets/environment/dungeon/Textures/colormap_cave.png' remapped 'res://assets/environment/dungeon/Textures/colormap_cave.png' at thread -1
Completed load for: 'res://assets/environment/dungeon/SM_Dungeon_CaveArch.glb' remapped 'res://assets/environment/dungeon/SM_Dungeon_CaveArch.glb' at thread -1
Loading resource: res://assets/environment/dungeon/SM_Dungeon_CaveRock.glb remapped: res://assets/environment/dungeon/SM_Dungeon_CaveRock.glb
Loading resource: res://.godot/imported/SM_Dungeon_CaveRock.glb-be391fa8e818c71d778a14cb4c1528be.scn remapped: res://.godot/imported/SM_Dungeon_CaveRock.glb-be391fa8e818c71d778a14cb4c1528be.scn
Completed load for: 'res://assets/environment/dungeon/SM_Dungeon_CaveRock.glb' remapped 'res://assets/environment/dungeon/SM_Dungeon_CaveRock.glb' at thread -1
Loading resource: res://assets/environment/dungeon/SM_Dungeon_CaveWall.glb remapped: res://assets/environment/dungeon/SM_Dungeon_CaveWall.glb
Loading resource: res://.godot/imported/SM_Dungeon_CaveWall.glb-c742da724c31b6c0954230e80d6220c8.scn remapped: res://.godot/imported/SM_Dungeon_CaveWall.glb-c742da724c31b6c0954230e80d6220c8.scn
Completed load for: 'res://assets/environment/dungeon/SM_Dungeon_CaveWall.glb' remapped 'res://assets/environment/dungeon/SM_Dungeon_CaveWall.glb' at thread -1
Loading resource: res://assets/environment/dungeon/SM_Dungeon_CaveWallHalf.glb remapped: res://assets/environment/dungeon/SM_Dungeon_CaveWallHalf.glb
Loading resource: res://.godot/imported/SM_Dungeon_CaveWallHalf.glb-ec7924ebaf3a67abc5a2884613404076.scn remapped: res://.godot/imported/SM_Dungeon_CaveWallHalf.glb-ec7924ebaf3a67abc5a2884613404076.scn
Completed load for: 'res://assets/environment/dungeon/SM_Dungeon_CaveWallHalf.glb' remapped 'res://assets/environment/dungeon/SM_Dungeon_CaveWallHalf.glb' at thread -1
Loading resource: res://assets/environment/dungeon/SM_Dungeon_CaveWallTop.glb remapped: res://assets/environment/dungeon/SM_Dungeon_CaveWallTop.glb
Loading resource: res://.godot/imported/SM_Dungeon_CaveWallTop.glb-cb587c86281fdc5b70cc416d1405d0cf.scn remapped: res://.godot/imported/SM_Dungeon_CaveWallTop.glb-cb587c86281fdc5b70cc416d1405d0cf.scn
Completed load for: 'res://assets/environment/dungeon/SM_Dungeon_CaveWallTop.glb' remapped 'res://assets/environment/dungeon/SM_Dungeon_CaveWallTop.glb' at thread -1
Loading resource: res://assets/environment/dungeon/SM_Dungeon_PillarStub.glb remapped: res://assets/environment/dungeon/SM_Dungeon_PillarStub.glb
Loading resource: res://.godot/imported/SM_Dungeon_PillarStub.glb-b6fccfec8a3f758c06b400158856e546.scn remapped: res://.godot/imported/SM_Dungeon_PillarStub.glb-b6fccfec8a3f758c06b400158856e546.scn
Loading resource: res://assets/environment/dungeon/Textures/colormap_castle.png remapped: res://assets/environment/dungeon/Textures/colormap_castle.png
Loading resource: res://.godot/imported/colormap_castle.png-87dfde37345821991b292c6e1d29a8f0.ctex remapped: res://.godot/imported/colormap_castle.png-87dfde37345821991b292c6e1d29a8f0.ctex
Completed load for: 'res://assets/environment/dungeon/Textures/colormap_castle.png' remapped 'res://assets/environment/dungeon/Textures/colormap_castle.png' at thread -1
Completed load for: 'res://assets/environment/dungeon/SM_Dungeon_PillarStub.glb' remapped 'res://assets/environment/dungeon/SM_Dungeon_PillarStub.glb' at thread -1
Loading resource: res://assets/environment/dungeon/SM_Dungeon_RubbleLarge.glb remapped: res://assets/environment/dungeon/SM_Dungeon_RubbleLarge.glb
Loading resource: res://.godot/imported/SM_Dungeon_RubbleLarge.glb-93ded673f9a74e2109774aaaaf57d004.scn remapped: res://.godot/imported/SM_Dungeon_RubbleLarge.glb-93ded673f9a74e2109774aaaaf57d004.scn
Completed load for: 'res://assets/environment/dungeon/SM_Dungeon_RubbleLarge.glb' remapped 'res://assets/environment/dungeon/SM_Dungeon_RubbleLarge.glb' at thread -1
Loading resource: res://assets/environment/dungeon/SM_Dungeon_RubbleSmall.glb remapped: res://assets/environment/dungeon/SM_Dungeon_RubbleSmall.glb
Loading resource: res://.godot/imported/SM_Dungeon_RubbleSmall.glb-39de03bcc5a230d74c0e4c6365b52648.scn remapped: res://.godot/imported/SM_Dungeon_RubbleSmall.glb-39de03bcc5a230d74c0e4c6365b52648.scn
Completed load for: 'res://assets/environment/dungeon/SM_Dungeon_RubbleSmall.glb' remapped 'res://assets/environment/dungeon/SM_Dungeon_RubbleSmall.glb' at thread -1
Loading resource: res://assets/environment/props/SM_TestCube.glb remapped: res://assets/environment/props/SM_TestCube.glb
Loading resource: res://.godot/imported/SM_TestCube.glb-9d3c9387804eb8f95fe440b668eed219.scn remapped: res://.godot/imported/SM_TestCube.glb-9d3c9387804eb8f95fe440b668eed219.scn
Completed load for: 'res://assets/environment/props/SM_TestCube.glb' remapped 'res://assets/environment/props/SM_TestCube.glb' at thread -1
Loading resource: res://assets/weapons/SM_ConductiveBlade.glb remapped: res://assets/weapons/SM_ConductiveBlade.glb
Loading resource: res://.godot/imported/SM_ConductiveBlade.glb-76cc1456b03219f13d77dabf172ee11b.scn remapped: res://.godot/imported/SM_ConductiveBlade.glb-76cc1456b03219f13d77dabf172ee11b.scn
Completed load for: 'res://assets/weapons/SM_ConductiveBlade.glb' remapped 'res://assets/weapons/SM_ConductiveBlade.glb' at thread -1
Loading resource: res://assets/weapons/SM_HeavyAxe.glb remapped: res://assets/weapons/SM_HeavyAxe.glb
Loading resource: res://.godot/imported/SM_HeavyAxe.glb-c1c0d22954be3f59030456bed74278a6.scn remapped: res://.godot/imported/SM_HeavyAxe.glb-c1c0d22954be3f59030456bed74278a6.scn
Completed load for: 'res://assets/weapons/SM_HeavyAxe.glb' remapped 'res://assets/weapons/SM_HeavyAxe.glb' at thread -1
Loading resource: res://assets/weapons/SM_SimpleBow.glb remapped: res://assets/weapons/SM_SimpleBow.glb
Loading resource: res://.godot/imported/SM_SimpleBow.glb-89f1e4f65958a941565ca10e8a3eb07b.scn remapped: res://.godot/imported/SM_SimpleBow.glb-89f1e4f65958a941565ca10e8a3eb07b.scn
Completed load for: 'res://assets/weapons/SM_SimpleBow.glb' remapped 'res://assets/weapons/SM_SimpleBow.glb' at thread -1
Loading resource: res://assets/weapons/SM_Spear.glb remapped: res://assets/weapons/SM_Spear.glb
Loading resource: res://.godot/imported/SM_Spear.glb-dcd0671bbc6347523dfdb8230fce58ee.scn remapped: res://.godot/imported/SM_Spear.glb-dcd0671bbc6347523dfdb8230fce58ee.scn
Completed load for: 'res://assets/weapons/SM_Spear.glb' remapped 'res://assets/weapons/SM_Spear.glb' at thread -1
Loading resource: res://assets/weapons/SM_WoodClub.glb remapped: res://assets/weapons/SM_WoodClub.glb
Loading resource: res://.godot/imported/SM_WoodClub.glb-137c5702af02eeb9b311ef60b8616688.scn remapped: res://.godot/imported/SM_WoodClub.glb-137c5702af02eeb9b311ef60b8616688.scn
Completed load for: 'res://assets/weapons/SM_WoodClub.glb' remapped 'res://assets/weapons/SM_WoodClub.glb' at thread -1
Loading resource: res://assets/weapons/SM_WornSword.glb remapped: res://assets/weapons/SM_WornSword.glb
Loading resource: res://.godot/imported/SM_WornSword.glb-814a3a31326f2e3ca85a843f56aab4bd.scn remapped: res://.godot/imported/SM_WornSword.glb-814a3a31326f2e3ca85a843f56aab4bd.scn
Loading resource: res://assets/weapons/SM_WornSword_T_WornSword_BaseColor.png remapped: res://assets/weapons/SM_WornSword_T_WornSword_BaseColor.png
Loading resource: res://.godot/imported/SM_WornSword_T_WornSword_BaseColor.png-0427044e693951a7121d0da0b2ab43d0.ctex remapped: res://.godot/imported/SM_WornSword_T_WornSword_BaseColor.png-0427044e693951a7121d0da0b2ab43d0.ctex
Completed load for: 'res://assets/weapons/SM_WornSword_T_WornSword_BaseColor.png' remapped 'res://assets/weapons/SM_WornSword_T_WornSword_BaseColor.png' at thread -1
Loading resource: res://assets/weapons/SM_WornSword_T_WornSword_MR.png remapped: res://assets/weapons/SM_WornSword_T_WornSword_MR.png
Loading resource: res://.godot/imported/SM_WornSword_T_WornSword_MR.png-1440ba0f976f8c25b8a151bc187dd279.ctex remapped: res://.godot/imported/SM_WornSword_T_WornSword_MR.png-1440ba0f976f8c25b8a151bc187dd279.ctex
Completed load for: 'res://assets/weapons/SM_WornSword_T_WornSword_MR.png' remapped 'res://assets/weapons/SM_WornSword_T_WornSword_MR.png' at thread -1
Loading resource: res://assets/weapons/SM_WornSword_T_WornSword_Normal.png remapped: res://assets/weapons/SM_WornSword_T_WornSword_Normal.png
Loading resource: res://.godot/imported/SM_WornSword_T_WornSword_Normal.png-dc0e4d8cb2ae4ddfe8c7a89fc288e134.ctex remapped: res://.godot/imported/SM_WornSword_T_WornSword_Normal.png-dc0e4d8cb2ae4ddfe8c7a89fc288e134.ctex
Completed load for: 'res://assets/weapons/SM_WornSword_T_WornSword_Normal.png' remapped 'res://assets/weapons/SM_WornSword_T_WornSword_Normal.png' at thread -1
Completed load for: 'res://assets/weapons/SM_WornSword.glb' remapped 'res://assets/weapons/SM_WornSword.glb' at thread -1
Loading resource: res://scenes/boot/Boot.tscn remapped: res://scenes/boot/Boot.tscn
Loading resource: res://scripts/core/boot.gd remapped: res://scripts/core/boot.gd
Completed load for: 'res://scripts/core/boot.gd' remapped 'res://scripts/core/boot.gd' at thread -1
Completed load for: 'res://scenes/boot/Boot.tscn' remapped 'res://scenes/boot/Boot.tscn' at thread -1
Loading resource: res://scenes/boss/BossArena.tscn remapped: res://scenes/boss/BossArena.tscn
Loading resource: res://scripts/boss/boss_arena.gd remapped: res://scripts/boss/boss_arena.gd
Completed load for: 'res://scripts/boss/boss_arena.gd' remapped 'res://scripts/boss/boss_arena.gd' at thread -1
Loading resource: res://scenes/player/Player.tscn remapped: res://scenes/player/Player.tscn
Loading resource: res://resources/tuning/locomotion_default.tres remapped: res://resources/tuning/locomotion_default.tres
Completed load for: 'res://resources/tuning/locomotion_default.tres' remapped 'res://resources/tuning/locomotion_default.tres' at thread -1
Loading resource: res://resources/tuning/stamina_default.tres remapped: res://resources/tuning/stamina_default.tres
Completed load for: 'res://resources/tuning/stamina_default.tres' remapped 'res://resources/tuning/stamina_default.tres' at thread -1
Loading resource: res://resources/tuning/climb_default.tres remapped: res://resources/tuning/climb_default.tres
Completed load for: 'res://resources/tuning/climb_default.tres' remapped 'res://resources/tuning/climb_default.tres' at thread -1
Loading resource: res://resources/combat/sword/light_1.tres remapped: res://resources/combat/sword/light_1.tres
Completed load for: 'res://resources/combat/sword/light_1.tres' remapped 'res://resources/combat/sword/light_1.tres' at thread -1
Loading resource: res://resources/combat/sword/light_2.tres remapped: res://resources/combat/sword/light_2.tres
Completed load for: 'res://resources/combat/sword/light_2.tres' remapped 'res://resources/combat/sword/light_2.tres' at thread -1
Loading resource: res://resources/combat/sword/light_3.tres remapped: res://resources/combat/sword/light_3.tres
Completed load for: 'res://resources/combat/sword/light_3.tres' remapped 'res://resources/combat/sword/light_3.tres' at thread -1
Loading resource: res://resources/combat/dodge_default.tres remapped: res://resources/combat/dodge_default.tres
Completed load for: 'res://resources/combat/dodge_default.tres' remapped 'res://resources/combat/dodge_default.tres' at thread -1
Loading resource: res://resources/combat/hurt_default.tres remapped: res://resources/combat/hurt_default.tres
Completed load for: 'res://resources/combat/hurt_default.tres' remapped 'res://resources/combat/hurt_default.tres' at thread -1
Loading resource: res://resources/combat/guard_default.tres remapped: res://resources/combat/guard_default.tres
Completed load for: 'res://resources/combat/guard_default.tres' remapped 'res://resources/combat/guard_default.tres' at thread -1
Loading resource: res://resources/combat/bow_default.tres remapped: res://resources/combat/bow_default.tres
Completed load for: 'res://resources/combat/bow_default.tres' remapped 'res://resources/combat/bow_default.tres' at thread -1
Loading resource: res://resources/combat/sword/heavy_1.tres remapped: res://resources/combat/sword/heavy_1.tres
Completed load for: 'res://resources/combat/sword/heavy_1.tres' remapped 'res://resources/combat/sword/heavy_1.tres' at thread -1
Loading resource: res://resources/weapons/worn_sword.tres remapped: res://resources/weapons/worn_sword.tres
Loading resource: res://scenes/weapons/WornSword.tscn remapped: res://scenes/weapons/WornSword.tscn
Loading resource: res://scripts/combat/weapon_model.gd remapped: res://scripts/combat/weapon_model.gd
Completed load for: 'res://scripts/combat/weapon_model.gd' remapped 'res://scripts/combat/weapon_model.gd' at thread -1
Loading resource: res://assets/weapons/SM_WornSword.glb remapped: res://assets/weapons/SM_WornSword.glb
Loading resource: res://.godot/imported/SM_WornSword.glb-814a3a31326f2e3ca85a843f56aab4bd.scn remapped: res://.godot/imported/SM_WornSword.glb-814a3a31326f2e3ca85a843f56aab4bd.scn
Loading resource: res://assets/weapons/SM_WornSword_T_WornSword_BaseColor.png remapped: res://assets/weapons/SM_WornSword_T_WornSword_BaseColor.png
Loading resource: res://.godot/imported/SM_WornSword_T_WornSword_BaseColor.png-0427044e693951a7121d0da0b2ab43d0.ctex remapped: res://.godot/imported/SM_WornSword_T_WornSword_BaseColor.png-0427044e693951a7121d0da0b2ab43d0.ctex
Completed load for: 'res://assets/weapons/SM_WornSword_T_WornSword_BaseColor.png' remapped 'res://assets/weapons/SM_WornSword_T_WornSword_BaseColor.png' at thread -1
Loading resource: res://assets/weapons/SM_WornSword_T_WornSword_MR.png remapped: res://assets/weapons/SM_WornSword_T_WornSword_MR.png
Loading resource: res://.godot/imported/SM_WornSword_T_WornSword_MR.png-1440ba0f976f8c25b8a151bc187dd279.ctex remapped: res://.godot/imported/SM_WornSword_T_WornSword_MR.png-1440ba0f976f8c25b8a151bc187dd279.ctex
Completed load for: 'res://assets/weapons/SM_WornSword_T_WornSword_MR.png' remapped 'res://assets/weapons/SM_WornSword_T_WornSword_MR.png' at thread -1
Loading resource: res://assets/weapons/SM_WornSword_T_WornSword_Normal.png remapped: res://assets/weapons/SM_WornSword_T_WornSword_Normal.png
Loading resource: res://.godot/imported/SM_WornSword_T_WornSword_Normal.png-dc0e4d8cb2ae4ddfe8c7a89fc288e134.ctex remapped: res://.godot/imported/SM_WornSword_T_WornSword_Normal.png-dc0e4d8cb2ae4ddfe8c7a89fc288e134.ctex
Completed load for: 'res://assets/weapons/SM_WornSword_T_WornSword_Normal.png' remapped 'res://assets/weapons/SM_WornSword_T_WornSword_Normal.png' at thread -1
Completed load for: 'res://assets/weapons/SM_WornSword.glb' remapped 'res://assets/weapons/SM_WornSword.glb' at thread -1
Completed load for: 'res://scenes/weapons/WornSword.tscn' remapped 'res://scenes/weapons/WornSword.tscn' at thread -1
Loading resource: res://assets/weapons/T_WornSword_Icon.png remapped: res://assets/weapons/T_WornSword_Icon.png
Loading resource: res://.godot/imported/T_WornSword_Icon.png-fb073e1d43aabd302aa1a0e7b62f9817.ctex remapped: res://.godot/imported/T_WornSword_Icon.png-fb073e1d43aabd302aa1a0e7b62f9817.ctex
Completed load for: 'res://assets/weapons/T_WornSword_Icon.png' remapped 'res://assets/weapons/T_WornSword_Icon.png' at thread -1
Completed load for: 'res://resources/weapons/worn_sword.tres' remapped 'res://resources/weapons/worn_sword.tres' at thread -1
Loading resource: res://resources/characters/hero_anim_set.tres remapped: res://resources/characters/hero_anim_set.tres
Completed load for: 'res://resources/characters/hero_anim_set.tres' remapped 'res://resources/characters/hero_anim_set.tres' at thread -1
Loading resource: res://scripts/player/player_visual_driver.gd remapped: res://scripts/player/player_visual_driver.gd
Completed load for: 'res://scripts/player/player_visual_driver.gd' remapped 'res://scripts/player/player_visual_driver.gd' at thread -1
Completed load for: 'res://scenes/player/Player.tscn' remapped 'res://scenes/player/Player.tscn' at thread -1
Loading resource: res://scenes/ui/GameplayShell.tscn remapped: res://scenes/ui/GameplayShell.tscn
Loading resource: res://scripts/ui/gameplay_shell.gd remapped: res://scripts/ui/gameplay_shell.gd
Completed load for: 'res://scripts/ui/gameplay_shell.gd' remapped 'res://scripts/ui/gameplay_shell.gd' at thread -1
Completed load for: 'res://scenes/ui/GameplayShell.tscn' remapped 'res://scenes/ui/GameplayShell.tscn' at thread -1
Completed load for: 'res://scenes/boss/BossArena.tscn' remapped 'res://scenes/boss/BossArena.tscn' at thread -1
Loading resource: res://scenes/boss/GuardianVisual.tscn remapped: res://scenes/boss/GuardianVisual.tscn
Loading resource: res://assets/characters/boss/SK_StormGuardian.glb remapped: res://assets/characters/boss/SK_StormGuardian.glb
Loading resource: res://.godot/imported/SK_StormGuardian.glb-14d92936382ceb065095dc79de96dbc2.scn remapped: res://.godot/imported/SK_StormGuardian.glb-14d92936382ceb065095dc79de96dbc2.scn
Loading resource: res://assets/characters/boss/SK_StormGuardian_T_Guardian_BaseColor.png remapped: res://assets/characters/boss/SK_StormGuardian_T_Guardian_BaseColor.png
Loading resource: res://.godot/imported/SK_StormGuardian_T_Guardian_BaseColor.png-8e4e43c88e57cc384323e1c926794936.ctex remapped: res://.godot/imported/SK_StormGuardian_T_Guardian_BaseColor.png-8e4e43c88e57cc384323e1c926794936.ctex
Completed load for: 'res://assets/characters/boss/SK_StormGuardian_T_Guardian_BaseColor.png' remapped 'res://assets/characters/boss/SK_StormGuardian_T_Guardian_BaseColor.png' at thread -1
Loading resource: res://assets/characters/boss/SK_StormGuardian_T_Guardian_MR.png remapped: res://assets/characters/boss/SK_StormGuardian_T_Guardian_MR.png
Loading resource: res://.godot/imported/SK_StormGuardian_T_Guardian_MR.png-ea27c1dad9c34afb4665c418c85cd6bc.ctex remapped: res://.godot/imported/SK_StormGuardian_T_Guardian_MR.png-ea27c1dad9c34afb4665c418c85cd6bc.ctex
Completed load for: 'res://assets/characters/boss/SK_StormGuardian_T_Guardian_MR.png' remapped 'res://assets/characters/boss/SK_StormGuardian_T_Guardian_MR.png' at thread -1
Completed load for: 'res://assets/characters/boss/SK_StormGuardian.glb' remapped 'res://assets/characters/boss/SK_StormGuardian.glb' at thread -1
Completed load for: 'res://scenes/boss/GuardianVisual.tscn' remapped 'res://scenes/boss/GuardianVisual.tscn' at thread -1
Loading resource: res://scenes/boss/StormGuardian.tscn remapped: res://scenes/boss/StormGuardian.tscn
Loading resource: res://resources/combat/boss/guardian_swipe.tres remapped: res://resources/combat/boss/guardian_swipe.tres
Completed load for: 'res://resources/combat/boss/guardian_swipe.tres' remapped 'res://resources/combat/boss/guardian_swipe.tres' at thread -1
Loading resource: res://resources/combat/boss/guardian_slam.tres remapped: res://resources/combat/boss/guardian_slam.tres
Completed load for: 'res://resources/combat/boss/guardian_slam.tres' remapped 'res://resources/combat/boss/guardian_slam.tres' at thread -1
Loading resource: res://resources/combat/boss/guardian_arc.tres remapped: res://resources/combat/boss/guardian_arc.tres
Completed load for: 'res://resources/combat/boss/guardian_arc.tres' remapped 'res://resources/combat/boss/guardian_arc.tres' at thread -1
Completed load for: 'res://scenes/boss/StormGuardian.tscn' remapped 'res://scenes/boss/StormGuardian.tscn' at thread -1
Loading resource: res://scenes/characters/CentaurHunterVisual.tscn remapped: res://scenes/characters/CentaurHunterVisual.tscn
Loading resource: res://assets/characters/creatures/SK_CentaurHunter.glb remapped: res://assets/characters/creatures/SK_CentaurHunter.glb
Loading resource: res://.godot/imported/SK_CentaurHunter.glb-60c5fb4003093a06d24ec089b4e04746.scn remapped: res://.godot/imported/SK_CentaurHunter.glb-60c5fb4003093a06d24ec089b4e04746.scn
Completed load for: 'res://assets/characters/creatures/SK_CentaurHunter.glb' remapped 'res://assets/characters/creatures/SK_CentaurHunter.glb' at thread -1
Completed load for: 'res://scenes/characters/CentaurHunterVisual.tscn' remapped 'res://scenes/characters/CentaurHunterVisual.tscn' at thread -1
Loading resource: res://scenes/characters/HeroVisual.tscn remapped: res://scenes/characters/HeroVisual.tscn
Loading resource: res://scripts/characters/character_model_sockets.gd remapped: res://scripts/characters/character_model_sockets.gd
Completed load for: 'res://scripts/characters/character_model_sockets.gd' remapped 'res://scripts/characters/character_model_sockets.gd' at thread -1
Loading resource: res://assets/characters/hero/Male_Ranger.gltf remapped: res://assets/characters/hero/Male_Ranger.gltf
Loading resource: res://.godot/imported/Male_Ranger.gltf-1988cc0386b6a6fbd9e2bd7d5dd902a2.scn remapped: res://.godot/imported/Male_Ranger.gltf-1988cc0386b6a6fbd9e2bd7d5dd902a2.scn
Loading resource: res://assets/characters/hero/T_Ranger_BaseColor.png remapped: res://assets/characters/hero/T_Ranger_BaseColor.png
Loading resource: res://.godot/imported/T_Ranger_BaseColor.png-7e184b583aeb10ced1c0ceb85ce180c6.ctex remapped: res://.godot/imported/T_Ranger_BaseColor.png-7e184b583aeb10ced1c0ceb85ce180c6.ctex
Completed load for: 'res://assets/characters/hero/T_Ranger_BaseColor.png' remapped 'res://assets/characters/hero/T_Ranger_BaseColor.png' at thread -1
Loading resource: res://assets/characters/hero/T_Ranger_ORM.png remapped: res://assets/characters/hero/T_Ranger_ORM.png
Loading resource: res://.godot/imported/T_Ranger_ORM.png-39ed15077ad028a49f0ce09ec83551af.ctex remapped: res://.godot/imported/T_Ranger_ORM.png-39ed15077ad028a49f0ce09ec83551af.ctex
Completed load for: 'res://assets/characters/hero/T_Ranger_ORM.png' remapped 'res://assets/characters/hero/T_Ranger_ORM.png' at thread -1
Loading resource: res://assets/characters/hero/T_Ranger_Normal.png remapped: res://assets/characters/hero/T_Ranger_Normal.png
Loading resource: res://.godot/imported/T_Ranger_Normal.png-71ed4916a346d45f95c3a47903a5f3d7.ctex remapped: res://.godot/imported/T_Ranger_Normal.png-71ed4916a346d45f95c3a47903a5f3d7.ctex
Completed load for: 'res://assets/characters/hero/T_Ranger_Normal.png' remapped 'res://assets/characters/hero/T_Ranger_Normal.png' at thread -1
Loading resource: res://assets/characters/hero/T_Regular_Male_Dark_BaseColor.png remapped: res://assets/characters/hero/T_Regular_Male_Dark_BaseColor.png
Loading resource: res://.godot/imported/T_Regular_Male_Dark_BaseColor.png-c068b5aa77f99efce21ca8253c7e22c6.ctex remapped: res://.godot/imported/T_Regular_Male_Dark_BaseColor.png-c068b5aa77f99efce21ca8253c7e22c6.ctex
Completed load for: 'res://assets/characters/hero/T_Regular_Male_Dark_BaseColor.png' remapped 'res://assets/characters/hero/T_Regular_Male_Dark_BaseColor.png' at thread -1
Loading resource: res://assets/characters/hero/T_Regular_Male_Roughness.png remapped: res://assets/characters/hero/T_Regular_Male_Roughness.png
Loading resource: res://.godot/imported/T_Regular_Male_Roughness.png-104013e2a9bf8530bd9767e12b33b08c.ctex remapped: res://.godot/imported/T_Regular_Male_Roughness.png-104013e2a9bf8530bd9767e12b33b08c.ctex
Completed load for: 'res://assets/characters/hero/T_Regular_Male_Roughness.png' remapped 'res://assets/characters/hero/T_Regular_Male_Roughness.png' at thread -1
Loading resource: res://assets/characters/hero/T_Regular_Male_Normal.png remapped: res://assets/characters/hero/T_Regular_Male_Normal.png
Loading resource: res://.godot/imported/T_Regular_Male_Normal.png-2d587bb30c583dbeb5cb4d66da387831.ctex remapped: res://.godot/imported/T_Regular_Male_Normal.png-2d587bb30c583dbeb5cb4d66da387831.ctex
Completed load for: 'res://assets/characters/hero/T_Regular_Male_Normal.png' remapped 'res://assets/characters/hero/T_Regular_Male_Normal.png' at thread -1
Completed load for: 'res://assets/characters/hero/Male_Ranger.gltf' remapped 'res://assets/characters/hero/Male_Ranger.gltf' at thread -1
Loading resource: res://assets/animations/AL_HeroStates.res remapped: res://assets/animations/AL_HeroStates.res
Completed load for: 'res://assets/animations/AL_HeroStates.res' remapped 'res://assets/animations/AL_HeroStates.res' at thread -1
Loading resource: res://assets/characters/hero/T_Ranger_Hero_BaseColor.png remapped: res://assets/characters/hero/T_Ranger_Hero_BaseColor.png
Loading resource: res://.godot/imported/T_Ranger_Hero_BaseColor.png-d2c56ecc36588668edf1928e67f09f92.ctex remapped: res://.godot/imported/T_Ranger_Hero_BaseColor.png-d2c56ecc36588668edf1928e67f09f92.ctex
Completed load for: 'res://assets/characters/hero/T_Ranger_Hero_BaseColor.png' remapped 'res://assets/characters/hero/T_Ranger_Hero_BaseColor.png' at thread -1
Loading resource: res://assets/characters/parts/SM_UniversalHead.glb remapped: res://assets/characters/parts/SM_UniversalHead.glb
Loading resource: res://.godot/imported/SM_UniversalHead.glb-51c155e29c7f1ecdf87ac3528f335b98.scn remapped: res://.godot/imported/SM_UniversalHead.glb-51c155e29c7f1ecdf87ac3528f335b98.scn
Completed load for: 'res://assets/characters/parts/SM_UniversalHead.glb' remapped 'res://assets/characters/parts/SM_UniversalHead.glb' at thread -1
Loading resource: res://assets/characters/parts/T_Superhero_Male_Dark.png remapped: res://assets/characters/parts/T_Superhero_Male_Dark.png
Loading resource: res://.godot/imported/T_Superhero_Male_Dark.png-d7ce9891970fc6fdceb46d78b25ed2b3.ctex remapped: res://.godot/imported/T_Superhero_Male_Dark.png-d7ce9891970fc6fdceb46d78b25ed2b3.ctex
Completed load for: 'res://assets/characters/parts/T_Superhero_Male_Dark.png' remapped 'res://assets/characters/parts/T_Superhero_Male_Dark.png' at thread -1
Completed load for: 'res://scenes/characters/HeroVisual.tscn' remapped 'res://scenes/characters/HeroVisual.tscn' at thread -1
Loading resource: res://scenes/characters/RaiderBlackVisual.tscn remapped: res://scenes/characters/RaiderBlackVisual.tscn
Loading resource: res://assets/characters/enemies/SK_RaiderBlack.glb remapped: res://assets/characters/enemies/SK_RaiderBlack.glb
Loading resource: res://.godot/imported/SK_RaiderBlack.glb-9bb007b39d8535cde07f27b89a1a21f7.scn remapped: res://.godot/imported/SK_RaiderBlack.glb-9bb007b39d8535cde07f27b89a1a21f7.scn
Loading resource: res://assets/characters/enemies/SK_RaiderBlack_T_Peasant_BaseColor.png remapped: res://assets/characters/enemies/SK_RaiderBlack_T_Peasant_BaseColor.png
Loading resource: res://.godot/imported/SK_RaiderBlack_T_Peasant_BaseColor.png-9b9a640e6615fb39cea6a494242dd2cc.ctex remapped: res://.godot/imported/SK_RaiderBlack_T_Peasant_BaseColor.png-9b9a640e6615fb39cea6a494242dd2cc.ctex
Completed load for: 'res://assets/characters/enemies/SK_RaiderBlack_T_Peasant_BaseColor.png' remapped 'res://assets/characters/enemies/SK_RaiderBlack_T_Peasant_BaseColor.png' at thread -1
Loading resource: res://assets/characters/enemies/SK_RaiderBlack_T_Peasant_ORM.png remapped: res://assets/characters/enemies/SK_RaiderBlack_T_Peasant_ORM.png
Loading resource: res://.godot/imported/SK_RaiderBlack_T_Peasant_ORM.png-c502263775c1055240b99b0410797efb.ctex remapped: res://.godot/imported/SK_RaiderBlack_T_Peasant_ORM.png-c502263775c1055240b99b0410797efb.ctex
Completed load for: 'res://assets/characters/enemies/SK_RaiderBlack_T_Peasant_ORM.png' remapped 'res://assets/characters/enemies/SK_RaiderBlack_T_Peasant_ORM.png' at thread -1
Loading resource: res://assets/characters/enemies/SK_RaiderBlack_T_Peasant_Normal.png remapped: res://assets/characters/enemies/SK_RaiderBlack_T_Peasant_Normal.png
Loading resource: res://.godot/imported/SK_RaiderBlack_T_Peasant_Normal.png-5cb28f2a304e1af23b5f141944cd13fa.ctex remapped: res://.godot/imported/SK_RaiderBlack_T_Peasant_Normal.png-5cb28f2a304e1af23b5f141944cd13fa.ctex
Completed load for: 'res://assets/characters/enemies/SK_RaiderBlack_T_Peasant_Normal.png' remapped 'res://assets/characters/enemies/SK_RaiderBlack_T_Peasant_Normal.png' at thread -1
Loading resource: res://assets/characters/enemies/SK_RaiderBlack_T_Regular_Male_Dark_BaseColor.png remapped: res://assets/characters/enemies/SK_RaiderBlack_T_Regular_Male_Dark_BaseColor.png
Loading resource: res://.godot/imported/SK_RaiderBlack_T_Regular_Male_Dark_BaseColor.png-0bd48cf5eba42bd49f480ca4afe8cdd0.ctex remapped: res://.godot/imported/SK_RaiderBlack_T_Regular_Male_Dark_BaseColor.png-0bd48cf5eba42bd49f480ca4afe8cdd0.ctex
Completed load for: 'res://assets/characters/enemies/SK_RaiderBlack_T_Regular_Male_Dark_BaseColor.png' remapped 'res://assets/characters/enemies/SK_RaiderBlack_T_Regular_Male_Dark_BaseColor.png' at thread -1
Loading resource: res://assets/characters/enemies/SK_RaiderBlack_T_Regular_Male_Roughness.png remapped: res://assets/characters/enemies/SK_RaiderBlack_T_Regular_Male_Roughness.png
Loading resource: res://.godot/imported/SK_RaiderBlack_T_Regular_Male_Roughness.png-c7470a916f447955fba02c6aec71bae5.ctex remapped: res://.godot/imported/SK_RaiderBlack_T_Regular_Male_Roughness.png-c7470a916f447955fba02c6aec71bae5.ctex
Completed load for: 'res://assets/characters/enemies/SK_RaiderBlack_T_Regular_Male_Roughness.png' remapped 'res://assets/characters/enemies/SK_RaiderBlack_T_Regular_Male_Roughness.png' at thread -1
Loading resource: res://assets/characters/enemies/SK_RaiderBlack_T_Regular_Male_Normal.png remapped: res://assets/characters/enemies/SK_RaiderBlack_T_Regular_Male_Normal.png
Loading resource: res://.godot/imported/SK_RaiderBlack_T_Regular_Male_Normal.png-910d374e80c1e69398a89eb71a2de4e0.ctex remapped: res://.godot/imported/SK_RaiderBlack_T_Regular_Male_Normal.png-910d374e80c1e69398a89eb71a2de4e0.ctex
Completed load for: 'res://assets/characters/enemies/SK_RaiderBlack_T_Regular_Male_Normal.png' remapped 'res://assets/characters/enemies/SK_RaiderBlack_T_Regular_Male_Normal.png' at thread -1
Completed load for: 'res://assets/characters/enemies/SK_RaiderBlack.glb' remapped 'res://assets/characters/enemies/SK_RaiderBlack.glb' at thread -1
Loading resource: res://assets/animations/AL_RaiderStates.res remapped: res://assets/animations/AL_RaiderStates.res
Completed load for: 'res://assets/animations/AL_RaiderStates.res' remapped 'res://assets/animations/AL_RaiderStates.res' at thread -1
Completed load for: 'res://scenes/characters/RaiderBlackVisual.tscn' remapped 'res://scenes/characters/RaiderBlackVisual.tscn' at thread -1
Loading resource: res://scenes/characters/RaiderBlueVisual.tscn remapped: res://scenes/characters/RaiderBlueVisual.tscn
Loading resource: res://assets/characters/enemies/SK_RaiderBlue.glb remapped: res://assets/characters/enemies/SK_RaiderBlue.glb
Loading resource: res://.godot/imported/SK_RaiderBlue.glb-7c86b4b965c8828872b07b482c57ff94.scn remapped: res://.godot/imported/SK_RaiderBlue.glb-7c86b4b965c8828872b07b482c57ff94.scn
Loading resource: res://assets/characters/enemies/SK_RaiderBlue_T_Peasant_BaseColor.png remapped: res://assets/characters/enemies/SK_RaiderBlue_T_Peasant_BaseColor.png
Loading resource: res://.godot/imported/SK_RaiderBlue_T_Peasant_BaseColor.png-cb63161d69309dc3eb9843c5f0fe62f2.ctex remapped: res://.godot/imported/SK_RaiderBlue_T_Peasant_BaseColor.png-cb63161d69309dc3eb9843c5f0fe62f2.ctex
Completed load for: 'res://assets/characters/enemies/SK_RaiderBlue_T_Peasant_BaseColor.png' remapped 'res://assets/characters/enemies/SK_RaiderBlue_T_Peasant_BaseColor.png' at thread -1
Loading resource: res://assets/characters/enemies/SK_RaiderBlue_T_Peasant_ORM.png remapped: res://assets/characters/enemies/SK_RaiderBlue_T_Peasant_ORM.png
Loading resource: res://.godot/imported/SK_RaiderBlue_T_Peasant_ORM.png-6efce96a7209ad89fa95cdef04aea365.ctex remapped: res://.godot/imported/SK_RaiderBlue_T_Peasant_ORM.png-6efce96a7209ad89fa95cdef04aea365.ctex
Completed load for: 'res://assets/characters/enemies/SK_RaiderBlue_T_Peasant_ORM.png' remapped 'res://assets/characters/enemies/SK_RaiderBlue_T_Peasant_ORM.png' at thread -1
Loading resource: res://assets/characters/enemies/SK_RaiderBlue_T_Peasant_Normal.png remapped: res://assets/characters/enemies/SK_RaiderBlue_T_Peasant_Normal.png
Loading resource: res://.godot/imported/SK_RaiderBlue_T_Peasant_Normal.png-624bc2ef2c10737188f970c8744f3956.ctex remapped: res://.godot/imported/SK_RaiderBlue_T_Peasant_Normal.png-624bc2ef2c10737188f970c8744f3956.ctex
Completed load for: 'res://assets/characters/enemies/SK_RaiderBlue_T_Peasant_Normal.png' remapped 'res://assets/characters/enemies/SK_RaiderBlue_T_Peasant_Normal.png' at thread -1
Loading resource: res://assets/characters/enemies/SK_RaiderBlue_T_Regular_Male_Dark_BaseColor.png remapped: res://assets/characters/enemies/SK_RaiderBlue_T_Regular_Male_Dark_BaseColor.png
Loading resource: res://.godot/imported/SK_RaiderBlue_T_Regular_Male_Dark_BaseColor.png-9d09384abb5660c8b74e6abcfb502171.ctex remapped: res://.godot/imported/SK_RaiderBlue_T_Regular_Male_Dark_BaseColor.png-9d09384abb5660c8b74e6abcfb502171.ctex
Completed load for: 'res://assets/characters/enemies/SK_RaiderBlue_T_Regular_Male_Dark_BaseColor.png' remapped 'res://assets/characters/enemies/SK_RaiderBlue_T_Regular_Male_Dark_BaseColor.png' at thread -1
Loading resource: res://assets/characters/enemies/SK_RaiderBlue_T_Regular_Male_Roughness.png remapped: res://assets/characters/enemies/SK_RaiderBlue_T_Regular_Male_Roughness.png
Loading resource: res://.godot/imported/SK_RaiderBlue_T_Regular_Male_Roughness.png-45d738f3899cc829cf05f2b46aeb4507.ctex remapped: res://.godot/imported/SK_RaiderBlue_T_Regular_Male_Roughness.png-45d738f3899cc829cf05f2b46aeb4507.ctex
Completed load for: 'res://assets/characters/enemies/SK_RaiderBlue_T_Regular_Male_Roughness.png' remapped 'res://assets/characters/enemies/SK_RaiderBlue_T_Regular_Male_Roughness.png' at thread -1
Loading resource: res://assets/characters/enemies/SK_RaiderBlue_T_Regular_Male_Normal.png remapped: res://assets/characters/enemies/SK_RaiderBlue_T_Regular_Male_Normal.png
Loading resource: res://.godot/imported/SK_RaiderBlue_T_Regular_Male_Normal.png-a908544ceb2e8707840a439671eeff32.ctex remapped: res://.godot/imported/SK_RaiderBlue_T_Regular_Male_Normal.png-a908544ceb2e8707840a439671eeff32.ctex
Completed load for: 'res://assets/characters/enemies/SK_RaiderBlue_T_Regular_Male_Normal.png' remapped 'res://assets/characters/enemies/SK_RaiderBlue_T_Regular_Male_Normal.png' at thread -1
Completed load for: 'res://assets/characters/enemies/SK_RaiderBlue.glb' remapped 'res://assets/characters/enemies/SK_RaiderBlue.glb' at thread -1
Completed load for: 'res://scenes/characters/RaiderBlueVisual.tscn' remapped 'res://scenes/characters/RaiderBlueVisual.tscn' at thread -1
Loading resource: res://scenes/characters/RaiderRedVisual.tscn remapped: res://scenes/characters/RaiderRedVisual.tscn
Loading resource: res://assets/characters/enemies/SK_RaiderRed.glb remapped: res://assets/characters/enemies/SK_RaiderRed.glb
Loading resource: res://.godot/imported/SK_RaiderRed.glb-04760d025d7e2a4b3910f44addb2d7de.scn remapped: res://.godot/imported/SK_RaiderRed.glb-04760d025d7e2a4b3910f44addb2d7de.scn
Loading resource: res://assets/characters/enemies/SK_RaiderRed_T_Peasant_BaseColor.png remapped: res://assets/characters/enemies/SK_RaiderRed_T_Peasant_BaseColor.png
Loading resource: res://.godot/imported/SK_RaiderRed_T_Peasant_BaseColor.png-408976eebb9e584fd6ae8b9ba4511cd5.ctex remapped: res://.godot/imported/SK_RaiderRed_T_Peasant_BaseColor.png-408976eebb9e584fd6ae8b9ba4511cd5.ctex
Completed load for: 'res://assets/characters/enemies/SK_RaiderRed_T_Peasant_BaseColor.png' remapped 'res://assets/characters/enemies/SK_RaiderRed_T_Peasant_BaseColor.png' at thread -1
Loading resource: res://assets/characters/enemies/SK_RaiderRed_T_Peasant_ORM.png remapped: res://assets/characters/enemies/SK_RaiderRed_T_Peasant_ORM.png
Loading resource: res://.godot/imported/SK_RaiderRed_T_Peasant_ORM.png-fbcf644297da6efa0ede7a4c8801dc0a.ctex remapped: res://.godot/imported/SK_RaiderRed_T_Peasant_ORM.png-fbcf644297da6efa0ede7a4c8801dc0a.ctex
Completed load for: 'res://assets/characters/enemies/SK_RaiderRed_T_Peasant_ORM.png' remapped 'res://assets/characters/enemies/SK_RaiderRed_T_Peasant_ORM.png' at thread -1
Loading resource: res://assets/characters/enemies/SK_RaiderRed_T_Peasant_Normal.png remapped: res://assets/characters/enemies/SK_RaiderRed_T_Peasant_Normal.png
Loading resource: res://.godot/imported/SK_RaiderRed_T_Peasant_Normal.png-c0bffdbbc81ea489e7b5d486276d4d20.ctex remapped: res://.godot/imported/SK_RaiderRed_T_Peasant_Normal.png-c0bffdbbc81ea489e7b5d486276d4d20.ctex
Completed load for: 'res://assets/characters/enemies/SK_RaiderRed_T_Peasant_Normal.png' remapped 'res://assets/characters/enemies/SK_RaiderRed_T_Peasant_Normal.png' at thread -1
Loading resource: res://assets/characters/enemies/SK_RaiderRed_T_Regular_Male_Dark_BaseColor.png remapped: res://assets/characters/enemies/SK_RaiderRed_T_Regular_Male_Dark_BaseColor.png
Loading resource: res://.godot/imported/SK_RaiderRed_T_Regular_Male_Dark_BaseColor.png-5cba7ce8f0e7fa979c48b17d366dae4f.ctex remapped: res://.godot/imported/SK_RaiderRed_T_Regular_Male_Dark_BaseColor.png-5cba7ce8f0e7fa979c48b17d366dae4f.ctex
Completed load for: 'res://assets/characters/enemies/SK_RaiderRed_T_Regular_Male_Dark_BaseColor.png' remapped 'res://assets/characters/enemies/SK_RaiderRed_T_Regular_Male_Dark_BaseColor.png' at thread -1
Loading resource: res://assets/characters/enemies/SK_RaiderRed_T_Regular_Male_Roughness.png remapped: res://assets/characters/enemies/SK_RaiderRed_T_Regular_Male_Roughness.png
Loading resource: res://.godot/imported/SK_RaiderRed_T_Regular_Male_Roughness.png-08d5f7ee259b4d05096eed386d798324.ctex remapped: res://.godot/imported/SK_RaiderRed_T_Regular_Male_Roughness.png-08d5f7ee259b4d05096eed386d798324.ctex
Completed load for: 'res://assets/characters/enemies/SK_RaiderRed_T_Regular_Male_Roughness.png' remapped 'res://assets/characters/enemies/SK_RaiderRed_T_Regular_Male_Roughness.png' at thread -1
Loading resource: res://assets/characters/enemies/SK_RaiderRed_T_Regular_Male_Normal.png remapped: res://assets/characters/enemies/SK_RaiderRed_T_Regular_Male_Normal.png
Loading resource: res://.godot/imported/SK_RaiderRed_T_Regular_Male_Normal.png-9b0f16ed5b0cb56eee11e5f1b8269b6f.ctex remapped: res://.godot/imported/SK_RaiderRed_T_Regular_Male_Normal.png-9b0f16ed5b0cb56eee11e5f1b8269b6f.ctex
Completed load for: 'res://assets/characters/enemies/SK_RaiderRed_T_Regular_Male_Normal.png' remapped 'res://assets/characters/enemies/SK_RaiderRed_T_Regular_Male_Normal.png' at thread -1
Completed load for: 'res://assets/characters/enemies/SK_RaiderRed.glb' remapped 'res://assets/characters/enemies/SK_RaiderRed.glb' at thread -1
Completed load for: 'res://scenes/characters/RaiderRedVisual.tscn' remapped 'res://scenes/characters/RaiderRedVisual.tscn' at thread -1
Loading resource: res://scenes/characters/RavineTrollVisual.tscn remapped: res://scenes/characters/RavineTrollVisual.tscn
Loading resource: res://assets/characters/creatures/SK_RavineTroll.glb remapped: res://assets/characters/creatures/SK_RavineTroll.glb
Loading resource: res://.godot/imported/SK_RavineTroll.glb-bf7f3b837ababd38165bf89d8091451a.scn remapped: res://.godot/imported/SK_RavineTroll.glb-bf7f3b837ababd38165bf89d8091451a.scn
Completed load for: 'res://assets/characters/creatures/SK_RavineTroll.glb' remapped 'res://assets/characters/creatures/SK_RavineTroll.glb' at thread -1
Completed load for: 'res://scenes/characters/RavineTrollVisual.tscn' remapped 'res://scenes/characters/RavineTrollVisual.tscn' at thread -1
Loading resource: res://scenes/dungeon/rooms/Antechamber.tscn remapped: res://scenes/dungeon/rooms/Antechamber.tscn
Loading resource: res://scripts/dungeon/antechamber.gd remapped: res://scripts/dungeon/antechamber.gd
Completed load for: 'res://scripts/dungeon/antechamber.gd' remapped 'res://scripts/dungeon/antechamber.gd' at thread -1
Loading resource: res://scenes/player/Player.tscn remapped: res://scenes/player/Player.tscn
Loading resource: res://resources/tuning/locomotion_default.tres remapped: res://resources/tuning/locomotion_default.tres
Completed load for: 'res://resources/tuning/locomotion_default.tres' remapped 'res://resources/tuning/locomotion_default.tres' at thread -1
Loading resource: res://resources/tuning/stamina_default.tres remapped: res://resources/tuning/stamina_default.tres
Completed load for: 'res://resources/tuning/stamina_default.tres' remapped 'res://resources/tuning/stamina_default.tres' at thread -1
Loading resource: res://resources/tuning/climb_default.tres remapped: res://resources/tuning/climb_default.tres
Completed load for: 'res://resources/tuning/climb_default.tres' remapped 'res://resources/tuning/climb_default.tres' at thread -1
Loading resource: res://resources/combat/sword/light_1.tres remapped: res://resources/combat/sword/light_1.tres
Completed load for: 'res://resources/combat/sword/light_1.tres' remapped 'res://resources/combat/sword/light_1.tres' at thread -1
Loading resource: res://resources/combat/sword/light_2.tres remapped: res://resources/combat/sword/light_2.tres
Completed load for: 'res://resources/combat/sword/light_2.tres' remapped 'res://resources/combat/sword/light_2.tres' at thread -1
Loading resource: res://resources/combat/sword/light_3.tres remapped: res://resources/combat/sword/light_3.tres
Completed load for: 'res://resources/combat/sword/light_3.tres' remapped 'res://resources/combat/sword/light_3.tres' at thread -1
Loading resource: res://resources/combat/dodge_default.tres remapped: res://resources/combat/dodge_default.tres
Completed load for: 'res://resources/combat/dodge_default.tres' remapped 'res://resources/combat/dodge_default.tres' at thread -1
Loading resource: res://resources/combat/hurt_default.tres remapped: res://resources/combat/hurt_default.tres
Completed load for: 'res://resources/combat/hurt_default.tres' remapped 'res://resources/combat/hurt_default.tres' at thread -1
Loading resource: res://resources/combat/guard_default.tres remapped: res://resources/combat/guard_default.tres
Completed load for: 'res://resources/combat/guard_default.tres' remapped 'res://resources/combat/guard_default.tres' at thread -1
Loading resource: res://resources/combat/bow_default.tres remapped: res://resources/combat/bow_default.tres
Completed load for: 'res://resources/combat/bow_default.tres' remapped 'res://resources/combat/bow_default.tres' at thread -1
Loading resource: res://resources/combat/sword/heavy_1.tres remapped: res://resources/combat/sword/heavy_1.tres
Completed load for: 'res://resources/combat/sword/heavy_1.tres' remapped 'res://resources/combat/sword/heavy_1.tres' at thread -1
Loading resource: res://resources/weapons/worn_sword.tres remapped: res://resources/weapons/worn_sword.tres
Loading resource: res://scenes/weapons/WornSword.tscn remapped: res://scenes/weapons/WornSword.tscn
Loading resource: res://assets/weapons/SM_WornSword.glb remapped: res://assets/weapons/SM_WornSword.glb
Loading resource: res://.godot/imported/SM_WornSword.glb-814a3a31326f2e3ca85a843f56aab4bd.scn remapped: res://.godot/imported/SM_WornSword.glb-814a3a31326f2e3ca85a843f56aab4bd.scn
Loading resource: res://assets/weapons/SM_WornSword_T_WornSword_BaseColor.png remapped: res://assets/weapons/SM_WornSword_T_WornSword_BaseColor.png
Loading resource: res://.godot/imported/SM_WornSword_T_WornSword_BaseColor.png-0427044e693951a7121d0da0b2ab43d0.ctex remapped: res://.godot/imported/SM_WornSword_T_WornSword_BaseColor.png-0427044e693951a7121d0da0b2ab43d0.ctex
Completed load for: 'res://assets/weapons/SM_WornSword_T_WornSword_BaseColor.png' remapped 'res://assets/weapons/SM_WornSword_T_WornSword_BaseColor.png' at thread -1
Loading resource: res://assets/weapons/SM_WornSword_T_WornSword_MR.png remapped: res://assets/weapons/SM_WornSword_T_WornSword_MR.png
Loading resource: res://.godot/imported/SM_WornSword_T_WornSword_MR.png-1440ba0f976f8c25b8a151bc187dd279.ctex remapped: res://.godot/imported/SM_WornSword_T_WornSword_MR.png-1440ba0f976f8c25b8a151bc187dd279.ctex
Completed load for: 'res://assets/weapons/SM_WornSword_T_WornSword_MR.png' remapped 'res://assets/weapons/SM_WornSword_T_WornSword_MR.png' at thread -1
Loading resource: res://assets/weapons/SM_WornSword_T_WornSword_Normal.png remapped: res://assets/weapons/SM_WornSword_T_WornSword_Normal.png
Loading resource: res://.godot/imported/SM_WornSword_T_WornSword_Normal.png-dc0e4d8cb2ae4ddfe8c7a89fc288e134.ctex remapped: res://.godot/imported/SM_WornSword_T_WornSword_Normal.png-dc0e4d8cb2ae4ddfe8c7a89fc288e134.ctex
Completed load for: 'res://assets/weapons/SM_WornSword_T_WornSword_Normal.png' remapped 'res://assets/weapons/SM_WornSword_T_WornSword_Normal.png' at thread -1
Completed load for: 'res://assets/weapons/SM_WornSword.glb' remapped 'res://assets/weapons/SM_WornSword.glb' at thread -1
Completed load for: 'res://scenes/weapons/WornSword.tscn' remapped 'res://scenes/weapons/WornSword.tscn' at thread -1
Loading resource: res://assets/weapons/T_WornSword_Icon.png remapped: res://assets/weapons/T_WornSword_Icon.png
Loading resource: res://.godot/imported/T_WornSword_Icon.png-fb073e1d43aabd302aa1a0e7b62f9817.ctex remapped: res://.godot/imported/T_WornSword_Icon.png-fb073e1d43aabd302aa1a0e7b62f9817.ctex
Completed load for: 'res://assets/weapons/T_WornSword_Icon.png' remapped 'res://assets/weapons/T_WornSword_Icon.png' at thread -1
Completed load for: 'res://resources/weapons/worn_sword.tres' remapped 'res://resources/weapons/worn_sword.tres' at thread -1
Loading resource: res://resources/characters/hero_anim_set.tres remapped: res://resources/characters/hero_anim_set.tres
Completed load for: 'res://resources/characters/hero_anim_set.tres' remapped 'res://resources/characters/hero_anim_set.tres' at thread -1
Completed load for: 'res://scenes/player/Player.tscn' remapped 'res://scenes/player/Player.tscn' at thread -1
Loading resource: res://scenes/ui/GameplayShell.tscn remapped: res://scenes/ui/GameplayShell.tscn
Completed load for: 'res://scenes/ui/GameplayShell.tscn' remapped 'res://scenes/ui/GameplayShell.tscn' at thread -1
Completed load for: 'res://scenes/dungeon/rooms/Antechamber.tscn' remapped 'res://scenes/dungeon/rooms/Antechamber.tscn' at thread -1
Loading resource: res://scenes/dungeon/rooms/CentralHall.tscn remapped: res://scenes/dungeon/rooms/CentralHall.tscn
Loading resource: res://scripts/dungeon/central_hall.gd remapped: res://scripts/dungeon/central_hall.gd
Completed load for: 'res://scripts/dungeon/central_hall.gd' remapped 'res://scripts/dungeon/central_hall.gd' at thread -1
Completed load for: 'res://scenes/dungeon/rooms/CentralHall.tscn' remapped 'res://scenes/dungeon/rooms/CentralHall.tscn' at thread -1
Loading resource: res://scenes/dungeon/rooms/Room1Initiation.tscn remapped: res://scenes/dungeon/rooms/Room1Initiation.tscn
Loading resource: res://scripts/dungeon/room1_initiation.gd remapped: res://scripts/dungeon/room1_initiation.gd
Completed load for: 'res://scripts/dungeon/room1_initiation.gd' remapped 'res://scripts/dungeon/room1_initiation.gd' at thread -1
Completed load for: 'res://scenes/dungeon/rooms/Room1Initiation.tscn' remapped 'res://scenes/dungeon/rooms/Room1Initiation.tscn' at thread -1
Loading resource: res://scenes/dungeon/rooms/Room2Vertical.tscn remapped: res://scenes/dungeon/rooms/Room2Vertical.tscn
Loading resource: res://scripts/dungeon/room2_vertical.gd remapped: res://scripts/dungeon/room2_vertical.gd
Loading resource: res://resources/materials/MAT_PROFILE_eau.tres remapped: res://resources/materials/MAT_PROFILE_eau.tres
Completed load for: 'res://resources/materials/MAT_PROFILE_eau.tres' remapped 'res://resources/materials/MAT_PROFILE_eau.tres' at thread -1
Completed load for: 'res://scripts/dungeon/room2_vertical.gd' remapped 'res://scripts/dungeon/room2_vertical.gd' at thread -1
Completed load for: 'res://scenes/dungeon/rooms/Room2Vertical.tscn' remapped 'res://scenes/dungeon/rooms/Room2Vertical.tscn' at thread -1
Loading resource: res://scenes/dungeon/rooms/Room3Relays.tscn remapped: res://scenes/dungeon/rooms/Room3Relays.tscn
Loading resource: res://scripts/dungeon/room3_relays.gd remapped: res://scripts/dungeon/room3_relays.gd
Completed load for: 'res://scripts/dungeon/room3_relays.gd' remapped 'res://scripts/dungeon/room3_relays.gd' at thread -1
Completed load for: 'res://scenes/dungeon/rooms/Room3Relays.tscn' remapped 'res://scenes/dungeon/rooms/Room3Relays.tscn' at thread -1
Loading resource: res://scenes/dungeon/rooms/Room4Battery.tscn remapped: res://scenes/dungeon/rooms/Room4Battery.tscn
Loading resource: res://scripts/dungeon/room4_battery.gd remapped: res://scripts/dungeon/room4_battery.gd
Loading resource: res://resources/materials/MAT_PROFILE_bois.tres remapped: res://resources/materials/MAT_PROFILE_bois.tres
Completed load for: 'res://resources/materials/MAT_PROFILE_bois.tres' remapped 'res://resources/materials/MAT_PROFILE_bois.tres' at thread -1
Completed load for: 'res://scripts/dungeon/room4_battery.gd' remapped 'res://scripts/dungeon/room4_battery.gd' at thread -1
Completed load for: 'res://scenes/dungeon/rooms/Room4Battery.tscn' remapped 'res://scenes/dungeon/rooms/Room4Battery.tscn' at thread -1
Loading resource: res://scenes/enemies/CentaurHunter.tscn remapped: res://scenes/enemies/CentaurHunter.tscn
Loading resource: res://scripts/enemies/centaur_hunter.gd remapped: res://scripts/enemies/centaur_hunter.gd
Completed load for: 'res://scripts/enemies/centaur_hunter.gd' remapped 'res://scripts/enemies/centaur_hunter.gd' at thread -1
Loading resource: res://resources/enemies/centaur_hunter_default.tres remapped: res://resources/enemies/centaur_hunter_default.tres
Completed load for: 'res://resources/enemies/centaur_hunter_default.tres' remapped 'res://resources/enemies/centaur_hunter_default.tres' at thread -1
Loading resource: res://resources/combat/hunter/hunter_slash_1.tres remapped: res://resources/combat/hunter/hunter_slash_1.tres
Completed load for: 'res://resources/combat/hunter/hunter_slash_1.tres' remapped 'res://resources/combat/hunter/hunter_slash_1.tres' at thread -1
Loading resource: res://resources/combat/hunter/hunter_slash_2.tres remapped: res://resources/combat/hunter/hunter_slash_2.tres
Completed load for: 'res://resources/combat/hunter/hunter_slash_2.tres' remapped 'res://resources/combat/hunter/hunter_slash_2.tres' at thread -1
Completed load for: 'res://scenes/enemies/CentaurHunter.tscn' remapped 'res://scenes/enemies/CentaurHunter.tscn' at thread -1
Loading resource: res://scenes/enemies/RaiderBlack.tscn remapped: res://scenes/enemies/RaiderBlack.tscn
Loading resource: res://scripts/enemies/raider_black.gd remapped: res://scripts/enemies/raider_black.gd
Completed load for: 'res://scripts/enemies/raider_black.gd' remapped 'res://scripts/enemies/raider_black.gd' at thread -1
Loading resource: res://resources/enemies/raider_black_default.tres remapped: res://resources/enemies/raider_black_default.tres
Completed load for: 'res://resources/enemies/raider_black_default.tres' remapped 'res://resources/enemies/raider_black_default.tres' at thread -1
Loading resource: res://resources/combat/raider/mace_1.tres remapped: res://resources/combat/raider/mace_1.tres
Completed load for: 'res://resources/combat/raider/mace_1.tres' remapped 'res://resources/combat/raider/mace_1.tres' at thread -1
Loading resource: res://resources/combat/raider/mace_2.tres remapped: res://resources/combat/raider/mace_2.tres
Completed load for: 'res://resources/combat/raider/mace_2.tres' remapped 'res://resources/combat/raider/mace_2.tres' at thread -1
Loading resource: res://resources/combat/raider/mace_3.tres remapped: res://resources/combat/raider/mace_3.tres
Completed load for: 'res://resources/combat/raider/mace_3.tres' remapped 'res://resources/combat/raider/mace_3.tres' at thread -1
Loading resource: res://resources/characters/raider_anim_set.tres remapped: res://resources/characters/raider_anim_set.tres
Completed load for: 'res://resources/characters/raider_anim_set.tres' remapped 'res://resources/characters/raider_anim_set.tres' at thread -1
Completed load for: 'res://scenes/enemies/RaiderBlack.tscn' remapped 'res://scenes/enemies/RaiderBlack.tscn' at thread -1
Loading resource: res://scenes/enemies/RaiderBlue.tscn remapped: res://scenes/enemies/RaiderBlue.tscn
Loading resource: res://scripts/enemies/raider_blue.gd remapped: res://scripts/enemies/raider_blue.gd
Completed load for: 'res://scripts/enemies/raider_blue.gd' remapped 'res://scripts/enemies/raider_blue.gd' at thread -1
Loading resource: res://resources/enemies/raider_blue_default.tres remapped: res://resources/enemies/raider_blue_default.tres
Completed load for: 'res://resources/enemies/raider_blue_default.tres' remapped 'res://resources/enemies/raider_blue_default.tres' at thread -1
Loading resource: res://resources/combat/raider/spear_thrust.tres remapped: res://resources/combat/raider/spear_thrust.tres
Completed load for: 'res://resources/combat/raider/spear_thrust.tres' remapped 'res://resources/combat/raider/spear_thrust.tres' at thread -1
Completed load for: 'res://scenes/enemies/RaiderBlue.tscn' remapped 'res://scenes/enemies/RaiderBlue.tscn' at thread -1
Loading resource: res://scenes/enemies/RaiderRed.tscn remapped: res://scenes/enemies/RaiderRed.tscn
Loading resource: res://scripts/enemies/raider_red.gd remapped: res://scripts/enemies/raider_red.gd
Completed load for: 'res://scripts/enemies/raider_red.gd' remapped 'res://scripts/enemies/raider_red.gd' at thread -1
Loading resource: res://resources/enemies/raider_red_default.tres remapped: res://resources/enemies/raider_red_default.tres
Completed load for: 'res://resources/enemies/raider_red_default.tres' remapped 'res://resources/enemies/raider_red_default.tres' at thread -1
Loading resource: res://resources/combat/raider/club_1.tres remapped: res://resources/combat/raider/club_1.tres
Completed load for: 'res://resources/combat/raider/club_1.tres' remapped 'res://resources/combat/raider/club_1.tres' at thread -1
Completed load for: 'res://scenes/enemies/RaiderRed.tscn' remapped 'res://scenes/enemies/RaiderRed.tscn' at thread -1
Loading resource: res://scenes/enemies/RavineTroll.tscn remapped: res://scenes/enemies/RavineTroll.tscn
Loading resource: res://scripts/enemies/ravine_troll.gd remapped: res://scripts/enemies/ravine_troll.gd
Completed load for: 'res://scripts/enemies/ravine_troll.gd' remapped 'res://scripts/enemies/ravine_troll.gd' at thread -1
Loading resource: res://resources/enemies/ravine_troll_default.tres remapped: res://resources/enemies/ravine_troll_default.tres
Completed load for: 'res://resources/enemies/ravine_troll_default.tres' remapped 'res://resources/enemies/ravine_troll_default.tres' at thread -1
Loading resource: res://resources/combat/troll/troll_sweep.tres remapped: res://resources/combat/troll/troll_sweep.tres
Completed load for: 'res://resources/combat/troll/troll_sweep.tres' remapped 'res://resources/combat/troll/troll_sweep.tres' at thread -1
Loading resource: res://resources/combat/troll/troll_vertical.tres remapped: res://resources/combat/troll/troll_vertical.tres
Completed load for: 'res://resources/combat/troll/troll_vertical.tres' remapped 'res://resources/combat/troll/troll_vertical.tres' at thread -1
Loading resource: res://resources/combat/troll/troll_slam.tres remapped: res://resources/combat/troll/troll_slam.tres
Completed load for: 'res://resources/combat/troll/troll_slam.tres' remapped 'res://resources/combat/troll/troll_slam.tres' at thread -1
Completed load for: 'res://scenes/enemies/RavineTroll.tscn' remapped 'res://scenes/enemies/RavineTroll.tscn' at thread -1
Loading resource: res://scenes/environment/Barrel.tscn remapped: res://scenes/environment/Barrel.tscn
Loading resource: res://assets/environment/props/Barrel.gltf remapped: res://assets/environment/props/Barrel.gltf
Loading resource: res://.godot/imported/Barrel.gltf-f5f6e8ee59e1d9ee9489bf76587863f3.scn remapped: res://.godot/imported/Barrel.gltf-f5f6e8ee59e1d9ee9489bf76587863f3.scn
Loading resource: res://assets/environment/props/T_Trim_Furniture_BaseColor.png remapped: res://assets/environment/props/T_Trim_Furniture_BaseColor.png
Loading resource: res://.godot/imported/T_Trim_Furniture_BaseColor.png-4b61e6b6982fd682ac06b1a2a1770f69.ctex remapped: res://.godot/imported/T_Trim_Furniture_BaseColor.png-4b61e6b6982fd682ac06b1a2a1770f69.ctex
Completed load for: 'res://assets/environment/props/T_Trim_Furniture_BaseColor.png' remapped 'res://assets/environment/props/T_Trim_Furniture_BaseColor.png' at thread -1
Loading resource: res://assets/environment/props/T_Trim_Furniture_ORM.png remapped: res://assets/environment/props/T_Trim_Furniture_ORM.png
Loading resource: res://.godot/imported/T_Trim_Furniture_ORM.png-996aa75f107de80e0072392ae8445ebc.ctex remapped: res://.godot/imported/T_Trim_Furniture_ORM.png-996aa75f107de80e0072392ae8445ebc.ctex
Completed load for: 'res://assets/environment/props/T_Trim_Furniture_ORM.png' remapped 'res://assets/environment/props/T_Trim_Furniture_ORM.png' at thread -1
Loading resource: res://assets/environment/props/T_Trim_Furniture_Normal.png remapped: res://assets/environment/props/T_Trim_Furniture_Normal.png
Loading resource: res://.godot/imported/T_Trim_Furniture_Normal.png-a06d92145186d2e7c10b678d1287a5e6.ctex remapped: res://.godot/imported/T_Trim_Furniture_Normal.png-a06d92145186d2e7c10b678d1287a5e6.ctex
Completed load for: 'res://assets/environment/props/T_Trim_Furniture_Normal.png' remapped 'res://assets/environment/props/T_Trim_Furniture_Normal.png' at thread -1
Loading resource: res://assets/environment/props/T_Trim_Metal_BaseColor.png remapped: res://assets/environment/props/T_Trim_Metal_BaseColor.png
Loading resource: res://.godot/imported/T_Trim_Metal_BaseColor.png-e085700b66fb8abefc79edc238d1470b.ctex remapped: res://.godot/imported/T_Trim_Metal_BaseColor.png-e085700b66fb8abefc79edc238d1470b.ctex
Completed load for: 'res://assets/environment/props/T_Trim_Metal_BaseColor.png' remapped 'res://assets/environment/props/T_Trim_Metal_BaseColor.png' at thread -1
Loading resource: res://assets/environment/props/T_Trim_Metal_ORM.png remapped: res://assets/environment/props/T_Trim_Metal_ORM.png
Loading resource: res://.godot/imported/T_Trim_Metal_ORM.png-e966d2e4bf934328f315306fd28210bd.ctex remapped: res://.godot/imported/T_Trim_Metal_ORM.png-e966d2e4bf934328f315306fd28210bd.ctex
Completed load for: 'res://assets/environment/props/T_Trim_Metal_ORM.png' remapped 'res://assets/environment/props/T_Trim_Metal_ORM.png' at thread -1
Loading resource: res://assets/environment/props/T_Trim_Metal_Normal.png remapped: res://assets/environment/props/T_Trim_Metal_Normal.png
Loading resource: res://.godot/imported/T_Trim_Metal_Normal.png-4e0b4b1e0501b7fbfb02dbdf881b4b4a.ctex remapped: res://.godot/imported/T_Trim_Metal_Normal.png-4e0b4b1e0501b7fbfb02dbdf881b4b4a.ctex
Completed load for: 'res://assets/environment/props/T_Trim_Metal_Normal.png' remapped 'res://assets/environment/props/T_Trim_Metal_Normal.png' at thread -1
Completed load for: 'res://assets/environment/props/Barrel.gltf' remapped 'res://assets/environment/props/Barrel.gltf' at thread -1
Completed load for: 'res://scenes/environment/Barrel.tscn' remapped 'res://scenes/environment/Barrel.tscn' at thread -1
Loading resource: res://scenes/environment/Bush.tscn remapped: res://scenes/environment/Bush.tscn
Loading resource: res://assets/environment/foliage/Bush_Common_Flowers.gltf remapped: res://assets/environment/foliage/Bush_Common_Flowers.gltf
Loading resource: res://.godot/imported/Bush_Common_Flowers.gltf-3d6ac165f5fcbeb7afba7f436e3b4e1f.scn remapped: res://.godot/imported/Bush_Common_Flowers.gltf-3d6ac165f5fcbeb7afba7f436e3b4e1f.scn
Loading resource: res://assets/environment/foliage/Leaves_NormalTree_C.png remapped: res://assets/environment/foliage/Leaves_NormalTree_C.png
Loading resource: res://.godot/imported/Leaves_NormalTree_C.png-5bdc0c6eb7a3f4f244e8baa66fb6a19e.ctex remapped: res://.godot/imported/Leaves_NormalTree_C.png-5bdc0c6eb7a3f4f244e8baa66fb6a19e.ctex
Completed load for: 'res://assets/environment/foliage/Leaves_NormalTree_C.png' remapped 'res://assets/environment/foliage/Leaves_NormalTree_C.png' at thread -1
Loading resource: res://assets/environment/foliage/Flowers.png remapped: res://assets/environment/foliage/Flowers.png
Loading resource: res://.godot/imported/Flowers.png-d8a076e156ef5470ced8e0ec071dfbe3.ctex remapped: res://.godot/imported/Flowers.png-d8a076e156ef5470ced8e0ec071dfbe3.ctex
Completed load for: 'res://assets/environment/foliage/Flowers.png' remapped 'res://assets/environment/foliage/Flowers.png' at thread -1
Completed load for: 'res://assets/environment/foliage/Bush_Common_Flowers.gltf' remapped 'res://assets/environment/foliage/Bush_Common_Flowers.gltf' at thread -1
Completed load for: 'res://scenes/environment/Bush.tscn' remapped 'res://scenes/environment/Bush.tscn' at thread -1
Loading resource: res://scenes/environment/Campfire.tscn remapped: res://scenes/environment/Campfire.tscn
Loading resource: res://scripts/world/props/campfire_prop.gd remapped: res://scripts/world/props/campfire_prop.gd
Completed load for: 'res://scripts/world/props/campfire_prop.gd' remapped 'res://scripts/world/props/campfire_prop.gd' at thread -1
Completed load for: 'res://scenes/environment/Campfire.tscn' remapped 'res://scenes/environment/Campfire.tscn' at thread -1
Loading resource: res://scenes/environment/ChestModel.tscn remapped: res://scenes/environment/ChestModel.tscn
Loading resource: res://assets/environment/props/Chest_Wood.gltf remapped: res://assets/environment/props/Chest_Wood.gltf
Loading resource: res://.godot/imported/Chest_Wood.gltf-ec38e9e4d05aff82bbf8e98c4c624003.scn remapped: res://.godot/imported/Chest_Wood.gltf-ec38e9e4d05aff82bbf8e98c4c624003.scn
Loading resource: res://assets/environment/props/T_Trim_Furniture_BaseColor.png remapped: res://assets/environment/props/T_Trim_Furniture_BaseColor.png
Loading resource: res://.godot/imported/T_Trim_Furniture_BaseColor.png-4b61e6b6982fd682ac06b1a2a1770f69.ctex remapped: res://.godot/imported/T_Trim_Furniture_BaseColor.png-4b61e6b6982fd682ac06b1a2a1770f69.ctex
Completed load for: 'res://assets/environment/props/T_Trim_Furniture_BaseColor.png' remapped 'res://assets/environment/props/T_Trim_Furniture_BaseColor.png' at thread -1
Loading resource: res://assets/environment/props/T_Trim_Furniture_ORM.png remapped: res://assets/environment/props/T_Trim_Furniture_ORM.png
Loading resource: res://.godot/imported/T_Trim_Furniture_ORM.png-996aa75f107de80e0072392ae8445ebc.ctex remapped: res://.godot/imported/T_Trim_Furniture_ORM.png-996aa75f107de80e0072392ae8445ebc.ctex
Completed load for: 'res://assets/environment/props/T_Trim_Furniture_ORM.png' remapped 'res://assets/environment/props/T_Trim_Furniture_ORM.png' at thread -1
Loading resource: res://assets/environment/props/T_Trim_Furniture_Normal.png remapped: res://assets/environment/props/T_Trim_Furniture_Normal.png
Loading resource: res://.godot/imported/T_Trim_Furniture_Normal.png-a06d92145186d2e7c10b678d1287a5e6.ctex remapped: res://.godot/imported/T_Trim_Furniture_Normal.png-a06d92145186d2e7c10b678d1287a5e6.ctex
Completed load for: 'res://assets/environment/props/T_Trim_Furniture_Normal.png' remapped 'res://assets/environment/props/T_Trim_Furniture_Normal.png' at thread -1
Loading resource: res://assets/environment/props/T_Trim_Metal_BaseColor.png remapped: res://assets/environment/props/T_Trim_Metal_BaseColor.png
Loading resource: res://.godot/imported/T_Trim_Metal_BaseColor.png-e085700b66fb8abefc79edc238d1470b.ctex remapped: res://.godot/imported/T_Trim_Metal_BaseColor.png-e085700b66fb8abefc79edc238d1470b.ctex
Completed load for: 'res://assets/environment/props/T_Trim_Metal_BaseColor.png' remapped 'res://assets/environment/props/T_Trim_Metal_BaseColor.png' at thread -1
Loading resource: res://assets/environment/props/T_Trim_Metal_ORM.png remapped: res://assets/environment/props/T_Trim_Metal_ORM.png
Loading resource: res://.godot/imported/T_Trim_Metal_ORM.png-e966d2e4bf934328f315306fd28210bd.ctex remapped: res://.godot/imported/T_Trim_Metal_ORM.png-e966d2e4bf934328f315306fd28210bd.ctex
Completed load for: 'res://assets/environment/props/T_Trim_Metal_ORM.png' remapped 'res://assets/environment/props/T_Trim_Metal_ORM.png' at thread -1
Loading resource: res://assets/environment/props/T_Trim_Metal_Normal.png remapped: res://assets/environment/props/T_Trim_Metal_Normal.png
Loading resource: res://.godot/imported/T_Trim_Metal_Normal.png-4e0b4b1e0501b7fbfb02dbdf881b4b4a.ctex remapped: res://.godot/imported/T_Trim_Metal_Normal.png-4e0b4b1e0501b7fbfb02dbdf881b4b4a.ctex
Completed load for: 'res://assets/environment/props/T_Trim_Metal_Normal.png' remapped 'res://assets/environment/props/T_Trim_Metal_Normal.png' at thread -1
Completed load for: 'res://assets/environment/props/Chest_Wood.gltf' remapped 'res://assets/environment/props/Chest_Wood.gltf' at thread -1
Completed load for: 'res://scenes/environment/ChestModel.tscn' remapped 'res://scenes/environment/ChestModel.tscn' at thread -1
Loading resource: res://scenes/environment/ColumnModule.tscn remapped: res://scenes/environment/ColumnModule.tscn
Loading resource: res://assets/environment/dungeon/Corner_ExteriorWide_Brick.gltf remapped: res://assets/environment/dungeon/Corner_ExteriorWide_Brick.gltf
Loading resource: res://.godot/imported/Corner_ExteriorWide_Brick.gltf-a6ef6f99aaadb62bd2c800fa9b6498e0.scn remapped: res://.godot/imported/Corner_ExteriorWide_Brick.gltf-a6ef6f99aaadb62bd2c800fa9b6498e0.scn
Loading resource: res://assets/environment/dungeon/T_RockTrim_BaseColor.png remapped: res://assets/environment/dungeon/T_RockTrim_BaseColor.png
Loading resource: res://.godot/imported/T_RockTrim_BaseColor.png-836be31cf4b5e4bcda695a526f822826.ctex remapped: res://.godot/imported/T_RockTrim_BaseColor.png-836be31cf4b5e4bcda695a526f822826.ctex
Completed load for: 'res://assets/environment/dungeon/T_RockTrim_BaseColor.png' remapped 'res://assets/environment/dungeon/T_RockTrim_BaseColor.png' at thread -1
Loading resource: res://assets/environment/dungeon/T_RockTrim_ORM.png remapped: res://assets/environment/dungeon/T_RockTrim_ORM.png
Loading resource: res://.godot/imported/T_RockTrim_ORM.png-38b187202288d0092361474c6249f8c0.ctex remapped: res://.godot/imported/T_RockTrim_ORM.png-38b187202288d0092361474c6249f8c0.ctex
Completed load for: 'res://assets/environment/dungeon/T_RockTrim_ORM.png' remapped 'res://assets/environment/dungeon/T_RockTrim_ORM.png' at thread -1
Loading resource: res://assets/environment/dungeon/T_RockTrim_Normal.png remapped: res://assets/environment/dungeon/T_RockTrim_Normal.png
Loading resource: res://.godot/imported/T_RockTrim_Normal.png-603b875e6dc27ebad631c51a6fc5df67.ctex remapped: res://.godot/imported/T_RockTrim_Normal.png-603b875e6dc27ebad631c51a6fc5df67.ctex
Completed load for: 'res://assets/environment/dungeon/T_RockTrim_Normal.png' remapped 'res://assets/environment/dungeon/T_RockTrim_Normal.png' at thread -1
Completed load for: 'res://assets/environment/dungeon/Corner_ExteriorWide_Brick.gltf' remapped 'res://assets/environment/dungeon/Corner_ExteriorWide_Brick.gltf' at thread -1
Completed load for: 'res://scenes/environment/ColumnModule.tscn' remapped 'res://scenes/environment/ColumnModule.tscn' at thread -1
Loading resource: res://scenes/environment/Crate.tscn remapped: res://scenes/environment/Crate.tscn
Loading resource: res://assets/environment/props/Crate_Wooden.gltf remapped: res://assets/environment/props/Crate_Wooden.gltf
Loading resource: res://.godot/imported/Crate_Wooden.gltf-feb2651a3e0a5120d7d7b311a41fc56c.scn remapped: res://.godot/imported/Crate_Wooden.gltf-feb2651a3e0a5120d7d7b311a41fc56c.scn
Loading resource: res://assets/environment/props/T_Trim_Furniture_BaseColor.png remapped: res://assets/environment/props/T_Trim_Furniture_BaseColor.png
Loading resource: res://.godot/imported/T_Trim_Furniture_BaseColor.png-4b61e6b6982fd682ac06b1a2a1770f69.ctex remapped: res://.godot/imported/T_Trim_Furniture_BaseColor.png-4b61e6b6982fd682ac06b1a2a1770f69.ctex
Completed load for: 'res://assets/environment/props/T_Trim_Furniture_BaseColor.png' remapped 'res://assets/environment/props/T_Trim_Furniture_BaseColor.png' at thread -1
Loading resource: res://assets/environment/props/T_Trim_Furniture_ORM.png remapped: res://assets/environment/props/T_Trim_Furniture_ORM.png
Loading resource: res://.godot/imported/T_Trim_Furniture_ORM.png-996aa75f107de80e0072392ae8445ebc.ctex remapped: res://.godot/imported/T_Trim_Furniture_ORM.png-996aa75f107de80e0072392ae8445ebc.ctex
Completed load for: 'res://assets/environment/props/T_Trim_Furniture_ORM.png' remapped 'res://assets/environment/props/T_Trim_Furniture_ORM.png' at thread -1
Loading resource: res://assets/environment/props/T_Trim_Furniture_Normal.png remapped: res://assets/environment/props/T_Trim_Furniture_Normal.png
Loading resource: res://.godot/imported/T_Trim_Furniture_Normal.png-a06d92145186d2e7c10b678d1287a5e6.ctex remapped: res://.godot/imported/T_Trim_Furniture_Normal.png-a06d92145186d2e7c10b678d1287a5e6.ctex
Completed load for: 'res://assets/environment/props/T_Trim_Furniture_Normal.png' remapped 'res://assets/environment/props/T_Trim_Furniture_Normal.png' at thread -1
Loading resource: res://assets/environment/props/T_Trim_Metal_BaseColor.png remapped: res://assets/environment/props/T_Trim_Metal_BaseColor.png
Loading resource: res://.godot/imported/T_Trim_Metal_BaseColor.png-e085700b66fb8abefc79edc238d1470b.ctex remapped: res://.godot/imported/T_Trim_Metal_BaseColor.png-e085700b66fb8abefc79edc238d1470b.ctex
Completed load for: 'res://assets/environment/props/T_Trim_Metal_BaseColor.png' remapped 'res://assets/environment/props/T_Trim_Metal_BaseColor.png' at thread -1
Loading resource: res://assets/environment/props/T_Trim_Metal_ORM.png remapped: res://assets/environment/props/T_Trim_Metal_ORM.png
Loading resource: res://.godot/imported/T_Trim_Metal_ORM.png-e966d2e4bf934328f315306fd28210bd.ctex remapped: res://.godot/imported/T_Trim_Metal_ORM.png-e966d2e4bf934328f315306fd28210bd.ctex
Completed load for: 'res://assets/environment/props/T_Trim_Metal_ORM.png' remapped 'res://assets/environment/props/T_Trim_Metal_ORM.png' at thread -1
Loading resource: res://assets/environment/props/T_Trim_Metal_Normal.png remapped: res://assets/environment/props/T_Trim_Metal_Normal.png
Loading resource: res://.godot/imported/T_Trim_Metal_Normal.png-4e0b4b1e0501b7fbfb02dbdf881b4b4a.ctex remapped: res://.godot/imported/T_Trim_Metal_Normal.png-4e0b4b1e0501b7fbfb02dbdf881b4b4a.ctex
Completed load for: 'res://assets/environment/props/T_Trim_Metal_Normal.png' remapped 'res://assets/environment/props/T_Trim_Metal_Normal.png' at thread -1
Completed load for: 'res://assets/environment/props/Crate_Wooden.gltf' remapped 'res://assets/environment/props/Crate_Wooden.gltf' at thread -1
Completed load for: 'res://scenes/environment/Crate.tscn' remapped 'res://scenes/environment/Crate.tscn' at thread -1
Loading resource: res://scenes/environment/GateModule.tscn remapped: res://scenes/environment/GateModule.tscn
Loading resource: res://assets/environment/dungeon/DoorFrame_Round_Brick.gltf remapped: res://assets/environment/dungeon/DoorFrame_Round_Brick.gltf
Loading resource: res://.godot/imported/DoorFrame_Round_Brick.gltf-f284b0f0b9c549cc3a50de531487baee.scn remapped: res://.godot/imported/DoorFrame_Round_Brick.gltf-f284b0f0b9c549cc3a50de531487baee.scn
Loading resource: res://assets/environment/dungeon/T_RockTrim_BaseColor.png remapped: res://assets/environment/dungeon/T_RockTrim_BaseColor.png
Loading resource: res://.godot/imported/T_RockTrim_BaseColor.png-836be31cf4b5e4bcda695a526f822826.ctex remapped: res://.godot/imported/T_RockTrim_BaseColor.png-836be31cf4b5e4bcda695a526f822826.ctex
Completed load for: 'res://assets/environment/dungeon/T_RockTrim_BaseColor.png' remapped 'res://assets/environment/dungeon/T_RockTrim_BaseColor.png' at thread -1
Loading resource: res://assets/environment/dungeon/T_RockTrim_ORM.png remapped: res://assets/environment/dungeon/T_RockTrim_ORM.png
Loading resource: res://.godot/imported/T_RockTrim_ORM.png-38b187202288d0092361474c6249f8c0.ctex remapped: res://.godot/imported/T_RockTrim_ORM.png-38b187202288d0092361474c6249f8c0.ctex
Completed load for: 'res://assets/environment/dungeon/T_RockTrim_ORM.png' remapped 'res://assets/environment/dungeon/T_RockTrim_ORM.png' at thread -1
Loading resource: res://assets/environment/dungeon/T_RockTrim_Normal.png remapped: res://assets/environment/dungeon/T_RockTrim_Normal.png
Loading resource: res://.godot/imported/T_RockTrim_Normal.png-603b875e6dc27ebad631c51a6fc5df67.ctex remapped: res://.godot/imported/T_RockTrim_Normal.png-603b875e6dc27ebad631c51a6fc5df67.ctex
Completed load for: 'res://assets/environment/dungeon/T_RockTrim_Normal.png' remapped 'res://assets/environment/dungeon/T_RockTrim_Normal.png' at thread -1
Completed load for: 'res://assets/environment/dungeon/DoorFrame_Round_Brick.gltf' remapped 'res://assets/environment/dungeon/DoorFrame_Round_Brick.gltf' at thread -1
Completed load for: 'res://scenes/environment/GateModule.tscn' remapped 'res://scenes/environment/GateModule.tscn' at thread -1
Loading resource: res://scenes/environment/PebbleA.tscn remapped: res://scenes/environment/PebbleA.tscn
Loading resource: res://assets/environment/rocks/Pebble_Round_1.gltf remapped: res://assets/environment/rocks/Pebble_Round_1.gltf
Loading resource: res://.godot/imported/Pebble_Round_1.gltf-e1726a472dc00310a266223abd0fb57e.scn remapped: res://.godot/imported/Pebble_Round_1.gltf-e1726a472dc00310a266223abd0fb57e.scn
Loading resource: res://assets/environment/rocks/PathRocks_Diffuse.png remapped: res://assets/environment/rocks/PathRocks_Diffuse.png
Loading resource: res://.godot/imported/PathRocks_Diffuse.png-2c1f0260fcb84273c7b1e0fec26c2cf2.ctex remapped: res://.godot/imported/PathRocks_Diffuse.png-2c1f0260fcb84273c7b1e0fec26c2cf2.ctex
Completed load for: 'res://assets/environment/rocks/PathRocks_Diffuse.png' remapped 'res://assets/environment/rocks/PathRocks_Diffuse.png' at thread -1
Completed load for: 'res://assets/environment/rocks/Pebble_Round_1.gltf' remapped 'res://assets/environment/rocks/Pebble_Round_1.gltf' at thread -1
Completed load for: 'res://scenes/environment/PebbleA.tscn' remapped 'res://scenes/environment/PebbleA.tscn' at thread -1
Loading resource: res://scenes/environment/PebbleB.tscn remapped: res://scenes/environment/PebbleB.tscn
Loading resource: res://assets/environment/rocks/Pebble_Round_2.gltf remapped: res://assets/environment/rocks/Pebble_Round_2.gltf
Loading resource: res://.godot/imported/Pebble_Round_2.gltf-9ceeeb5abfb5d251f9ac357365223db3.scn remapped: res://.godot/imported/Pebble_Round_2.gltf-9ceeeb5abfb5d251f9ac357365223db3.scn
Completed load for: 'res://assets/environment/rocks/Pebble_Round_2.gltf' remapped 'res://assets/environment/rocks/Pebble_Round_2.gltf' at thread -1
Completed load for: 'res://scenes/environment/PebbleB.tscn' remapped 'res://scenes/environment/PebbleB.tscn' at thread -1
Loading resource: res://scenes/environment/PebbleC.tscn remapped: res://scenes/environment/PebbleC.tscn
Loading resource: res://assets/environment/rocks/Pebble_Round_3.gltf remapped: res://assets/environment/rocks/Pebble_Round_3.gltf
Loading resource: res://.godot/imported/Pebble_Round_3.gltf-c8641458e37318b3927b18501d03636a.scn remapped: res://.godot/imported/Pebble_Round_3.gltf-c8641458e37318b3927b18501d03636a.scn
Completed load for: 'res://assets/environment/rocks/Pebble_Round_3.gltf' remapped 'res://assets/environment/rocks/Pebble_Round_3.gltf' at thread -1
Completed load for: 'res://scenes/environment/PebbleC.tscn' remapped 'res://scenes/environment/PebbleC.tscn' at thread -1
Loading resource: res://scenes/environment/RockLarge.tscn remapped: res://scenes/environment/RockLarge.tscn
Loading resource: res://assets/environment/rocks/Rock_Medium_3.gltf remapped: res://assets/environment/rocks/Rock_Medium_3.gltf
Loading resource: res://.godot/imported/Rock_Medium_3.gltf-df6250dbc629a182cbd6a5f2cdde331e.scn remapped: res://.godot/imported/Rock_Medium_3.gltf-df6250dbc629a182cbd6a5f2cdde331e.scn
Loading resource: res://assets/environment/rocks/Rocks_Diffuse.png remapped: res://assets/environment/rocks/Rocks_Diffuse.png
Loading resource: res://.godot/imported/Rocks_Diffuse.png-7cbb4ae66ebabc43c234fcd9d6429806.ctex remapped: res://.godot/imported/Rocks_Diffuse.png-7cbb4ae66ebabc43c234fcd9d6429806.ctex
Completed load for: 'res://assets/environment/rocks/Rocks_Diffuse.png' remapped 'res://assets/environment/rocks/Rocks_Diffuse.png' at thread -1
Completed load for: 'res://assets/environment/rocks/Rock_Medium_3.gltf' remapped 'res://assets/environment/rocks/Rock_Medium_3.gltf' at thread -1
Completed load for: 'res://scenes/environment/RockLarge.tscn' remapped 'res://scenes/environment/RockLarge.tscn' at thread -1
Loading resource: res://scenes/environment/RockMedium.tscn remapped: res://scenes/environment/RockMedium.tscn
Loading resource: res://assets/environment/rocks/Rock_Medium_2.gltf remapped: res://assets/environment/rocks/Rock_Medium_2.gltf
Loading resource: res://.godot/imported/Rock_Medium_2.gltf-84b1eb54e5c6a7a7d48146559a0894d3.scn remapped: res://.godot/imported/Rock_Medium_2.gltf-84b1eb54e5c6a7a7d48146559a0894d3.scn
Completed load for: 'res://assets/environment/rocks/Rock_Medium_2.gltf' remapped 'res://assets/environment/rocks/Rock_Medium_2.gltf' at thread -1
Completed load for: 'res://scenes/environment/RockMedium.tscn' remapped 'res://scenes/environment/RockMedium.tscn' at thread -1
Loading resource: res://scenes/environment/Tent.tscn remapped: res://scenes/environment/Tent.tscn
Loading resource: res://scripts/world/props/awning_tent.gd remapped: res://scripts/world/props/awning_tent.gd
Completed load for: 'res://scripts/world/props/awning_tent.gd' remapped 'res://scripts/world/props/awning_tent.gd' at thread -1
Completed load for: 'res://scenes/environment/Tent.tscn' remapped 'res://scenes/environment/Tent.tscn' at thread -1
Loading resource: res://scenes/environment/TreeLarge.tscn remapped: res://scenes/environment/TreeLarge.tscn
Loading resource: res://assets/environment/foliage/CommonTree_4.gltf remapped: res://assets/environment/foliage/CommonTree_4.gltf
Loading resource: res://.godot/imported/CommonTree_4.gltf-9f7e4f52960303d93c2b2a0a8abea59e.scn remapped: res://.godot/imported/CommonTree_4.gltf-9f7e4f52960303d93c2b2a0a8abea59e.scn
Loading resource: res://assets/environment/foliage/Bark_NormalTree.png remapped: res://assets/environment/foliage/Bark_NormalTree.png
Loading resource: res://.godot/imported/Bark_NormalTree.png-b11eafaa6604d6d8d64d2312b849ce2e.ctex remapped: res://.godot/imported/Bark_NormalTree.png-b11eafaa6604d6d8d64d2312b849ce2e.ctex
Completed load for: 'res://assets/environment/foliage/Bark_NormalTree.png' remapped 'res://assets/environment/foliage/Bark_NormalTree.png' at thread -1
Loading resource: res://assets/environment/foliage/Bark_NormalTree_Normal.png remapped: res://assets/environment/foliage/Bark_NormalTree_Normal.png
Loading resource: res://.godot/imported/Bark_NormalTree_Normal.png-7d3bf7ee5584b7f127750cce868f56a3.ctex remapped: res://.godot/imported/Bark_NormalTree_Normal.png-7d3bf7ee5584b7f127750cce868f56a3.ctex
Completed load for: 'res://assets/environment/foliage/Bark_NormalTree_Normal.png' remapped 'res://assets/environment/foliage/Bark_NormalTree_Normal.png' at thread -1
Loading resource: res://assets/environment/foliage/Leaves_NormalTree_C.png remapped: res://assets/environment/foliage/Leaves_NormalTree_C.png
Loading resource: res://.godot/imported/Leaves_NormalTree_C.png-5bdc0c6eb7a3f4f244e8baa66fb6a19e.ctex remapped: res://.godot/imported/Leaves_NormalTree_C.png-5bdc0c6eb7a3f4f244e8baa66fb6a19e.ctex
Completed load for: 'res://assets/environment/foliage/Leaves_NormalTree_C.png' remapped 'res://assets/environment/foliage/Leaves_NormalTree_C.png' at thread -1
Completed load for: 'res://assets/environment/foliage/CommonTree_4.gltf' remapped 'res://assets/environment/foliage/CommonTree_4.gltf' at thread -1
Completed load for: 'res://scenes/environment/TreeLarge.tscn' remapped 'res://scenes/environment/TreeLarge.tscn' at thread -1
Loading resource: res://scenes/environment/TreeMedium.tscn remapped: res://scenes/environment/TreeMedium.tscn
Loading resource: res://assets/environment/foliage/CommonTree_1.gltf remapped: res://assets/environment/foliage/CommonTree_1.gltf
Loading resource: res://.godot/imported/CommonTree_1.gltf-b8f69933f2705c4e1ed1f1532ab52547.scn remapped: res://.godot/imported/CommonTree_1.gltf-b8f69933f2705c4e1ed1f1532ab52547.scn
Completed load for: 'res://assets/environment/foliage/CommonTree_1.gltf' remapped 'res://assets/environment/foliage/CommonTree_1.gltf' at thread -1
Completed load for: 'res://scenes/environment/TreeMedium.tscn' remapped 'res://scenes/environment/TreeMedium.tscn' at thread -1
Loading resource: res://scenes/environment/WallModule.tscn remapped: res://scenes/environment/WallModule.tscn
Loading resource: res://assets/environment/dungeon/Wall_UnevenBrick_Straight.gltf remapped: res://assets/environment/dungeon/Wall_UnevenBrick_Straight.gltf
Loading resource: res://.godot/imported/Wall_UnevenBrick_Straight.gltf-a5fa949101177eb6d5e00fd3a9342dea.scn remapped: res://.godot/imported/Wall_UnevenBrick_Straight.gltf-a5fa949101177eb6d5e00fd3a9342dea.scn
Loading resource: res://assets/environment/dungeon/T_WoodTrim_BaseColor.png remapped: res://assets/environment/dungeon/T_WoodTrim_BaseColor.png
Loading resource: res://.godot/imported/T_WoodTrim_BaseColor.png-ce72dca1dce1464acc7303d9133a5418.ctex remapped: res://.godot/imported/T_WoodTrim_BaseColor.png-ce72dca1dce1464acc7303d9133a5418.ctex
Completed load for: 'res://assets/environment/dungeon/T_WoodTrim_BaseColor.png' remapped 'res://assets/environment/dungeon/T_WoodTrim_BaseColor.png' at thread -1
Loading resource: res://assets/environment/dungeon/T_WoodTrim_Roughness.png remapped: res://assets/environment/dungeon/T_WoodTrim_Roughness.png
Loading resource: res://.godot/imported/T_WoodTrim_Roughness.png-0f1f38d366df9b6768784272ecda658c.ctex remapped: res://.godot/imported/T_WoodTrim_Roughness.png-0f1f38d366df9b6768784272ecda658c.ctex
Completed load for: 'res://assets/environment/dungeon/T_WoodTrim_Roughness.png' remapped 'res://assets/environment/dungeon/T_WoodTrim_Roughness.png' at thread -1
Loading resource: res://assets/environment/dungeon/T_WoodTrim_Normal.png remapped: res://assets/environment/dungeon/T_WoodTrim_Normal.png
Loading resource: res://.godot/imported/T_WoodTrim_Normal.png-b352cb76bf8b1aed8134cd79b55646eb.ctex remapped: res://.godot/imported/T_WoodTrim_Normal.png-b352cb76bf8b1aed8134cd79b55646eb.ctex
Completed load for: 'res://assets/environment/dungeon/T_WoodTrim_Normal.png' remapped 'res://assets/environment/dungeon/T_WoodTrim_Normal.png' at thread -1
Loading resource: res://assets/environment/dungeon/T_Plaster_BaseColor.png remapped: res://assets/environment/dungeon/T_Plaster_BaseColor.png
Loading resource: res://.godot/imported/T_Plaster_BaseColor.png-21fa14a410d20f2be52572f579020023.ctex remapped: res://.godot/imported/T_Plaster_BaseColor.png-21fa14a410d20f2be52572f579020023.ctex
Completed load for: 'res://assets/environment/dungeon/T_Plaster_BaseColor.png' remapped 'res://assets/environment/dungeon/T_Plaster_BaseColor.png' at thread -1
Loading resource: res://assets/environment/dungeon/T_Plaster_ORM.png remapped: res://assets/environment/dungeon/T_Plaster_ORM.png
Loading resource: res://.godot/imported/T_Plaster_ORM.png-12cdbb20d1ef1d5e45c20b3dc9d23a38.ctex remapped: res://.godot/imported/T_Plaster_ORM.png-12cdbb20d1ef1d5e45c20b3dc9d23a38.ctex
Completed load for: 'res://assets/environment/dungeon/T_Plaster_ORM.png' remapped 'res://assets/environment/dungeon/T_Plaster_ORM.png' at thread -1
Loading resource: res://assets/environment/dungeon/T_Plaster_Normal.png remapped: res://assets/environment/dungeon/T_Plaster_Normal.png
Loading resource: res://.godot/imported/T_Plaster_Normal.png-4874ac84b51fc08773b6a6e9736938b4.ctex remapped: res://.godot/imported/T_Plaster_Normal.png-4874ac84b51fc08773b6a6e9736938b4.ctex
Completed load for: 'res://assets/environment/dungeon/T_Plaster_Normal.png' remapped 'res://assets/environment/dungeon/T_Plaster_Normal.png' at thread -1
Loading resource: res://assets/environment/dungeon/T_UnevenBrick_BaseColor.png remapped: res://assets/environment/dungeon/T_UnevenBrick_BaseColor.png
Loading resource: res://.godot/imported/T_UnevenBrick_BaseColor.png-c1629c879ae96f49ce4e4b0d223af96a.ctex remapped: res://.godot/imported/T_UnevenBrick_BaseColor.png-c1629c879ae96f49ce4e4b0d223af96a.ctex
Completed load for: 'res://assets/environment/dungeon/T_UnevenBrick_BaseColor.png' remapped 'res://assets/environment/dungeon/T_UnevenBrick_BaseColor.png' at thread -1
Loading resource: res://assets/environment/dungeon/T_UnevenBrick_Roughness.png remapped: res://assets/environment/dungeon/T_UnevenBrick_Roughness.png
Loading resource: res://.godot/imported/T_UnevenBrick_Roughness.png-6eec12df5f7a270012dfcc522d45ccda.ctex remapped: res://.godot/imported/T_UnevenBrick_Roughness.png-6eec12df5f7a270012dfcc522d45ccda.ctex
Completed load for: 'res://assets/environment/dungeon/T_UnevenBrick_Roughness.png' remapped 'res://assets/environment/dungeon/T_UnevenBrick_Roughness.png' at thread -1
Loading resource: res://assets/environment/dungeon/T_UnevenBrick_Normal.png remapped: res://assets/environment/dungeon/T_UnevenBrick_Normal.png
Loading resource: res://.godot/imported/T_UnevenBrick_Normal.png-4c4acc831d02f7c14f65771fc884aaef.ctex remapped: res://.godot/imported/T_UnevenBrick_Normal.png-4c4acc831d02f7c14f65771fc884aaef.ctex
Completed load for: 'res://assets/environment/dungeon/T_UnevenBrick_Normal.png' remapped 'res://assets/environment/dungeon/T_UnevenBrick_Normal.png' at thread -1
Completed load for: 'res://assets/environment/dungeon/Wall_UnevenBrick_Straight.gltf' remapped 'res://assets/environment/dungeon/Wall_UnevenBrick_Straight.gltf' at thread -1
Completed load for: 'res://scenes/environment/WallModule.tscn' remapped 'res://scenes/environment/WallModule.tscn' at thread -1
Loading resource: res://scenes/interactables/Chest.tscn remapped: res://scenes/interactables/Chest.tscn
Completed load for: 'res://scenes/interactables/Chest.tscn' remapped 'res://scenes/interactables/Chest.tscn' at thread -1
Loading resource: res://scenes/interactables/WeaponPickup.tscn remapped: res://scenes/interactables/WeaponPickup.tscn
Loading resource: res://scripts/interaction/weapon_pickup.gd remapped: res://scripts/interaction/weapon_pickup.gd
Completed load for: 'res://scripts/interaction/weapon_pickup.gd' remapped 'res://scripts/interaction/weapon_pickup.gd' at thread -1
Completed load for: 'res://scenes/interactables/WeaponPickup.tscn' remapped 'res://scenes/interactables/WeaponPickup.tscn' at thread -1
Loading resource: res://scenes/lookdev/HeroShotLab.tscn remapped: res://scenes/lookdev/HeroShotLab.tscn
Loading resource: res://scripts/lookdev/hero_shot_lab.gd remapped: res://scripts/lookdev/hero_shot_lab.gd
Loading resource: res://shaders/characters/SH_CharacterPainterly.gdshader remapped: res://shaders/characters/SH_CharacterPainterly.gdshader
Completed load for: 'res://shaders/characters/SH_CharacterPainterly.gdshader' remapped 'res://shaders/characters/SH_CharacterPainterly.gdshader' at thread -1
Loading resource: res://shaders/foliage/SH_FoliageWindPainterly.gdshader remapped: res://shaders/foliage/SH_FoliageWindPainterly.gdshader
Completed load for: 'res://shaders/foliage/SH_FoliageWindPainterly.gdshader' remapped 'res://shaders/foliage/SH_FoliageWindPainterly.gdshader' at thread -1
Loading resource: res://shaders/characters/SH_CharacterPainterlyCutout.gdshader remapped: res://shaders/characters/SH_CharacterPainterlyCutout.gdshader
Completed load for: 'res://shaders/characters/SH_CharacterPainterlyCutout.gdshader' remapped 'res://shaders/characters/SH_CharacterPainterlyCutout.gdshader' at thread -1
Completed load for: 'res://scripts/lookdev/hero_shot_lab.gd' remapped 'res://scripts/lookdev/hero_shot_lab.gd' at thread -1
Completed load for: 'res://scenes/lookdev/HeroShotLab.tscn' remapped 'res://scenes/lookdev/HeroShotLab.tscn' at thread -1
Loading resource: res://scenes/lookdev/StabilityDolly.tscn remapped: res://scenes/lookdev/StabilityDolly.tscn
Loading resource: res://scripts/lookdev/stability_dolly.gd remapped: res://scripts/lookdev/stability_dolly.gd
Completed load for: 'res://scripts/lookdev/stability_dolly.gd' remapped 'res://scripts/lookdev/stability_dolly.gd' at thread -1
Completed load for: 'res://scenes/lookdev/StabilityDolly.tscn' remapped 'res://scenes/lookdev/StabilityDolly.tscn' at thread -1
Loading resource: res://scenes/player/Player.tscn remapped: res://scenes/player/Player.tscn
Loading resource: res://resources/tuning/locomotion_default.tres remapped: res://resources/tuning/locomotion_default.tres
Completed load for: 'res://resources/tuning/locomotion_default.tres' remapped 'res://resources/tuning/locomotion_default.tres' at thread -1
Loading resource: res://resources/tuning/stamina_default.tres remapped: res://resources/tuning/stamina_default.tres
Completed load for: 'res://resources/tuning/stamina_default.tres' remapped 'res://resources/tuning/stamina_default.tres' at thread -1
Loading resource: res://resources/tuning/climb_default.tres remapped: res://resources/tuning/climb_default.tres
Completed load for: 'res://resources/tuning/climb_default.tres' remapped 'res://resources/tuning/climb_default.tres' at thread -1
Loading resource: res://resources/combat/sword/light_1.tres remapped: res://resources/combat/sword/light_1.tres
Completed load for: 'res://resources/combat/sword/light_1.tres' remapped 'res://resources/combat/sword/light_1.tres' at thread -1
Loading resource: res://resources/combat/sword/light_2.tres remapped: res://resources/combat/sword/light_2.tres
Completed load for: 'res://resources/combat/sword/light_2.tres' remapped 'res://resources/combat/sword/light_2.tres' at thread -1
Loading resource: res://resources/combat/sword/light_3.tres remapped: res://resources/combat/sword/light_3.tres
Completed load for: 'res://resources/combat/sword/light_3.tres' remapped 'res://resources/combat/sword/light_3.tres' at thread -1
Loading resource: res://resources/combat/dodge_default.tres remapped: res://resources/combat/dodge_default.tres
Completed load for: 'res://resources/combat/dodge_default.tres' remapped 'res://resources/combat/dodge_default.tres' at thread -1
Loading resource: res://resources/combat/hurt_default.tres remapped: res://resources/combat/hurt_default.tres
Completed load for: 'res://resources/combat/hurt_default.tres' remapped 'res://resources/combat/hurt_default.tres' at thread -1
Loading resource: res://resources/combat/guard_default.tres remapped: res://resources/combat/guard_default.tres
Completed load for: 'res://resources/combat/guard_default.tres' remapped 'res://resources/combat/guard_default.tres' at thread -1
Loading resource: res://resources/combat/bow_default.tres remapped: res://resources/combat/bow_default.tres
Completed load for: 'res://resources/combat/bow_default.tres' remapped 'res://resources/combat/bow_default.tres' at thread -1
Loading resource: res://resources/combat/sword/heavy_1.tres remapped: res://resources/combat/sword/heavy_1.tres
Completed load for: 'res://resources/combat/sword/heavy_1.tres' remapped 'res://resources/combat/sword/heavy_1.tres' at thread -1
Loading resource: res://resources/weapons/worn_sword.tres remapped: res://resources/weapons/worn_sword.tres
Loading resource: res://scenes/weapons/WornSword.tscn remapped: res://scenes/weapons/WornSword.tscn
Loading resource: res://assets/weapons/SM_WornSword.glb remapped: res://assets/weapons/SM_WornSword.glb
Loading resource: res://.godot/imported/SM_WornSword.glb-814a3a31326f2e3ca85a843f56aab4bd.scn remapped: res://.godot/imported/SM_WornSword.glb-814a3a31326f2e3ca85a843f56aab4bd.scn
Loading resource: res://assets/weapons/SM_WornSword_T_WornSword_BaseColor.png remapped: res://assets/weapons/SM_WornSword_T_WornSword_BaseColor.png
Loading resource: res://.godot/imported/SM_WornSword_T_WornSword_BaseColor.png-0427044e693951a7121d0da0b2ab43d0.ctex remapped: res://.godot/imported/SM_WornSword_T_WornSword_BaseColor.png-0427044e693951a7121d0da0b2ab43d0.ctex
Completed load for: 'res://assets/weapons/SM_WornSword_T_WornSword_BaseColor.png' remapped 'res://assets/weapons/SM_WornSword_T_WornSword_BaseColor.png' at thread -1
Loading resource: res://assets/weapons/SM_WornSword_T_WornSword_MR.png remapped: res://assets/weapons/SM_WornSword_T_WornSword_MR.png
Loading resource: res://.godot/imported/SM_WornSword_T_WornSword_MR.png-1440ba0f976f8c25b8a151bc187dd279.ctex remapped: res://.godot/imported/SM_WornSword_T_WornSword_MR.png-1440ba0f976f8c25b8a151bc187dd279.ctex
Completed load for: 'res://assets/weapons/SM_WornSword_T_WornSword_MR.png' remapped 'res://assets/weapons/SM_WornSword_T_WornSword_MR.png' at thread -1
Loading resource: res://assets/weapons/SM_WornSword_T_WornSword_Normal.png remapped: res://assets/weapons/SM_WornSword_T_WornSword_Normal.png
Loading resource: res://.godot/imported/SM_WornSword_T_WornSword_Normal.png-dc0e4d8cb2ae4ddfe8c7a89fc288e134.ctex remapped: res://.godot/imported/SM_WornSword_T_WornSword_Normal.png-dc0e4d8cb2ae4ddfe8c7a89fc288e134.ctex
Completed load for: 'res://assets/weapons/SM_WornSword_T_WornSword_Normal.png' remapped 'res://assets/weapons/SM_WornSword_T_WornSword_Normal.png' at thread -1
Completed load for: 'res://assets/weapons/SM_WornSword.glb' remapped 'res://assets/weapons/SM_WornSword.glb' at thread -1
Completed load for: 'res://scenes/weapons/WornSword.tscn' remapped 'res://scenes/weapons/WornSword.tscn' at thread -1
Loading resource: res://assets/weapons/T_WornSword_Icon.png remapped: res://assets/weapons/T_WornSword_Icon.png
Loading resource: res://.godot/imported/T_WornSword_Icon.png-fb073e1d43aabd302aa1a0e7b62f9817.ctex remapped: res://.godot/imported/T_WornSword_Icon.png-fb073e1d43aabd302aa1a0e7b62f9817.ctex
Completed load for: 'res://assets/weapons/T_WornSword_Icon.png' remapped 'res://assets/weapons/T_WornSword_Icon.png' at thread -1
Completed load for: 'res://resources/weapons/worn_sword.tres' remapped 'res://resources/weapons/worn_sword.tres' at thread -1
Loading resource: res://resources/characters/hero_anim_set.tres remapped: res://resources/characters/hero_anim_set.tres
Completed load for: 'res://resources/characters/hero_anim_set.tres' remapped 'res://resources/characters/hero_anim_set.tres' at thread -1
Completed load for: 'res://scenes/player/Player.tscn' remapped 'res://scenes/player/Player.tscn' at thread -1
Loading resource: res://scenes/tests/AssetCalibration.tscn remapped: res://scenes/tests/AssetCalibration.tscn
Loading resource: res://scripts/tools/asset_calibration.gd remapped: res://scripts/tools/asset_calibration.gd
Completed load for: 'res://scripts/tools/asset_calibration.gd' remapped 'res://scripts/tools/asset_calibration.gd' at thread -1
Completed load for: 'res://scenes/tests/AssetCalibration.tscn' remapped 'res://scenes/tests/AssetCalibration.tscn' at thread -1
Loading resource: res://scenes/tests/AssetGallery.tscn remapped: res://scenes/tests/AssetGallery.tscn
Loading resource: res://scripts/tools/asset_gallery.gd remapped: res://scripts/tools/asset_gallery.gd
Completed load for: 'res://scripts/tools/asset_gallery.gd' remapped 'res://scripts/tools/asset_gallery.gd' at thread -1
Completed load for: 'res://scenes/tests/AssetGallery.tscn' remapped 'res://scenes/tests/AssetGallery.tscn' at thread -1
Loading resource: res://scenes/tests/BestiaryLineup.tscn remapped: res://scenes/tests/BestiaryLineup.tscn
Loading resource: res://scripts/tools/bestiary_lineup.gd remapped: res://scripts/tools/bestiary_lineup.gd
Completed load for: 'res://scripts/tools/bestiary_lineup.gd' remapped 'res://scripts/tools/bestiary_lineup.gd' at thread -1
Completed load for: 'res://scenes/tests/BestiaryLineup.tscn' remapped 'res://scenes/tests/BestiaryLineup.tscn' at thread -1
Loading resource: res://scenes/tests/CharacterTurntable.tscn remapped: res://scenes/tests/CharacterTurntable.tscn
Loading resource: res://scripts/tools/character_turntable.gd remapped: res://scripts/tools/character_turntable.gd
Completed load for: 'res://scripts/tools/character_turntable.gd' remapped 'res://scripts/tools/character_turntable.gd' at thread -1
Completed load for: 'res://scenes/tests/CharacterTurntable.tscn' remapped 'res://scenes/tests/CharacterTurntable.tscn' at thread -1
Loading resource: res://scenes/tests/CombatDummy.tscn remapped: res://scenes/tests/CombatDummy.tscn
Loading resource: res://scripts/tools/combat_dummy.gd remapped: res://scripts/tools/combat_dummy.gd
Completed load for: 'res://scripts/tools/combat_dummy.gd' remapped 'res://scripts/tools/combat_dummy.gd' at thread -1
Completed load for: 'res://scenes/tests/CombatDummy.tscn' remapped 'res://scenes/tests/CombatDummy.tscn' at thread -1
Loading resource: res://scenes/tests/CombatLab.tscn remapped: res://scenes/tests/CombatLab.tscn
Loading resource: res://scenes/player/Player.tscn remapped: res://scenes/player/Player.tscn
Loading resource: res://resources/tuning/locomotion_default.tres remapped: res://resources/tuning/locomotion_default.tres
Completed load for: 'res://resources/tuning/locomotion_default.tres' remapped 'res://resources/tuning/locomotion_default.tres' at thread -1
Loading resource: res://resources/tuning/stamina_default.tres remapped: res://resources/tuning/stamina_default.tres
Completed load for: 'res://resources/tuning/stamina_default.tres' remapped 'res://resources/tuning/stamina_default.tres' at thread -1
Loading resource: res://resources/tuning/climb_default.tres remapped: res://resources/tuning/climb_default.tres
Completed load for: 'res://resources/tuning/climb_default.tres' remapped 'res://resources/tuning/climb_default.tres' at thread -1
Loading resource: res://resources/combat/sword/light_1.tres remapped: res://resources/combat/sword/light_1.tres
Completed load for: 'res://resources/combat/sword/light_1.tres' remapped 'res://resources/combat/sword/light_1.tres' at thread -1
Loading resource: res://resources/combat/sword/light_2.tres remapped: res://resources/combat/sword/light_2.tres
Completed load for: 'res://resources/combat/sword/light_2.tres' remapped 'res://resources/combat/sword/light_2.tres' at thread -1
Loading resource: res://resources/combat/sword/light_3.tres remapped: res://resources/combat/sword/light_3.tres
Completed load for: 'res://resources/combat/sword/light_3.tres' remapped 'res://resources/combat/sword/light_3.tres' at thread -1
Loading resource: res://resources/combat/dodge_default.tres remapped: res://resources/combat/dodge_default.tres
Completed load for: 'res://resources/combat/dodge_default.tres' remapped 'res://resources/combat/dodge_default.tres' at thread -1
Loading resource: res://resources/combat/hurt_default.tres remapped: res://resources/combat/hurt_default.tres
Completed load for: 'res://resources/combat/hurt_default.tres' remapped 'res://resources/combat/hurt_default.tres' at thread -1
Loading resource: res://resources/combat/guard_default.tres remapped: res://resources/combat/guard_default.tres
Completed load for: 'res://resources/combat/guard_default.tres' remapped 'res://resources/combat/guard_default.tres' at thread -1
Loading resource: res://resources/combat/bow_default.tres remapped: res://resources/combat/bow_default.tres
Completed load for: 'res://resources/combat/bow_default.tres' remapped 'res://resources/combat/bow_default.tres' at thread -1
Loading resource: res://resources/combat/sword/heavy_1.tres remapped: res://resources/combat/sword/heavy_1.tres
Completed load for: 'res://resources/combat/sword/heavy_1.tres' remapped 'res://resources/combat/sword/heavy_1.tres' at thread -1
Loading resource: res://resources/weapons/worn_sword.tres remapped: res://resources/weapons/worn_sword.tres
Loading resource: res://scenes/weapons/WornSword.tscn remapped: res://scenes/weapons/WornSword.tscn
Loading resource: res://assets/weapons/SM_WornSword.glb remapped: res://assets/weapons/SM_WornSword.glb
Loading resource: res://.godot/imported/SM_WornSword.glb-814a3a31326f2e3ca85a843f56aab4bd.scn remapped: res://.godot/imported/SM_WornSword.glb-814a3a31326f2e3ca85a843f56aab4bd.scn
Loading resource: res://assets/weapons/SM_WornSword_T_WornSword_BaseColor.png remapped: res://assets/weapons/SM_WornSword_T_WornSword_BaseColor.png
Loading resource: res://.godot/imported/SM_WornSword_T_WornSword_BaseColor.png-0427044e693951a7121d0da0b2ab43d0.ctex remapped: res://.godot/imported/SM_WornSword_T_WornSword_BaseColor.png-0427044e693951a7121d0da0b2ab43d0.ctex
Completed load for: 'res://assets/weapons/SM_WornSword_T_WornSword_BaseColor.png' remapped 'res://assets/weapons/SM_WornSword_T_WornSword_BaseColor.png' at thread -1
Loading resource: res://assets/weapons/SM_WornSword_T_WornSword_MR.png remapped: res://assets/weapons/SM_WornSword_T_WornSword_MR.png
Loading resource: res://.godot/imported/SM_WornSword_T_WornSword_MR.png-1440ba0f976f8c25b8a151bc187dd279.ctex remapped: res://.godot/imported/SM_WornSword_T_WornSword_MR.png-1440ba0f976f8c25b8a151bc187dd279.ctex
Completed load for: 'res://assets/weapons/SM_WornSword_T_WornSword_MR.png' remapped 'res://assets/weapons/SM_WornSword_T_WornSword_MR.png' at thread -1
Loading resource: res://assets/weapons/SM_WornSword_T_WornSword_Normal.png remapped: res://assets/weapons/SM_WornSword_T_WornSword_Normal.png
Loading resource: res://.godot/imported/SM_WornSword_T_WornSword_Normal.png-dc0e4d8cb2ae4ddfe8c7a89fc288e134.ctex remapped: res://.godot/imported/SM_WornSword_T_WornSword_Normal.png-dc0e4d8cb2ae4ddfe8c7a89fc288e134.ctex
Completed load for: 'res://assets/weapons/SM_WornSword_T_WornSword_Normal.png' remapped 'res://assets/weapons/SM_WornSword_T_WornSword_Normal.png' at thread -1
Completed load for: 'res://assets/weapons/SM_WornSword.glb' remapped 'res://assets/weapons/SM_WornSword.glb' at thread -1
Completed load for: 'res://scenes/weapons/WornSword.tscn' remapped 'res://scenes/weapons/WornSword.tscn' at thread -1
Loading resource: res://assets/weapons/T_WornSword_Icon.png remapped: res://assets/weapons/T_WornSword_Icon.png
Loading resource: res://.godot/imported/T_WornSword_Icon.png-fb073e1d43aabd302aa1a0e7b62f9817.ctex remapped: res://.godot/imported/T_WornSword_Icon.png-fb073e1d43aabd302aa1a0e7b62f9817.ctex
Completed load for: 'res://assets/weapons/T_WornSword_Icon.png' remapped 'res://assets/weapons/T_WornSword_Icon.png' at thread -1
Completed load for: 'res://resources/weapons/worn_sword.tres' remapped 'res://resources/weapons/worn_sword.tres' at thread -1
Loading resource: res://resources/characters/hero_anim_set.tres remapped: res://resources/characters/hero_anim_set.tres
Completed load for: 'res://resources/characters/hero_anim_set.tres' remapped 'res://resources/characters/hero_anim_set.tres' at thread -1
Completed load for: 'res://scenes/player/Player.tscn' remapped 'res://scenes/player/Player.tscn' at thread -1
Loading resource: res://scripts/tools/combat_lab.gd remapped: res://scripts/tools/combat_lab.gd
Completed load for: 'res://scripts/tools/combat_lab.gd' remapped 'res://scripts/tools/combat_lab.gd' at thread -1
Loading resource: res://scenes/enemies/RaiderRed.tscn remapped: res://scenes/enemies/RaiderRed.tscn
Loading resource: res://resources/enemies/raider_red_default.tres remapped: res://resources/enemies/raider_red_default.tres
Completed load for: 'res://resources/enemies/raider_red_default.tres' remapped 'res://resources/enemies/raider_red_default.tres' at thread -1
Loading resource: res://resources/combat/raider/club_1.tres remapped: res://resources/combat/raider/club_1.tres
Completed load for: 'res://resources/combat/raider/club_1.tres' remapped 'res://resources/combat/raider/club_1.tres' at thread -1
Loading resource: res://resources/characters/raider_anim_set.tres remapped: res://resources/characters/raider_anim_set.tres
Completed load for: 'res://resources/characters/raider_anim_set.tres' remapped 'res://resources/characters/raider_anim_set.tres' at thread -1
Completed load for: 'res://scenes/enemies/RaiderRed.tscn' remapped 'res://scenes/enemies/RaiderRed.tscn' at thread -1
Loading resource: res://scripts/tools/lab_overlay.gd remapped: res://scripts/tools/lab_overlay.gd
Completed load for: 'res://scripts/tools/lab_overlay.gd' remapped 'res://scripts/tools/lab_overlay.gd' at thread -1
Completed load for: 'res://scenes/tests/CombatLab.tscn' remapped 'res://scenes/tests/CombatLab.tscn' at thread -1
Loading resource: res://scenes/tests/InputAudit.tscn remapped: res://scenes/tests/InputAudit.tscn
Loading resource: res://scripts/tools/input_audit.gd remapped: res://scripts/tools/input_audit.gd
Completed load for: 'res://scripts/tools/input_audit.gd' remapped 'res://scripts/tools/input_audit.gd' at thread -1
Completed load for: 'res://scenes/tests/InputAudit.tscn' remapped 'res://scenes/tests/InputAudit.tscn' at thread -1
Loading resource: res://scenes/tests/PhysicsSandbox.tscn remapped: res://scenes/tests/PhysicsSandbox.tscn
Completed load for: 'res://scenes/tests/PhysicsSandbox.tscn' remapped 'res://scenes/tests/PhysicsSandbox.tscn' at thread -1
Loading resource: res://scenes/tests/PipelineLab.tscn remapped: res://scenes/tests/PipelineLab.tscn
Loading resource: res://assets/environment/props/SM_TestCube.glb remapped: res://assets/environment/props/SM_TestCube.glb
Loading resource: res://.godot/imported/SM_TestCube.glb-9d3c9387804eb8f95fe440b668eed219.scn remapped: res://.godot/imported/SM_TestCube.glb-9d3c9387804eb8f95fe440b668eed219.scn
Completed load for: 'res://assets/environment/props/SM_TestCube.glb' remapped 'res://assets/environment/props/SM_TestCube.glb' at thread -1
Loading resource: res://assets/characters/hero/SK_TestRigAnim.glb remapped: res://assets/characters/hero/SK_TestRigAnim.glb
Loading resource: res://.godot/imported/SK_TestRigAnim.glb-e6f29f98a3ee65c5b937a4505735fbd8.scn remapped: res://.godot/imported/SK_TestRigAnim.glb-e6f29f98a3ee65c5b937a4505735fbd8.scn
Completed load for: 'res://assets/characters/hero/SK_TestRigAnim.glb' remapped 'res://assets/characters/hero/SK_TestRigAnim.glb' at thread -1
Completed load for: 'res://scenes/tests/PipelineLab.tscn' remapped 'res://scenes/tests/PipelineLab.tscn' at thread -1
Loading resource: res://scenes/tests/ResonanceLab.tscn remapped: res://scenes/tests/ResonanceLab.tscn
Loading resource: res://scripts/tools/resonance_lab.gd remapped: res://scripts/tools/resonance_lab.gd
Completed load for: 'res://scripts/tools/resonance_lab.gd' remapped 'res://scripts/tools/resonance_lab.gd' at thread -1
Completed load for: 'res://scenes/tests/ResonanceLab.tscn' remapped 'res://scenes/tests/ResonanceLab.tscn' at thread -1
Loading resource: res://scenes/tests/RewardAnchorShot.tscn remapped: res://scenes/tests/RewardAnchorShot.tscn
Loading resource: res://scripts/tools/reward_anchor_shot.gd remapped: res://scripts/tools/reward_anchor_shot.gd
Completed load for: 'res://scripts/tools/reward_anchor_shot.gd' remapped 'res://scripts/tools/reward_anchor_shot.gd' at thread -1
Completed load for: 'res://scenes/tests/RewardAnchorShot.tscn' remapped 'res://scenes/tests/RewardAnchorShot.tscn' at thread -1
Loading resource: res://scenes/tests/SilhouetteLineup.tscn remapped: res://scenes/tests/SilhouetteLineup.tscn
Loading resource: res://scripts/tools/silhouette_lineup.gd remapped: res://scripts/tools/silhouette_lineup.gd
Completed load for: 'res://scripts/tools/silhouette_lineup.gd' remapped 'res://scripts/tools/silhouette_lineup.gd' at thread -1
Completed load for: 'res://scenes/tests/SilhouetteLineup.tscn' remapped 'res://scenes/tests/SilhouetteLineup.tscn' at thread -1
Loading resource: res://scenes/tests/TraversalCourse.tscn remapped: res://scenes/tests/TraversalCourse.tscn
Completed load for: 'res://scenes/tests/TraversalCourse.tscn' remapped 'res://scenes/tests/TraversalCourse.tscn' at thread -1
Loading resource: res://scenes/tests/TraversalPlayground.tscn remapped: res://scenes/tests/TraversalPlayground.tscn
Loading resource: res://scenes/tests/TraversalSandbox.tscn remapped: res://scenes/tests/TraversalSandbox.tscn
Completed load for: 'res://scenes/tests/TraversalSandbox.tscn' remapped 'res://scenes/tests/TraversalSandbox.tscn' at thread -1
Loading resource: res://scenes/player/Player.tscn remapped: res://scenes/player/Player.tscn
Loading resource: res://resources/tuning/locomotion_default.tres remapped: res://resources/tuning/locomotion_default.tres
Completed load for: 'res://resources/tuning/locomotion_default.tres' remapped 'res://resources/tuning/locomotion_default.tres' at thread -1
Loading resource: res://resources/tuning/stamina_default.tres remapped: res://resources/tuning/stamina_default.tres
Completed load for: 'res://resources/tuning/stamina_default.tres' remapped 'res://resources/tuning/stamina_default.tres' at thread -1
Loading resource: res://resources/tuning/climb_default.tres remapped: res://resources/tuning/climb_default.tres
Completed load for: 'res://resources/tuning/climb_default.tres' remapped 'res://resources/tuning/climb_default.tres' at thread -1
Loading resource: res://resources/combat/sword/light_1.tres remapped: res://resources/combat/sword/light_1.tres
Completed load for: 'res://resources/combat/sword/light_1.tres' remapped 'res://resources/combat/sword/light_1.tres' at thread -1
Loading resource: res://resources/combat/sword/light_2.tres remapped: res://resources/combat/sword/light_2.tres
Completed load for: 'res://resources/combat/sword/light_2.tres' remapped 'res://resources/combat/sword/light_2.tres' at thread -1
Loading resource: res://resources/combat/sword/light_3.tres remapped: res://resources/combat/sword/light_3.tres
Completed load for: 'res://resources/combat/sword/light_3.tres' remapped 'res://resources/combat/sword/light_3.tres' at thread -1
Loading resource: res://resources/combat/dodge_default.tres remapped: res://resources/combat/dodge_default.tres
Completed load for: 'res://resources/combat/dodge_default.tres' remapped 'res://resources/combat/dodge_default.tres' at thread -1
Loading resource: res://resources/combat/hurt_default.tres remapped: res://resources/combat/hurt_default.tres
Completed load for: 'res://resources/combat/hurt_default.tres' remapped 'res://resources/combat/hurt_default.tres' at thread -1
Loading resource: res://resources/combat/guard_default.tres remapped: res://resources/combat/guard_default.tres
Completed load for: 'res://resources/combat/guard_default.tres' remapped 'res://resources/combat/guard_default.tres' at thread -1
Loading resource: res://resources/combat/bow_default.tres remapped: res://resources/combat/bow_default.tres
Completed load for: 'res://resources/combat/bow_default.tres' remapped 'res://resources/combat/bow_default.tres' at thread -1
Loading resource: res://resources/combat/sword/heavy_1.tres remapped: res://resources/combat/sword/heavy_1.tres
Completed load for: 'res://resources/combat/sword/heavy_1.tres' remapped 'res://resources/combat/sword/heavy_1.tres' at thread -1
Loading resource: res://resources/weapons/worn_sword.tres remapped: res://resources/weapons/worn_sword.tres
Loading resource: res://scenes/weapons/WornSword.tscn remapped: res://scenes/weapons/WornSword.tscn
Loading resource: res://assets/weapons/SM_WornSword.glb remapped: res://assets/weapons/SM_WornSword.glb
Loading resource: res://.godot/imported/SM_WornSword.glb-814a3a31326f2e3ca85a843f56aab4bd.scn remapped: res://.godot/imported/SM_WornSword.glb-814a3a31326f2e3ca85a843f56aab4bd.scn
Loading resource: res://assets/weapons/SM_WornSword_T_WornSword_BaseColor.png remapped: res://assets/weapons/SM_WornSword_T_WornSword_BaseColor.png
Loading resource: res://.godot/imported/SM_WornSword_T_WornSword_BaseColor.png-0427044e693951a7121d0da0b2ab43d0.ctex remapped: res://.godot/imported/SM_WornSword_T_WornSword_BaseColor.png-0427044e693951a7121d0da0b2ab43d0.ctex
Completed load for: 'res://assets/weapons/SM_WornSword_T_WornSword_BaseColor.png' remapped 'res://assets/weapons/SM_WornSword_T_WornSword_BaseColor.png' at thread -1
Loading resource: res://assets/weapons/SM_WornSword_T_WornSword_MR.png remapped: res://assets/weapons/SM_WornSword_T_WornSword_MR.png
Loading resource: res://.godot/imported/SM_WornSword_T_WornSword_MR.png-1440ba0f976f8c25b8a151bc187dd279.ctex remapped: res://.godot/imported/SM_WornSword_T_WornSword_MR.png-1440ba0f976f8c25b8a151bc187dd279.ctex
Completed load for: 'res://assets/weapons/SM_WornSword_T_WornSword_MR.png' remapped 'res://assets/weapons/SM_WornSword_T_WornSword_MR.png' at thread -1
Loading resource: res://assets/weapons/SM_WornSword_T_WornSword_Normal.png remapped: res://assets/weapons/SM_WornSword_T_WornSword_Normal.png
Loading resource: res://.godot/imported/SM_WornSword_T_WornSword_Normal.png-dc0e4d8cb2ae4ddfe8c7a89fc288e134.ctex remapped: res://.godot/imported/SM_WornSword_T_WornSword_Normal.png-dc0e4d8cb2ae4ddfe8c7a89fc288e134.ctex
Completed load for: 'res://assets/weapons/SM_WornSword_T_WornSword_Normal.png' remapped 'res://assets/weapons/SM_WornSword_T_WornSword_Normal.png' at thread -1
Completed load for: 'res://assets/weapons/SM_WornSword.glb' remapped 'res://assets/weapons/SM_WornSword.glb' at thread -1
Completed load for: 'res://scenes/weapons/WornSword.tscn' remapped 'res://scenes/weapons/WornSword.tscn' at thread -1
Loading resource: res://assets/weapons/T_WornSword_Icon.png remapped: res://assets/weapons/T_WornSword_Icon.png
Loading resource: res://.godot/imported/T_WornSword_Icon.png-fb073e1d43aabd302aa1a0e7b62f9817.ctex remapped: res://.godot/imported/T_WornSword_Icon.png-fb073e1d43aabd302aa1a0e7b62f9817.ctex
Completed load for: 'res://assets/weapons/T_WornSword_Icon.png' remapped 'res://assets/weapons/T_WornSword_Icon.png' at thread -1
Completed load for: 'res://resources/weapons/worn_sword.tres' remapped 'res://resources/weapons/worn_sword.tres' at thread -1
Loading resource: res://resources/characters/hero_anim_set.tres remapped: res://resources/characters/hero_anim_set.tres
Completed load for: 'res://resources/characters/hero_anim_set.tres' remapped 'res://resources/characters/hero_anim_set.tres' at thread -1
Completed load for: 'res://scenes/player/Player.tscn' remapped 'res://scenes/player/Player.tscn' at thread -1
Loading resource: res://scripts/tools/traversal_playground.gd remapped: res://scripts/tools/traversal_playground.gd
Completed load for: 'res://scripts/tools/traversal_playground.gd' remapped 'res://scripts/tools/traversal_playground.gd' at thread -1
Completed load for: 'res://scenes/tests/TraversalPlayground.tscn' remapped 'res://scenes/tests/TraversalPlayground.tscn' at thread -1
Loading resource: res://scenes/tests/VillageShot.tscn remapped: res://scenes/tests/VillageShot.tscn
Loading resource: res://scripts/tools/village_shot.gd remapped: res://scripts/tools/village_shot.gd
Completed load for: 'res://scripts/tools/village_shot.gd' remapped 'res://scripts/tools/village_shot.gd' at thread -1
Completed load for: 'res://scenes/tests/VillageShot.tscn' remapped 'res://scenes/tests/VillageShot.tscn' at thread -1
Loading resource: res://scenes/ui/GameplayShell.tscn remapped: res://scenes/ui/GameplayShell.tscn
Completed load for: 'res://scenes/ui/GameplayShell.tscn' remapped 'res://scenes/ui/GameplayShell.tscn' at thread -1
Loading resource: res://scenes/ui/MainMenu.tscn remapped: res://scenes/ui/MainMenu.tscn
Loading resource: res://scripts/ui/main_menu.gd remapped: res://scripts/ui/main_menu.gd
Completed load for: 'res://scripts/ui/main_menu.gd' remapped 'res://scripts/ui/main_menu.gd' at thread -1
Completed load for: 'res://scenes/ui/MainMenu.tscn' remapped 'res://scenes/ui/MainMenu.tscn' at thread -1
Loading resource: res://scenes/ui/VictoryScreen.tscn remapped: res://scenes/ui/VictoryScreen.tscn
Loading resource: res://scripts/ui/victory_screen.gd remapped: res://scripts/ui/victory_screen.gd
Completed load for: 'res://scripts/ui/victory_screen.gd' remapped 'res://scripts/ui/victory_screen.gd' at thread -1
Completed load for: 'res://scenes/ui/VictoryScreen.tscn' remapped 'res://scenes/ui/VictoryScreen.tscn' at thread -1
Loading resource: res://scenes/weapons/ConductiveBlade.tscn remapped: res://scenes/weapons/ConductiveBlade.tscn
Loading resource: res://assets/weapons/SM_ConductiveBlade.glb remapped: res://assets/weapons/SM_ConductiveBlade.glb
Loading resource: res://.godot/imported/SM_ConductiveBlade.glb-76cc1456b03219f13d77dabf172ee11b.scn remapped: res://.godot/imported/SM_ConductiveBlade.glb-76cc1456b03219f13d77dabf172ee11b.scn
Completed load for: 'res://assets/weapons/SM_ConductiveBlade.glb' remapped 'res://assets/weapons/SM_ConductiveBlade.glb' at thread -1
Completed load for: 'res://scenes/weapons/ConductiveBlade.tscn' remapped 'res://scenes/weapons/ConductiveBlade.tscn' at thread -1
Loading resource: res://scenes/weapons/HeavyAxe.tscn remapped: res://scenes/weapons/HeavyAxe.tscn
Loading resource: res://assets/weapons/SM_HeavyAxe.glb remapped: res://assets/weapons/SM_HeavyAxe.glb
Loading resource: res://.godot/imported/SM_HeavyAxe.glb-c1c0d22954be3f59030456bed74278a6.scn remapped: res://.godot/imported/SM_HeavyAxe.glb-c1c0d22954be3f59030456bed74278a6.scn
Completed load for: 'res://assets/weapons/SM_HeavyAxe.glb' remapped 'res://assets/weapons/SM_HeavyAxe.glb' at thread -1
Completed load for: 'res://scenes/weapons/HeavyAxe.tscn' remapped 'res://scenes/weapons/HeavyAxe.tscn' at thread -1
Loading resource: res://scenes/weapons/SimpleBow.tscn remapped: res://scenes/weapons/SimpleBow.tscn
Loading resource: res://assets/weapons/SM_SimpleBow.glb remapped: res://assets/weapons/SM_SimpleBow.glb
Loading resource: res://.godot/imported/SM_SimpleBow.glb-89f1e4f65958a941565ca10e8a3eb07b.scn remapped: res://.godot/imported/SM_SimpleBow.glb-89f1e4f65958a941565ca10e8a3eb07b.scn
Completed load for: 'res://assets/weapons/SM_SimpleBow.glb' remapped 'res://assets/weapons/SM_SimpleBow.glb' at thread -1
Completed load for: 'res://scenes/weapons/SimpleBow.tscn' remapped 'res://scenes/weapons/SimpleBow.tscn' at thread -1
Loading resource: res://scenes/weapons/Spear.tscn remapped: res://scenes/weapons/Spear.tscn
Loading resource: res://assets/weapons/SM_Spear.glb remapped: res://assets/weapons/SM_Spear.glb
Loading resource: res://.godot/imported/SM_Spear.glb-dcd0671bbc6347523dfdb8230fce58ee.scn remapped: res://.godot/imported/SM_Spear.glb-dcd0671bbc6347523dfdb8230fce58ee.scn
Completed load for: 'res://assets/weapons/SM_Spear.glb' remapped 'res://assets/weapons/SM_Spear.glb' at thread -1
Completed load for: 'res://scenes/weapons/Spear.tscn' remapped 'res://scenes/weapons/Spear.tscn' at thread -1
Loading resource: res://scenes/weapons/WeaponShowcase.tscn remapped: res://scenes/weapons/WeaponShowcase.tscn
Loading resource: res://scripts/tools/weapon_showcase.gd remapped: res://scripts/tools/weapon_showcase.gd
Completed load for: 'res://scripts/tools/weapon_showcase.gd' remapped 'res://scripts/tools/weapon_showcase.gd' at thread -1
Completed load for: 'res://scenes/weapons/WeaponShowcase.tscn' remapped 'res://scenes/weapons/WeaponShowcase.tscn' at thread -1
Loading resource: res://scenes/weapons/WoodClub.tscn remapped: res://scenes/weapons/WoodClub.tscn
Loading resource: res://assets/weapons/SM_WoodClub.glb remapped: res://assets/weapons/SM_WoodClub.glb
Loading resource: res://.godot/imported/SM_WoodClub.glb-137c5702af02eeb9b311ef60b8616688.scn remapped: res://.godot/imported/SM_WoodClub.glb-137c5702af02eeb9b311ef60b8616688.scn
Completed load for: 'res://assets/weapons/SM_WoodClub.glb' remapped 'res://assets/weapons/SM_WoodClub.glb' at thread -1
Completed load for: 'res://scenes/weapons/WoodClub.tscn' remapped 'res://scenes/weapons/WoodClub.tscn' at thread -1
Loading resource: res://scenes/weapons/WornSword.tscn remapped: res://scenes/weapons/WornSword.tscn
Loading resource: res://assets/weapons/SM_WornSword.glb remapped: res://assets/weapons/SM_WornSword.glb
Loading resource: res://.godot/imported/SM_WornSword.glb-814a3a31326f2e3ca85a843f56aab4bd.scn remapped: res://.godot/imported/SM_WornSword.glb-814a3a31326f2e3ca85a843f56aab4bd.scn
Loading resource: res://assets/weapons/SM_WornSword_T_WornSword_BaseColor.png remapped: res://assets/weapons/SM_WornSword_T_WornSword_BaseColor.png
Loading resource: res://.godot/imported/SM_WornSword_T_WornSword_BaseColor.png-0427044e693951a7121d0da0b2ab43d0.ctex remapped: res://.godot/imported/SM_WornSword_T_WornSword_BaseColor.png-0427044e693951a7121d0da0b2ab43d0.ctex
Completed load for: 'res://assets/weapons/SM_WornSword_T_WornSword_BaseColor.png' remapped 'res://assets/weapons/SM_WornSword_T_WornSword_BaseColor.png' at thread -1
Loading resource: res://assets/weapons/SM_WornSword_T_WornSword_MR.png remapped: res://assets/weapons/SM_WornSword_T_WornSword_MR.png
Loading resource: res://.godot/imported/SM_WornSword_T_WornSword_MR.png-1440ba0f976f8c25b8a151bc187dd279.ctex remapped: res://.godot/imported/SM_WornSword_T_WornSword_MR.png-1440ba0f976f8c25b8a151bc187dd279.ctex
Completed load for: 'res://assets/weapons/SM_WornSword_T_WornSword_MR.png' remapped 'res://assets/weapons/SM_WornSword_T_WornSword_MR.png' at thread -1
Loading resource: res://assets/weapons/SM_WornSword_T_WornSword_Normal.png remapped: res://assets/weapons/SM_WornSword_T_WornSword_Normal.png
Loading resource: res://.godot/imported/SM_WornSword_T_WornSword_Normal.png-dc0e4d8cb2ae4ddfe8c7a89fc288e134.ctex remapped: res://.godot/imported/SM_WornSword_T_WornSword_Normal.png-dc0e4d8cb2ae4ddfe8c7a89fc288e134.ctex
Completed load for: 'res://assets/weapons/SM_WornSword_T_WornSword_Normal.png' remapped 'res://assets/weapons/SM_WornSword_T_WornSword_Normal.png' at thread -1
Completed load for: 'res://assets/weapons/SM_WornSword.glb' remapped 'res://assets/weapons/SM_WornSword.glb' at thread -1
Completed load for: 'res://scenes/weapons/WornSword.tscn' remapped 'res://scenes/weapons/WornSword.tscn' at thread -1
Loading resource: res://scenes/world/TrainingGrounds.tscn remapped: res://scenes/world/TrainingGrounds.tscn
Loading resource: res://scripts/world/training_grounds.gd remapped: res://scripts/world/training_grounds.gd
Completed load for: 'res://scripts/world/training_grounds.gd' remapped 'res://scripts/world/training_grounds.gd' at thread -1
Completed load for: 'res://scenes/world/TrainingGrounds.tscn' remapped 'res://scenes/world/TrainingGrounds.tscn' at thread -1
Loading resource: res://scenes/world/citadel/CitadelVestibule.tscn remapped: res://scenes/world/citadel/CitadelVestibule.tscn
Loading resource: res://scripts/world/citadel_vestibule.gd remapped: res://scripts/world/citadel_vestibule.gd
Completed load for: 'res://scripts/world/citadel_vestibule.gd' remapped 'res://scripts/world/citadel_vestibule.gd' at thread -1
Loading resource: res://scenes/player/Player.tscn remapped: res://scenes/player/Player.tscn
Loading resource: res://resources/tuning/locomotion_default.tres remapped: res://resources/tuning/locomotion_default.tres
Completed load for: 'res://resources/tuning/locomotion_default.tres' remapped 'res://resources/tuning/locomotion_default.tres' at thread -1
Loading resource: res://resources/tuning/stamina_default.tres remapped: res://resources/tuning/stamina_default.tres
Completed load for: 'res://resources/tuning/stamina_default.tres' remapped 'res://resources/tuning/stamina_default.tres' at thread -1
Loading resource: res://resources/tuning/climb_default.tres remapped: res://resources/tuning/climb_default.tres
Completed load for: 'res://resources/tuning/climb_default.tres' remapped 'res://resources/tuning/climb_default.tres' at thread -1
Loading resource: res://resources/combat/sword/light_1.tres remapped: res://resources/combat/sword/light_1.tres
Completed load for: 'res://resources/combat/sword/light_1.tres' remapped 'res://resources/combat/sword/light_1.tres' at thread -1
Loading resource: res://resources/combat/sword/light_2.tres remapped: res://resources/combat/sword/light_2.tres
Completed load for: 'res://resources/combat/sword/light_2.tres' remapped 'res://resources/combat/sword/light_2.tres' at thread -1
Loading resource: res://resources/combat/sword/light_3.tres remapped: res://resources/combat/sword/light_3.tres
Completed load for: 'res://resources/combat/sword/light_3.tres' remapped 'res://resources/combat/sword/light_3.tres' at thread -1
Loading resource: res://resources/combat/dodge_default.tres remapped: res://resources/combat/dodge_default.tres
Completed load for: 'res://resources/combat/dodge_default.tres' remapped 'res://resources/combat/dodge_default.tres' at thread -1
Loading resource: res://resources/combat/hurt_default.tres remapped: res://resources/combat/hurt_default.tres
Completed load for: 'res://resources/combat/hurt_default.tres' remapped 'res://resources/combat/hurt_default.tres' at thread -1
Loading resource: res://resources/combat/guard_default.tres remapped: res://resources/combat/guard_default.tres
Completed load for: 'res://resources/combat/guard_default.tres' remapped 'res://resources/combat/guard_default.tres' at thread -1
Loading resource: res://resources/combat/bow_default.tres remapped: res://resources/combat/bow_default.tres
Completed load for: 'res://resources/combat/bow_default.tres' remapped 'res://resources/combat/bow_default.tres' at thread -1
Loading resource: res://resources/combat/sword/heavy_1.tres remapped: res://resources/combat/sword/heavy_1.tres
Completed load for: 'res://resources/combat/sword/heavy_1.tres' remapped 'res://resources/combat/sword/heavy_1.tres' at thread -1
Loading resource: res://resources/weapons/worn_sword.tres remapped: res://resources/weapons/worn_sword.tres
Loading resource: res://scenes/weapons/WornSword.tscn remapped: res://scenes/weapons/WornSword.tscn
Loading resource: res://assets/weapons/SM_WornSword.glb remapped: res://assets/weapons/SM_WornSword.glb
Loading resource: res://.godot/imported/SM_WornSword.glb-814a3a31326f2e3ca85a843f56aab4bd.scn remapped: res://.godot/imported/SM_WornSword.glb-814a3a31326f2e3ca85a843f56aab4bd.scn
Loading resource: res://assets/weapons/SM_WornSword_T_WornSword_BaseColor.png remapped: res://assets/weapons/SM_WornSword_T_WornSword_BaseColor.png
Loading resource: res://.godot/imported/SM_WornSword_T_WornSword_BaseColor.png-0427044e693951a7121d0da0b2ab43d0.ctex remapped: res://.godot/imported/SM_WornSword_T_WornSword_BaseColor.png-0427044e693951a7121d0da0b2ab43d0.ctex
Completed load for: 'res://assets/weapons/SM_WornSword_T_WornSword_BaseColor.png' remapped 'res://assets/weapons/SM_WornSword_T_WornSword_BaseColor.png' at thread -1
Loading resource: res://assets/weapons/SM_WornSword_T_WornSword_MR.png remapped: res://assets/weapons/SM_WornSword_T_WornSword_MR.png
Loading resource: res://.godot/imported/SM_WornSword_T_WornSword_MR.png-1440ba0f976f8c25b8a151bc187dd279.ctex remapped: res://.godot/imported/SM_WornSword_T_WornSword_MR.png-1440ba0f976f8c25b8a151bc187dd279.ctex
Completed load for: 'res://assets/weapons/SM_WornSword_T_WornSword_MR.png' remapped 'res://assets/weapons/SM_WornSword_T_WornSword_MR.png' at thread -1
Loading resource: res://assets/weapons/SM_WornSword_T_WornSword_Normal.png remapped: res://assets/weapons/SM_WornSword_T_WornSword_Normal.png
Loading resource: res://.godot/imported/SM_WornSword_T_WornSword_Normal.png-dc0e4d8cb2ae4ddfe8c7a89fc288e134.ctex remapped: res://.godot/imported/SM_WornSword_T_WornSword_Normal.png-dc0e4d8cb2ae4ddfe8c7a89fc288e134.ctex
Completed load for: 'res://assets/weapons/SM_WornSword_T_WornSword_Normal.png' remapped 'res://assets/weapons/SM_WornSword_T_WornSword_Normal.png' at thread -1
Completed load for: 'res://assets/weapons/SM_WornSword.glb' remapped 'res://assets/weapons/SM_WornSword.glb' at thread -1
Completed load for: 'res://scenes/weapons/WornSword.tscn' remapped 'res://scenes/weapons/WornSword.tscn' at thread -1
Loading resource: res://assets/weapons/T_WornSword_Icon.png remapped: res://assets/weapons/T_WornSword_Icon.png
Loading resource: res://.godot/imported/T_WornSword_Icon.png-fb073e1d43aabd302aa1a0e7b62f9817.ctex remapped: res://.godot/imported/T_WornSword_Icon.png-fb073e1d43aabd302aa1a0e7b62f9817.ctex
Completed load for: 'res://assets/weapons/T_WornSword_Icon.png' remapped 'res://assets/weapons/T_WornSword_Icon.png' at thread -1
Completed load for: 'res://resources/weapons/worn_sword.tres' remapped 'res://resources/weapons/worn_sword.tres' at thread -1
Loading resource: res://resources/characters/hero_anim_set.tres remapped: res://resources/characters/hero_anim_set.tres
Completed load for: 'res://resources/characters/hero_anim_set.tres' remapped 'res://resources/characters/hero_anim_set.tres' at thread -1
Completed load for: 'res://scenes/player/Player.tscn' remapped 'res://scenes/player/Player.tscn' at thread -1
Loading resource: res://scenes/ui/GameplayShell.tscn remapped: res://scenes/ui/GameplayShell.tscn
Completed load for: 'res://scenes/ui/GameplayShell.tscn' remapped 'res://scenes/ui/GameplayShell.tscn' at thread -1
Completed load for: 'res://scenes/world/citadel/CitadelVestibule.tscn' remapped 'res://scenes/world/citadel/CitadelVestibule.tscn' at thread -1
Loading resource: res://scenes/world/valley/ValleyWorld.tscn remapped: res://scenes/world/valley/ValleyWorld.tscn
Loading resource: res://scripts/world/valley_world.gd remapped: res://scripts/world/valley_world.gd
Completed load for: 'res://scripts/world/valley_world.gd' remapped 'res://scripts/world/valley_world.gd' at thread -1
Loading resource: res://scripts/world/valley_terrain.gd remapped: res://scripts/world/valley_terrain.gd
Completed load for: 'res://scripts/world/valley_terrain.gd' remapped 'res://scripts/world/valley_terrain.gd' at thread -1
Loading resource: res://scenes/enemies/RaiderRed.tscn remapped: res://scenes/enemies/RaiderRed.tscn
Loading resource: res://resources/enemies/raider_red_default.tres remapped: res://resources/enemies/raider_red_default.tres
Completed load for: 'res://resources/enemies/raider_red_default.tres' remapped 'res://resources/enemies/raider_red_default.tres' at thread -1
Loading resource: res://resources/combat/raider/club_1.tres remapped: res://resources/combat/raider/club_1.tres
Completed load for: 'res://resources/combat/raider/club_1.tres' remapped 'res://resources/combat/raider/club_1.tres' at thread -1
Loading resource: res://resources/characters/raider_anim_set.tres remapped: res://resources/characters/raider_anim_set.tres
Completed load for: 'res://resources/characters/raider_anim_set.tres' remapped 'res://resources/characters/raider_anim_set.tres' at thread -1
Completed load for: 'res://scenes/enemies/RaiderRed.tscn' remapped 'res://scenes/enemies/RaiderRed.tscn' at thread -1
Loading resource: res://scenes/interactables/Chest.tscn remapped: res://scenes/interactables/Chest.tscn
Completed load for: 'res://scenes/interactables/Chest.tscn' remapped 'res://scenes/interactables/Chest.tscn' at thread -1
Loading resource: res://scenes/interactables/WeaponPickup.tscn remapped: res://scenes/interactables/WeaponPickup.tscn
Completed load for: 'res://scenes/interactables/WeaponPickup.tscn' remapped 'res://scenes/interactables/WeaponPickup.tscn' at thread -1
Loading resource: res://resources/weapons/heavy_axe.tres remapped: res://resources/weapons/heavy_axe.tres
Loading resource: res://scenes/weapons/HeavyAxe.tscn remapped: res://scenes/weapons/HeavyAxe.tscn
Loading resource: res://assets/weapons/SM_HeavyAxe.glb remapped: res://assets/weapons/SM_HeavyAxe.glb
Loading resource: res://.godot/imported/SM_HeavyAxe.glb-c1c0d22954be3f59030456bed74278a6.scn remapped: res://.godot/imported/SM_HeavyAxe.glb-c1c0d22954be3f59030456bed74278a6.scn
Completed load for: 'res://assets/weapons/SM_HeavyAxe.glb' remapped 'res://assets/weapons/SM_HeavyAxe.glb' at thread -1
Completed load for: 'res://scenes/weapons/HeavyAxe.tscn' remapped 'res://scenes/weapons/HeavyAxe.tscn' at thread -1
Loading resource: res://resources/combat/axe/heavy_1.tres remapped: res://resources/combat/axe/heavy_1.tres
Completed load for: 'res://resources/combat/axe/heavy_1.tres' remapped 'res://resources/combat/axe/heavy_1.tres' at thread -1
Completed load for: 'res://resources/weapons/heavy_axe.tres' remapped 'res://resources/weapons/heavy_axe.tres' at thread -1
Loading resource: res://resources/weapons/wood_club.tres remapped: res://resources/weapons/wood_club.tres
Loading resource: res://scenes/weapons/WoodClub.tscn remapped: res://scenes/weapons/WoodClub.tscn
Loading resource: res://assets/weapons/SM_WoodClub.glb remapped: res://assets/weapons/SM_WoodClub.glb
Loading resource: res://.godot/imported/SM_WoodClub.glb-137c5702af02eeb9b311ef60b8616688.scn remapped: res://.godot/imported/SM_WoodClub.glb-137c5702af02eeb9b311ef60b8616688.scn
Completed load for: 'res://assets/weapons/SM_WoodClub.glb' remapped 'res://assets/weapons/SM_WoodClub.glb' at thread -1
Completed load for: 'res://scenes/weapons/WoodClub.tscn' remapped 'res://scenes/weapons/WoodClub.tscn' at thread -1
Loading resource: res://resources/combat/club/heavy_1.tres remapped: res://resources/combat/club/heavy_1.tres
Completed load for: 'res://resources/combat/club/heavy_1.tres' remapped 'res://resources/combat/club/heavy_1.tres' at thread -1
Completed load for: 'res://resources/weapons/wood_club.tres' remapped 'res://resources/weapons/wood_club.tres' at thread -1
Loading resource: res://resources/weapons/spear.tres remapped: res://resources/weapons/spear.tres
Loading resource: res://scenes/weapons/Spear.tscn remapped: res://scenes/weapons/Spear.tscn
Loading resource: res://assets/weapons/SM_Spear.glb remapped: res://assets/weapons/SM_Spear.glb
Loading resource: res://.godot/imported/SM_Spear.glb-dcd0671bbc6347523dfdb8230fce58ee.scn remapped: res://.godot/imported/SM_Spear.glb-dcd0671bbc6347523dfdb8230fce58ee.scn
Completed load for: 'res://assets/weapons/SM_Spear.glb' remapped 'res://assets/weapons/SM_Spear.glb' at thread -1
Completed load for: 'res://scenes/weapons/Spear.tscn' remapped 'res://scenes/weapons/Spear.tscn' at thread -1
Loading resource: res://resources/combat/spear/heavy_1.tres remapped: res://resources/combat/spear/heavy_1.tres
Completed load for: 'res://resources/combat/spear/heavy_1.tres' remapped 'res://resources/combat/spear/heavy_1.tres' at thread -1
Completed load for: 'res://resources/weapons/spear.tres' remapped 'res://resources/weapons/spear.tres' at thread -1
Loading resource: res://resources/weapons/conductive_blade.tres remapped: res://resources/weapons/conductive_blade.tres
Loading resource: res://scenes/weapons/ConductiveBlade.tscn remapped: res://scenes/weapons/ConductiveBlade.tscn
Loading resource: res://assets/weapons/SM_ConductiveBlade.glb remapped: res://assets/weapons/SM_ConductiveBlade.glb
Loading resource: res://.godot/imported/SM_ConductiveBlade.glb-76cc1456b03219f13d77dabf172ee11b.scn remapped: res://.godot/imported/SM_ConductiveBlade.glb-76cc1456b03219f13d77dabf172ee11b.scn
Completed load for: 'res://assets/weapons/SM_ConductiveBlade.glb' remapped 'res://assets/weapons/SM_ConductiveBlade.glb' at thread -1
Completed load for: 'res://scenes/weapons/ConductiveBlade.tscn' remapped 'res://scenes/weapons/ConductiveBlade.tscn' at thread -1
Loading resource: res://resources/combat/blade/heavy_1.tres remapped: res://resources/combat/blade/heavy_1.tres
Completed load for: 'res://resources/combat/blade/heavy_1.tres' remapped 'res://resources/combat/blade/heavy_1.tres' at thread -1
Completed load for: 'res://resources/weapons/conductive_blade.tres' remapped 'res://resources/weapons/conductive_blade.tres' at thread -1
Loading resource: res://scenes/world/valley/valley_navmesh.tres remapped: res://scenes/world/valley/valley_navmesh.tres
Completed load for: 'res://scenes/world/valley/valley_navmesh.tres' remapped 'res://scenes/world/valley/valley_navmesh.tres' at thread -1
Loading resource: res://scripts/world/camp_smoke.gd remapped: res://scripts/world/camp_smoke.gd
Completed load for: 'res://scripts/world/camp_smoke.gd' remapped 'res://scripts/world/camp_smoke.gd' at thread -1
Completed load for: 'res://scenes/world/valley/ValleyWorld.tscn' remapped 'res://scenes/world/valley/ValleyWorld.tscn' at thread -1
Loading resource: res://scenes/world_v2/WorldV2.tscn remapped: res://scenes/world_v2/WorldV2.tscn
Loading resource: res://scripts/world_v2/world_v2_root.gd remapped: res://scripts/world_v2/world_v2_root.gd
Completed load for: 'res://scripts/world_v2/world_v2_root.gd' remapped 'res://scripts/world_v2/world_v2_root.gd' at thread -1
Loading resource: res://shaders/world_v2/SH_WorldV2Sky.gdshader remapped: res://shaders/world_v2/SH_WorldV2Sky.gdshader
Completed load for: 'res://shaders/world_v2/SH_WorldV2Sky.gdshader' remapped 'res://shaders/world_v2/SH_WorldV2Sky.gdshader' at thread -1
Completed load for: 'res://scenes/world_v2/WorldV2.tscn' remapped 'res://scenes/world_v2/WorldV2.tscn' at thread -1
Loading resource: res://scenes/world_v2/WorldV2Bootstrap.tscn remapped: res://scenes/world_v2/WorldV2Bootstrap.tscn
Loading resource: res://scripts/world_v2/world_v2_bootstrap.gd remapped: res://scripts/world_v2/world_v2_bootstrap.gd
Completed load for: 'res://scripts/world_v2/world_v2_bootstrap.gd' remapped 'res://scripts/world_v2/world_v2_bootstrap.gd' at thread -1
Completed load for: 'res://scenes/world_v2/WorldV2Bootstrap.tscn' remapped 'res://scenes/world_v2/WorldV2Bootstrap.tscn' at thread -1
Loading resource: res://scenes/world_v2/landmarks/ResonancePylon.tscn remapped: res://scenes/world_v2/landmarks/ResonancePylon.tscn
Loading resource: res://scripts/world_v2/poi/resonance_pylon_landmark.gd remapped: res://scripts/world_v2/poi/resonance_pylon_landmark.gd
Completed load for: 'res://scripts/world_v2/poi/resonance_pylon_landmark.gd' remapped 'res://scripts/world_v2/poi/resonance_pylon_landmark.gd' at thread -1
Completed load for: 'res://scenes/world_v2/landmarks/ResonancePylon.tscn' remapped 'res://scenes/world_v2/landmarks/ResonancePylon.tscn' at thread -1
Loading resource: res://scenes/world_v2/poi/AbandonedFarmPlace.tscn remapped: res://scenes/world_v2/poi/AbandonedFarmPlace.tscn
Loading resource: res://scripts/world_v2/poi/abandoned_farm_place.gd remapped: res://scripts/world_v2/poi/abandoned_farm_place.gd
Loading resource: res://assets/architecture/farm/SM_Farm_Ruins.glb remapped: res://assets/architecture/farm/SM_Farm_Ruins.glb
Loading resource: res://.godot/imported/SM_Farm_Ruins.glb-28d70cfee8f3397b7c7eed2c565755db.scn remapped: res://.godot/imported/SM_Farm_Ruins.glb-28d70cfee8f3397b7c7eed2c565755db.scn
Completed load for: 'res://assets/architecture/farm/SM_Farm_Ruins.glb' remapped 'res://assets/architecture/farm/SM_Farm_Ruins.glb' at thread -1
Loading resource: res://assets/architecture/village/SM_Village_Wall.glb remapped: res://assets/architecture/village/SM_Village_Wall.glb
Loading resource: res://.godot/imported/SM_Village_Wall.glb-2aa2f27892904a99f0d86a599bd3c188.scn remapped: res://.godot/imported/SM_Village_Wall.glb-2aa2f27892904a99f0d86a599bd3c188.scn
Completed load for: 'res://assets/architecture/village/SM_Village_Wall.glb' remapped 'res://assets/architecture/village/SM_Village_Wall.glb' at thread -1
Completed load for: 'res://scripts/world_v2/poi/abandoned_farm_place.gd' remapped 'res://scripts/world_v2/poi/abandoned_farm_place.gd' at thread -1
Completed load for: 'res://scenes/world_v2/poi/AbandonedFarmPlace.tscn' remapped 'res://scenes/world_v2/poi/AbandonedFarmPlace.tscn' at thread -1
Loading resource: res://scenes/world_v2/poi/CampCheckpointPlace.tscn remapped: res://scenes/world_v2/poi/CampCheckpointPlace.tscn
Loading resource: res://scripts/world_v2/poi/camp_checkpoint_place.gd remapped: res://scripts/world_v2/poi/camp_checkpoint_place.gd
Completed load for: 'res://scripts/world_v2/poi/camp_checkpoint_place.gd' remapped 'res://scripts/world_v2/poi/camp_checkpoint_place.gd' at thread -1
Completed load for: 'res://scenes/world_v2/poi/CampCheckpointPlace.tscn' remapped 'res://scenes/world_v2/poi/CampCheckpointPlace.tscn' at thread -1
Loading resource: res://scenes/world_v2/poi/ConductiveBasinPlace.tscn remapped: res://scenes/world_v2/poi/ConductiveBasinPlace.tscn
Loading resource: res://scripts/world_v2/poi/conductive_basin_place.gd remapped: res://scripts/world_v2/poi/conductive_basin_place.gd
Completed load for: 'res://scripts/world_v2/poi/conductive_basin_place.gd' remapped 'res://scripts/world_v2/poi/conductive_basin_place.gd' at thread -1
Completed load for: 'res://scenes/world_v2/poi/ConductiveBasinPlace.tscn' remapped 'res://scenes/world_v2/poi/ConductiveBasinPlace.tscn' at thread -1
Loading resource: res://scenes/world_v2/poi/EmberRaiderCampPlace.tscn remapped: res://scenes/world_v2/poi/EmberRaiderCampPlace.tscn
Loading resource: res://scripts/world_v2/poi/ember_raider_camp_place.gd remapped: res://scripts/world_v2/poi/ember_raider_camp_place.gd
Completed load for: 'res://scripts/world_v2/poi/ember_raider_camp_place.gd' remapped 'res://scripts/world_v2/poi/ember_raider_camp_place.gd' at thread -1
Completed load for: 'res://scenes/world_v2/poi/EmberRaiderCampPlace.tscn' remapped 'res://scenes/world_v2/poi/EmberRaiderCampPlace.tscn' at thread -1
Loading resource: res://scenes/world_v2/poi/RiversideVillagePlace.tscn remapped: res://scenes/world_v2/poi/RiversideVillagePlace.tscn
Loading resource: res://scripts/world_v2/poi/riverside_village_place.gd remapped: res://scripts/world_v2/poi/riverside_village_place.gd
Loading resource: res://assets/architecture/village/SM_Village_Quay.glb remapped: res://assets/architecture/village/SM_Village_Quay.glb
Loading resource: res://.godot/imported/SM_Village_Quay.glb-5d9ca751046d9c69fd2ad5becc295bd4.scn remapped: res://.godot/imported/SM_Village_Quay.glb-5d9ca751046d9c69fd2ad5becc295bd4.scn
Completed load for: 'res://assets/architecture/village/SM_Village_Quay.glb' remapped 'res://assets/architecture/village/SM_Village_Quay.glb' at thread -1
Completed load for: 'res://scripts/world_v2/poi/riverside_village_place.gd' remapped 'res://scripts/world_v2/poi/riverside_village_place.gd' at thread -1
Completed load for: 'res://scenes/world_v2/poi/RiversideVillagePlace.tscn' remapped 'res://scenes/world_v2/poi/RiversideVillagePlace.tscn' at thread -1
Loading resource: res://scenes/world_v2/poi/StoneBridgePlace.tscn remapped: res://scenes/world_v2/poi/StoneBridgePlace.tscn
Loading resource: res://scripts/world_v2/poi/stone_bridge_place.gd remapped: res://scripts/world_v2/poi/stone_bridge_place.gd
Loading resource: res://assets/architecture/stone_bridge/SM_StoneBridge_Arch.glb remapped: res://assets/architecture/stone_bridge/SM_StoneBridge_Arch.glb
Loading resource: res://.godot/imported/SM_StoneBridge_Arch.glb-72b906e8d90d0608a1c8bb277ef5f013.scn remapped: res://.godot/imported/SM_StoneBridge_Arch.glb-72b906e8d90d0608a1c8bb277ef5f013.scn
Completed load for: 'res://assets/architecture/stone_bridge/SM_StoneBridge_Arch.glb' remapped 'res://assets/architecture/stone_bridge/SM_StoneBridge_Arch.glb' at thread -1
Completed load for: 'res://scripts/world_v2/poi/stone_bridge_place.gd' remapped 'res://scripts/world_v2/poi/stone_bridge_place.gd' at thread -1
Completed load for: 'res://scenes/world_v2/poi/StoneBridgePlace.tscn' remapped 'res://scenes/world_v2/poi/StoneBridgePlace.tscn' at thread -1
Loading resource: res://scenes/world_v2/poi/ThunderstruckTreePlace.tscn remapped: res://scenes/world_v2/poi/ThunderstruckTreePlace.tscn
Loading resource: res://scripts/world_v2/poi/thunderstruck_tree_place.gd remapped: res://scripts/world_v2/poi/thunderstruck_tree_place.gd
Loading resource: res://assets/architecture/flora/SM_ThunderstruckTree.glb remapped: res://assets/architecture/flora/SM_ThunderstruckTree.glb
Loading resource: res://.godot/imported/SM_ThunderstruckTree.glb-a072e884a4c79baf688290efe4e8504f.scn remapped: res://.godot/imported/SM_ThunderstruckTree.glb-a072e884a4c79baf688290efe4e8504f.scn
Completed load for: 'res://assets/architecture/flora/SM_ThunderstruckTree.glb' remapped 'res://assets/architecture/flora/SM_ThunderstruckTree.glb' at thread -1
Completed load for: 'res://scripts/world_v2/poi/thunderstruck_tree_place.gd' remapped 'res://scripts/world_v2/poi/thunderstruck_tree_place.gd' at thread -1
Completed load for: 'res://scenes/world_v2/poi/ThunderstruckTreePlace.tscn' remapped 'res://scenes/world_v2/poi/ThunderstruckTreePlace.tscn' at thread -1
Loading resource: res://scenes/world_v2/poi/WaterfallCavePlace.tscn remapped: res://scenes/world_v2/poi/WaterfallCavePlace.tscn
Loading resource: res://scripts/world_v2/poi/waterfall_cave_place.gd remapped: res://scripts/world_v2/poi/waterfall_cave_place.gd
Completed load for: 'res://scripts/world_v2/poi/waterfall_cave_place.gd' remapped 'res://scripts/world_v2/poi/waterfall_cave_place.gd' at thread -1
Completed load for: 'res://scenes/world_v2/poi/WaterfallCavePlace.tscn' remapped 'res://scenes/world_v2/poi/WaterfallCavePlace.tscn' at thread -1
chemins=129 chargés=129 échecs=0 gardés=0 montés=0
objets vivants avant sortie : 1942
=== SONDE TERMINÉE ===
WARNING: 137 ObjectDB instances were leaked at exit (run with `--verbose` for details).
   at: cleanup (core/object/object.cpp:2536)
XR: Clearing primary interface
XR: Removed interface "Native mobile"
XR: Removed interface "OpenXR"
Leaked instance: GDScriptNativeClass:9223372042928128333 - Reference count: 1
Leaked instance: GDScriptNativeClass:9223372042995237201 - Reference count: 2
Leaked instance: GDScriptNativeClass:9223372043699880315 - Reference count: 1
Leaked instance: GDScriptNativeClass:9223372043934761353 - Reference count: 1
Leaked instance: GDScriptNativeClass:9223372044119310740 - Reference count: 1
Leaked instance: GDScriptNativeClass:9223372044186419608 - Reference count: 2
Leaked instance: GDScriptNativeClass:9223372044270305693 - Reference count: 17
Leaked instance: GDScriptNativeClass:9223372044303860127 - Reference count: 6
Leaked instance: GDScriptNativeClass:9223372044589072816 - Reference count: 4
Leaked instance: GDScriptNativeClass:9223372044756844986 - Reference count: 1
Leaked instance: GDScriptNativeClass:9223372044807176637 - Reference count: 1
Leaked instance: GDScriptNativeClass:9223372044840731071 - Reference count: 1
Leaked instance: GDScriptNativeClass:9223372044924617156 - Reference count: 2
Leaked instance: GDScriptNativeClass:9223372045058834892 - Reference count: 2
Leaked instance: GDScriptNativeClass:9223372045125943760 - Reference count: 10
Leaked instance: GDScriptNativeClass:9223372045394379232 - Reference count: 6
Leaked instance: GDScriptNativeClass:9223372045696369138 - Reference count: 1
Leaked instance: GDScriptNativeClass:9223372045813809657 - Reference count: 1
Leaked instance: GDScriptNativeClass:9223372046887551545 - Reference count: 1
Leaked instance: GDScriptNativeClass:9223372046988214847 - Reference count: 3
Leaked instance: GDScriptNativeClass:9223372047961293433 - Reference count: 1
Leaked instance: GDScriptNativeClass:9223372048380723858 - Reference count: 1
Leaked instance: GDScriptNativeClass:9223372048816931500 - Reference count: 1
Leaked instance: GDScriptNativeClass:9223372049253139142 - Reference count: 1
Leaked instance: GDScriptNativeClass:9223372049269916359 - Reference count: 1
Leaked instance: GDScriptNativeClass:9223372049605460699 - Reference count: 2
Leaked instance: GDScriptNativeClass:9223372049689346784 - Reference count: 2
Leaked instance: GDScriptNativeClass:9223372049756455652 - Reference count: 37
Leaked instance: GDScriptNativeClass:9223372049957782256 - Reference count: 5
Leaked instance: GDScriptNativeClass:9223372049991336690 - Reference count: 5
Leaked instance: GDScriptNativeClass:9223372050410767115 - Reference count: 1
Leaked instance: GDScriptNativeClass:9223372050511430417 - Reference count: 21
Leaked instance: GDScriptNativeClass:9223372050544984851 - Reference count: 47
Leaked instance: GDScriptNativeClass:9223372050595316502 - Reference count: 3
Leaked instance: GDScriptNativeClass:9223372050662425370 - Reference count: 1
Leaked instance: GDScriptNativeClass:9223372050779865889 - Reference count: 2
Leaked instance: GDScriptNativeClass:9223372051937493862 - Reference count: 7
Leaked instance: GDScriptNativeClass:9223372052474364806 - Reference count: 1
Leaked instance: GDScriptNativeClass:9223372052692468627 - Reference count: 4
Leaked instance: GDScriptNativeClass:9223372053128676269 - Reference count: 1
Leaked instance: GDScriptNativeClass:9223372053145453486 - Reference count: 1
Leaked instance: GDScriptNativeClass:9223372053581661128 - Reference count: 7
Leaked instance: GDScriptNativeClass:9223372053665547213 - Reference count: 22
Leaked instance: GDScriptNativeClass:9223372053984314336 - Reference count: 13
Leaked instance: GDScriptNativeClass:9223372054487630846 - Reference count: 3
Leaked instance: GDScriptNativeClass:9223372054571516931 - Reference count: 1
Leaked instance: GDScriptNativeClass:9223372054856729620 - Reference count: 5
Leaked instance: GDScriptNativeClass:9223372054923838488 - Reference count: 10
Leaked instance: GDScriptNativeClass:9223372055041279007 - Reference count: 2
Leaked instance: GDScriptNativeClass:9223372055309714479 - Reference count: 1
Leaked instance: GDScriptNativeClass:9223372055393600564 - Reference count: 2
Leaked instance: GDScriptNativeClass:9223372055427154998 - Reference count: 2
Leaked instance: GDScriptNativeClass:9223372055511041083 - Reference count: 1
Leaked instance: GDScriptNativeClass:9223372055678813253 - Reference count: 22
Leaked instance: GDScriptNativeClass:9223372055712367687 - Reference count: 7
Leaked instance: GDScriptNativeClass:9223372055913694291 - Reference count: 4
Leaked instance: GDScriptNativeClass:9223372056014357593 - Reference count: 6
Leaked instance: GDScriptNativeClass:9223372056299570282 - Reference count: 1
Leaked instance: GDScriptNativeClass:9223372056719000707 - Reference count: 1
Leaked instance: GDScriptNativeClass:9223372057356534953 - Reference count: 2
Leaked instance: GDScriptNativeClass:9223372059537573163 - Reference count: 2
Leaked instance: GDScript:9223372065694811656 - Reference count: 3
Leaked instance: GDScript:9223372102973785649 - Reference count: 2
Leaked instance: GDScript:9223372102671795764 - Reference count: 9
Leaked instance: GDScript:9223372193788855866 - Reference count: 2
Leaked instance: GDScript:9223372103091226171 - Reference count: 1
Leaked instance: GDScript:9223372159999542845 - Reference count: 7
Leaked instance: GDScript:9223372109114246720 - Reference count: 2
Leaked instance: GDScript:9223372112805234244 - Reference count: 6
Leaked instance: GDScript:9223372106446669383 - Reference count: 4
Leaked instance: GDScript:9223372111446279752 - Reference count: 8
Leaked instance: GDScript:9223372111714715209 - Reference count: 1
Leaked instance: GDScript:9223372111328839242 - Reference count: 3
Leaked instance: GDScript:9223372111563720267 - Reference count: 7
Leaked instance: GDScript:9223372110338983500 - Reference count: 1
Leaked instance: GDScript:9223372113409214029 - Reference count: 1
Leaked instance: GDScript:9223372112335472206 - Reference count: 2
Leaked instance: GDScript:9223372112687793743 - Reference count: 2
Leaked instance: GDScript:9223372109919553106 - Reference count: 14
Leaked instance: GDScript:9223372110036993619 - Reference count: 6
Leaked instance: GDScript:9223372109382682196 - Reference count: 2
Leaked instance: GDScript:9223372109802112597 - Reference count: 4
Leaked instance: GDScript:9223372109500122710 - Reference count: 1
Leaked instance: GDScript:9223372109617563223 - Reference count: 3
Leaked instance: GDScript:9223372103510656600 - Reference count: 3
Leaked instance: GDScript:9223372109265241689 - Reference count: 3
Leaked instance: GDScript:9223372108694816346 - Reference count: 1
Leaked instance: GDScript:9223372108929697371 - Reference count: 20
Leaked instance: GDScript:9223372103661651548 - Reference count: 12
Leaked instance: GDScript:9223372108577375837 - Reference count: 1
Leaked instance: GDScript:9223372108812256862 - Reference count: 1
Leaked instance: GDScript:9223372101967152741 - Reference count: 3
Leaked instance: GDScript:9223372101849712230 - Reference count: 5
Leaked instance: GDScript:9223372193939850860 - Reference count: 1
Leaked instance: Shader:9223372193470088813 - Reference count: 2
Leaked instance: GDScript:9223372103946864238 - Reference count: 1
Leaked instance: GDScript:9223372104097859183 - Reference count: 1
Leaked instance: GDScript:9223372103779092080 - Reference count: 3
Leaked instance: GDScript:9223372194090845809 - Reference count: 5
Leaked instance: GDScript:9223372108342494834 - Reference count: 9
Leaked instance: GDScript:9223372106346006134 - Reference count: 2
Leaked instance: GDScript:9223372113727981176 - Reference count: 5
Leaked instance: GDScript:9223372123475543673 - Reference count: 1
Leaked instance: GDScript:9223372108107613818 - Reference count: 2
Leaked instance: GDScript:9223372108225054331 - Reference count: 3
Leaked instance: GDScript:9223372108459935357 - Reference count: 7
Leaked instance: GDScript:9223372102084593280 - Reference count: 3
Leaked instance: GDScript:9223372168019052162 - Reference count: 2
Leaked instance: GDScript:9223372101732271748 - Reference count: 2
Leaked instance: GDScript:9223372107755292294 - Reference count: 2
Leaked instance: GDScript:922337210799017ERROR: 73 resources still in use at exit.
   at: clear (core/io/resource.cpp:817)
3319 - Reference count: 3
Leaked instance: GDScript:9223372107872732808 - Reference count: 5
Leaked instance: GDScript:9223372107520411275 - Reference count: 3
Leaked instance: GDScript:9223372107285530252 - Reference count: 4
Leaked instance: GDScript:9223372107402970765 - Reference count: 3
Leaked instance: GDScript:9223372168253933198 - Reference count: 2
Leaked instance: GDScript:9223372167901611663 - Reference count: 13
Leaked instance: GDScript:9223372107251975825 - Reference count: 3
Leaked instance: GDScript:9223372107637851794 - Reference count: 4
Leaked instance: GDScript:9223372107151312531 - Reference count: 2
Leaked instance: GDScript:9223372104215299735 - Reference count: 15
Leaked instance: GDScript:9223372103393216152 - Reference count: 16
Leaked instance: GDScript:9223372103275775644 - Reference count: 3
Leaked instance: GDScript:9223372104617952926 - Reference count: 5
Leaked instance: GDScript:9223372102319474337 - Reference count: 31
Leaked instance: GDScript:9223372104466957988 - Reference count: 7
Leaked instance: GDScript:9223372159781439149 - Reference count: 1
Leaked instance: GDScript:9223372192866109122 - Reference count: 1
Leaked instance: Shader:9223372193319093961 - Reference count: 2
Leaked instance: Shader:9223372193168099036 - Reference count: 2
Leaked instance: GDScript:9223372211874694883 - Reference count: 1
Leaked instance: GDScript:9223372211975358199 - Reference count: 3
Leaked instance: GDScript:9223372256502089494 - Reference count: 2
Leaked instance: GDScript:9223372252274231087 - Reference count: 4
Leaked instance: GDScript:9223372252391671656 - Reference count: 2
Leaked instance: GDScript:9223372252978874221 - Reference count: 2
Leaked instance: GDScript:9223372253851289457 - Reference count: 3
Hint: Leaked instances typically happen when nodes are removed from the scene tree (with `remove_child()`) but not freed (with `free()` or `queue_free()`).
Resource still in use: res://scripts/core/user_settings.gd (GDScript)
Resource still in use: res://scripts/dungeon/pushable_block.gd (GDScript)
Resource still in use: res://scripts/electricity/electric_node.gd (GDScript)
Resource still in use: res://scripts/electricity/electric_graph.gd (GDScript)
Resource still in use: res://scripts/dungeon/puzzle_hint_tracker.gd (GDScript)
Resource still in use: res://scripts/combat/damage_event.gd (GDScript)
Resource still in use: res://scripts/components/health_component.gd (GDScript)
Resource still in use: res://resources/combat/attack_definition.gd (GDScript)
Resource still in use: res://resources/weapons/weapon_definition.gd (GDScript)
Resource still in use: res://scripts/inventory/weapon_instance.gd (GDScript)
Resource still in use: res://resources/ingredients/ingredient_definition.gd (GDScript)
Resource still in use: res://scripts/components/inventory_component.gd (GDScript)
Resource still in use: res://resources/tuning/locomotion_tuning.gd (GDScript)
Resource still in use: res://scripts/player/camera_rig.gd (GDScript)
Resource still in use: res://scripts/components/input_intent.gd (GDScript)
Resource still in use: res://scripts/core/latency_probe.gd (GDScript)
Resource still in use: res://scripts/components/player_input_reader.gd (GDScript)
Resource still in use: res://scripts/reaction/resonance_link_node.gd (GDScript)
Resource still in use: res://scripts/reaction/material_profile.gd (GDScript)
Resource still in use: res://scripts/reaction/material_state_component.gd (GDScript)
Resource still in use: res://scripts/reaction/resonance_target_component.gd (GDScript)
Resource still in use: res://scripts/enemies/noise_events.gd (GDScript)
Resource still in use: res://resources/tuning/stamina_tuning.gd (GDScript)
Resource still in use: res://scripts/components/stamina_component.gd (GDScript)
Resource still in use: res://scripts/reaction/resonance_controller.gd (GDScript)
Resource still in use: res://resources/tuning/climb_tuning.gd (GDScript)
Resource still in use: res://scripts/components/climbing_component.gd (GDScript)
Resource still in use: res://scripts/components/ledge_detector_component.gd (GDScript)
Resource still in use: res://scripts/components/action_alignment_component.gd (GDScript)
Resource still in use: res://scripts/components/hurtbox_component.gd (GDScript)
Resource still in use: res://scripts/combat/damage_formula.gd (GDScript)
Resource still in use: res://scripts/components/hitbox_component.gd (GDScript)
Resource still in use: res://scripts/combat/attack_controller.gd (GDScript)
Resource still in use: res://scripts/components/lock_on_component.gd (GDScript)
Resource still in use: res://scripts/combat/arrow_projectile.gd (GDScript)
Resource still in use: res://resources/combat/bow_tuning.gd (GDScript)
Resource still in use: res://scripts/combat/bow_component.gd (GDScript)
Resource still in use: res://scripts/components/status_effect_component.gd (GDScript)
Resource still in use: res://resources/combat/dodge_definition.gd (GDScript)
Resource still in use: res://resources/combat/hurt_tuning.gd (GDScript)
Resource still in use: res://resources/tuning/guard_tuning.gd (GDScript)
Resource still in use: res://scripts/components/posture_component.gd (GDScript)
Resource still in use: res://scripts/components/poise_component.gd (GDScript)
Resource still in use: res://scripts/characters/character_anim_set.gd (GDScript)
Resource still in use: res://scripts/core/asset_registry.gd (GDScript)
Resource still in use: res://scripts/characters/character_visual.gd (GDScript)
Resource still in use: res://scripts/player/player_controller.gd (GDScript)
Resource still in use: res://scripts/interaction/scene_door.gd (GDScript)
Resource still in use: res://scripts/world/kit_placement.gd (GDScript)
Resource still in use: res://scripts/dungeon/room_dressing.gd (GDScript)
Resource still in use: res://scripts/dungeon/reset_button.gd (GDScript)
Resource still in use: res://scripts/electricity/electric_visual.gd (GDScript)
Resource still in use: res://scripts/art/painterly_recipe.gd (GDScript)
Resource still in use: res://scripts/dungeon/dungeon_room.gd (GDScript)
Resource still in use: res://scripts/ui/hud_style.gd (GDScript)
Resource still in use: res://scripts/reaction/element_packet.gd (GDScript)
Resource still in use: res://scripts/reaction/reaction_system.gd (GDScript)
Resource still in use: res://resources/enemies/enemy_tuning.gd (GDScript)
Resource still in use: res://scripts/enemies/combat_coordinator.gd (GDScript)
Resource still in use: res://scripts/enemies/enemy_base.gd (GDScript)
Resource still in use: res://shaders/characters/SH_CharacterPainterly.gdshader (Shader)
Resource still in use: res://shaders/foliage/SH_FoliageWindPainterly.gdshader (Shader)
Resource still in use: res://shaders/characters/SH_CharacterPainterlyCutout.gdshader (Shader)
Resource still in use: res://scripts/world/storm_cell.gd (GDScript)
Resource still in use: res://scripts/player/hero_signs.gd (GDScript)
Resource still in use: res://scripts/world/kit_scale.gd (GDScript)
Resource still in use: res://scripts/lookdev/hero_shot_lab.gd (GDScript)
Resource still in use: res://scripts/world/reward_anchor.gd (GDScript)
Resource still in use: res://scripts/world_v2/world_v2_heightmap.gd (GDScript)
Resource still in use: res://scripts/world_v2/world_v2_ground_material.gd (GDScript)
Resource still in use: res://scripts/world_v2/world_v2_terrain_builder.gd (GDScript)
Resource still in use: res://scripts/world_v2/world_v2_vegetation_builder.gd (GDScript)
Resource still in use: res://scripts/world_v2/poi/world_v2_place_kit.gd (GDScript)
Orphan StringName: duration (static: 0, total: 6)
Orphan StringName: MAX_MOUSE_SENSITIVITY (static: 0, total: 2)
Orphan StringName: _sprint_noise_timer (static: 0, total: 4)
Orphan StringName: COL_CORE (static: 0, total: 2)
Orphan StringName: InventoryComponent (static: 0, total: 6)
Orphan StringName: is_lost (static: 0, total: 3)
Orphan StringName: BRONZE (static: 0, total: 2)
Orphan StringName: @group_14_Repli (§12.1 : « recule après une esquive réussie ») (static: 0, total: 2)
Orphan StringName: save_slot (static: 0, total: 1)
Orphan StringName: _current_state (static: 0, total: 4)
Orphan StringName: char.hero (static: 0, total: 1)
Orphan StringName: NoiseTexture2D (static: 0, total: 13)
Orphan StringName: interact_pressed (static: 0, total: 7)
Orphan StringName: _weapon_pivot (static: 0, total: 4)
Orphan StringName: _lock_target (static: 0, total: 4)
Orphan StringName: shading_mode (static: 0, total: 2)
Orphan StringName: res://scripts/dungeon/dungeon_room.gd (static: 0, total: 29)
Orphan StringName: _resolve_sprint (static: 0, total: 4)
Orphan StringName: Grass_Wispy_Short (static: 0, total: 1)
Orphan StringName: target_feet (static: 0, total: 6)
Orphan StringName: insert (static: 0, total: 1)
Orphan StringName: distance_fade_enabled (static: 0, total: 1)
Orphan StringName: _hitbox (static: 0, total: 3)
Orphan StringName: echo_trace (static: 0, total: 3)
Orphan StringName: PhysicsMaterial (static: 0, total: 1)
Orphan StringName: pas_de_vue (static: 0, total: 1)
Orphan StringName: CampFlame (static: 0, total: 1)
Orphan StringName: heavy (static: 0, total: 1)
Orphan StringName: INTERACT_REFUSAL_COOLDOWN (static: 0, total: 2)
Orphan StringName: _try_step_up (static: 0, total: 4)
Orphan StringName: electric_graphs (static: 0, total: 3)
Orphan StringName: WORLD_STATIC_LAYER (static: 0, total: 2)
Orphan StringName: _camera_rig (static: 0, total: 3)
Orphan StringName: aucune_cible (static: 0, total: 2)
Orphan StringName: pas_au_sol (static: 0, total: 1)
Orphan StringName: PACKETS_PER_TICK (static: 0, total: 2)
Orphan StringName: anchor (static: 0, total: 10)
Orphan StringName: _wake (static: 0, total: 7)
Orphan StringName: model (static: 0, total: 8)
Orphan StringName: call (static: 0, total: 1)
Orphan StringName: MODEL_DIRS (static: 0, total: 2)
Orphan StringName: soak (static: 0, total: 4)
Orphan StringName: _apply_rotation (static: 0, total: 7)
Orphan StringName: cable_run (static: 0, total: 3)
Orphan StringName: arrow_gravity (static: 0, total: 6)
Orphan StringName: released (static: 0, total: 1)
Orphan StringName: is_burning (static: 0, total: 5)
Orphan StringName: min_wall_angle_deg (static: 0, total: 6)
Orphan StringName: attach_ui_audio (static: 0, total: 3)
Orphan StringName: _regen_ramp_timer (static: 0, total: 4)
Orphan StringName: health_changed (static: 0, total: 5)
Orphan StringName: lake_radius (static: 0, total: 6)
Orphan StringName: cliff_half_rock (static: 0, total: 1)
Orphan StringName: Mesh (static: 0, total: 9)
Orphan StringName: _bake_segment_buckets (static: 0, total: 4)
Orphan StringName: _default_attacks (static: 0, total: 3)
Orphan StringName: _maybe_step_up (static: 0, total: 4)
Orphan StringName: ArrayMesh (static: 0, total: 18)
Orphan StringName: INTERACTION_REACH (static: 0, total: 2)
Orphan StringName: sway_amplitude (static: 0, total: 3)
Orphan StringName: _emitting_own_noise (static: 0, total: 4)
Orphan StringName: aim_held (static: 0, total: 10)
Orphan StringName: ambient_light_energy (static: 0, total: 2)
Orphan StringName: _build_pylon (static: 0, total: 4)
Orphan StringName: _hops (static: 0, total: 3)
Orphan StringName: _points (static: 0, total: 3)
Orphan StringName: style_heading (static: 0, total: 3)
Orphan StringName: _repath_tick (static: 0, total: 4)
Orphan StringName: linear_damp (static: 0, total: 1)
Orphan StringName: _triangle (static: 0, total: 6)
Orphan StringName: BoneAttachment3D (static: 0, total: 9)
Orphan StringName: add_shake (static: 0, total: 4)
Orphan StringName: interacted (static: 0, total: 3)
Orphan StringName: res://scripts/reaction/element_packet.gd (static: 0, total: 5)
Orphan StringName: PlayerInputReader (static: 0, total: 6)
Orphan StringName: mark_refused (static: 0, total: 4)
Orphan StringName: anchor_top (static: 0, total: 1)
Orphan StringName: MAX_WEAPONS (static: 0, total: 2)
Orphan StringName: cancel (static: 0, total: 15)
Orphan StringName: CHECKPOINT_CLEAR_M (static: 0, total: 2)
Orphan StringName: CylinderShape3D (static: 0, total: 1)
Orphan StringName: is_exhausted (static: 0, total: 3)
Orphan StringName: fly_up_held (static: 0, total: 6)
Orphan StringName: max_health (static: 0, total: 11)
Orphan StringName: room_state (static: 0, total: 4)
Orphan StringName: consume_pending_spawn (static: 0, total: 1)
Orphan StringName: WALL_H (static: 0, total: 2)
Orphan StringName: _build_terrain (static: 0, total: 4)
Orphan StringName: WALL_W (static: 0, total: 2)
Orphan StringName: FLASH_HEAT (static: 0, total: 2)
Orphan StringName: @static_initializer (static: 1, total: 11)
Orphan StringName: PULSE_NOISE_RADIUS (static: 0, total: 2)
Orphan StringName: _process_mantle (static: 0, total: 4)
Orphan StringName: res://scripts/electricity/electric_visual.gd (static: 0, total: 8)
Orphan StringName: reaction_duration (static: 0, total: 6)
Orphan StringName: CampSmoke (static: 0, total: 1)
Orphan StringName: instance_count (static: 0, total: 5)
Orphan StringName: radius (static: 0, total: 6)
Orphan StringName: _hitbox_half_depth (static: 0, total: 4)
Orphan StringName: active_enemy_count (static: 0, total: 3)
Orphan StringName: TONE_STONE (static: 0, total: 2)
Orphan StringName: grain (static: 0, total: 4)
Orphan StringName: ElectricNode.Kind (static: 0, total: 4)
Orphan StringName: RAMP_Z_END (static: 0, total: 2)
Orphan StringName: attacks (static: 0, total: 4)
Orphan StringName: move_left (static: 0, total: 1)
Orphan StringName: NavigationRegion3D (static: 0, total: 1)
Orphan StringName: _closed (static: 0, total: 4)
Orphan StringName: PhysicsBody3D (static: 0, total: 8)
Orphan StringName: fly_down_held (static: 0, total: 6)
Orphan StringName: <anonymous lambda> (static: 0, total: 10)
Orphan StringName: Vector2 (static: 0, total: 1)
Orphan StringName: Vector3 (static: 0, total: 1)
Orphan StringName: Vector4 (static: 0, total: 1)
Orphan StringName: graph (static: 0, total: 3)
Orphan StringName: floor_snap_length (static: 0, total: 9)
Orphan StringName: WALL_MODULE (static: 0, total: 2)
Orphan StringName: ECHO_MEMORY (static: 0, total: 2)
Orphan StringName: equipped (static: 0, total: 8)
Orphan StringName: RIVER_SCREEN (static: 0, total: 2)
Orphan StringName: GROUND_PROBE_UP (static: 0, total: 2)
Orphan StringName: wire_button_feedback (static: 0, total: 3)
Orphan StringName: retreat (static: 0, total: 2)
Orphan StringName: grass (static: 0, total: 2)
Orphan StringName: _build_bolt_branch (static: 0, total: 4)
Orphan StringName: pulse_fired (static: 0, total: 3)
Orphan StringName: exhaustion_recovery_threshold (static: 0, total: 6)
Orphan StringName: weapon_equipped (static: 0, total: 5)
Orphan StringName: TRUNK_RADIUS_M (static: 0, total: 2)
Orphan StringName: base_damage (static: 0, total: 17)
Orphan StringName: wetness (static: 0, total: 6)
Orphan StringName: _alert_allies (static: 0, total: 4)
Orphan StringName: _emit_cells (static: 0, total: 4)
Orphan StringName: can_sleep (static: 0, total: 1)
Orphan StringName: active_arrows (static: 0, total: 3)
Orphan StringName: foot_hit (static: 0, total: 5)
Orphan StringName: first_flash_at (static: 0, total: 5)
Orphan StringName: name (static: 0, total: 52)
Orphan StringName: reach_m (static: 0, total: 7)
Orphan StringName: _dodge_buffer (static: 0, total: 4)
Orphan StringName: make_node (static: 0, total: 4)
Orphan StringName: res://resources/tuning/climb_tuning.gd (static: 0, total: 1)
Orphan StringName: content_margin_top (static: 0, total: 2)
Orphan StringName: sky_material (static: 0, total: 1)
Orphan StringName: arc_anchor (static: 0, total: 2)
Orphan StringName: Shader (static: 0, total: 9)
Orphan StringName: surface_normal_depth (static: 0, total: 2)
Orphan StringName: _quad (static: 0, total: 4)
Orphan StringName: _cast (static: 0, total: 4)
Orphan StringName: PATH (static: 0, total: 2)
Orphan StringName: arch.wall.module (static: 0, total: 1)
Orphan StringName: equip_index (static: 0, total: 7)
Orphan StringName: camera_probe_radius (static: 0, total: 6)
Orphan StringName: prop.barrel (static: 0, total: 1)
Orphan StringName: _lockout_timer (static: 0, total: 4)
Orphan StringName: _memory_timer (static: 0, total: 4)
Orphan StringName: _route_mask (static: 0, total: 4)
Orphan StringName: _process_investigate (static: 0, total: 4)
Orphan StringName: _ready (static: 1, total: 94)
Orphan StringName: recover (static: 0, total: 4)
Orphan StringName: FAMILY_CEILING (static: 0, total: 2)
Orphan StringName: _collect_water_segments (static: 0, total: 4)
Orphan StringName: save_invert_look_y (static: 0, total: 3)
Orphan StringName: _update_timers (static: 0, total: 5)
Orphan StringName: _length (static: 0, total: 4)
Orphan StringName: _on_power_changed (static: 0, total: 4)
Orphan StringName: AttackControllerComponent (static: 0, total: 6)
Orphan StringName: _attack_token_kind (static: 0, total: 4)
Orphan StringName: _cumulative (static: 0, total: 3)
Orphan StringName: FOLIAGE_SHADER (static: 0, total: 2)
Orphan StringName: _elapsed (static: 0, total: 8)
Orphan StringName: Grass_Common_Tall (static: 0, total: 1)
Orphan StringName: _orient_visual (static: 0, total: 4)
Orphan StringName: _focus_engaged (static: 0, total: 4)
Orphan StringName: _jolt_attacker_poise (static: 0, total: 4)
Orphan StringName: _enter (static: 0, total: 17)
Orphan StringName: content_margin_left (static: 0, total: 2)
Orphan StringName: _pending (static: 0, total: 3)
Orphan StringName: lost_contact (static: 0, total: 1)
Orphan StringName: _paint_at (static: 0, total: 4)
Orphan StringName: meal_pressed (static: 0, total: 7)
Orphan StringName: family (static: 0, total: 3)
Orphan StringName: glow_bloom (static: 0, total: 1)
Orphan StringName: river_main_polyline (static: 0, total: 5)
Orphan StringName: swing (static: 0, total: 1)
Orphan StringName: _wall_push_time (static: 0, total: 4)
Orphan StringName: _fade_hero_when_camera_is_close (static: 0, total: 4)
Orphan StringName: SURFACE_DIR (static: 0, total: 2)
Orphan StringName: reaction_system (static: 0, total: 2)
Orphan StringName: SECTION_CAMERA (static: 0, total: 2)
Orphan StringName: cull_mode (static: 0, total: 4)
Orphan StringName: damage_gate (static: 0, total: 5)
Orphan StringName: try_pulse (static: 0, total: 4)
Orphan StringName: _climbing (static: 0, total: 3)
Orphan StringName: normal_smoothing (static: 0, total: 6)
Orphan StringName: PuzzleHints (static: 0, total: 1)
Orphan StringName: dev_fly_down (static: 0, total: 1)
Orphan StringName: ramp_low (static: 0, total: 1)
Orphan StringName: total_duration (static: 0, total: 4)
Orphan StringName: RIVER_BANK_W (static: 0, total: 2)
Orphan StringName: ROUTE_CLEAR_M (static: 0, total: 2)
Orphan StringName: ground_completed (static: 0, total: 3)
Orphan StringName: weapon_removed (static: 0, total: 3)
Orphan StringName: submit (static: 0, total: 3)
Orphan StringName: load_mouse_sensitivity (static: 0, total: 4)
Orphan StringName: fragment_granted (static: 0, total: 3)
Orphan StringName: is_powered (static: 0, total: 4)
Orphan StringName: SHADER_PATH (static: 0, total: 2)
Orphan StringName: SphereShape3D (static: 0, total: 1)
Orphan StringName: inspected_count (static: 0, total: 3)
Orphan StringName: EnemyBase.State (static: 0, total: 4)
Orphan StringName: is_invulnerable (static: 0, total: 6)
Orphan StringName: ssao_radius (static: 0, total: 1)
Orphan StringName: _apply_gravity (static: 0, total: 8)
Orphan StringName: is_aiming (static: 0, total: 3)
Orphan StringName: hit_land (static: 0, total: 1)
Orphan StringName: PAINT_FALLBACK (static: 0, total: 2)
Orphan StringName: set_rescue_transform (static: 0, total: 3)
Orphan StringName: ratio (static: 0, total: 9)
Orphan StringName: HealthComponent (static: 0, total: 12)
Orphan StringName: FILL_SPEED (static: 0, total: 2)
Orphan StringName: RING_SIZE (static: 0, total: 2)
Orphan StringName: ramp_high (static: 0, total: 1)
Orphan StringName: move_right (static: 0, total: 1)
Orphan StringName: _overload_timer (static: 0, total: 4)
Orphan StringName: play_sfx (static: 0, total: 2)
Orphan StringName: INTERACT_FOCUS_INTERVAL (static: 0, total: 2)
Orphan StringName: ActionAlignmentComponent (static: 0, total: 5)
Orphan StringName: _try_interact (static: 0, total: 4)
Orphan StringName: SHAKE_FREQUENCY (static: 0, total: 2)
Orphan StringName: release (static: 0, total: 6)
Orphan StringName: _material_state_of (static: 0, total: 6)
Orphan StringName: ingredients_snapshot (static: 0, total: 3)
Orphan StringName: hurt (static: 0, total: 12)
Orphan StringName: try_sustain (static: 0, total: 5)
Orphan StringName: current_hint (static: 0, total: 4)
Orphan StringName: arrow_hit (static: 0, total: 3)
Orphan StringName: BowComponent (static: 0, total: 5)
Orphan StringName: clear_weapons (static: 0, total: 3)
Orphan StringName: looking_at (static: 0, total: 1)
Orphan StringName: obstacle (static: 0, total: 1)
Orphan StringName: _tick_footsteps (static: 0, total: 4)
Orphan StringName: probe_head_height (static: 0, total: 6)
Orphan StringName: Grass_Wispy_Tall (static: 0, total: 1)
Orphan StringName: hollow_rock_mesh (static: 0, total: 3)
Orphan StringName: resonance_pulse (static: 0, total: 2)
Orphan StringName: PackedVector4Array (static: 0, total: 1)
Orphan StringName: PhysicsDirectSpaceState3D (static: 0, total: 12)
Orphan StringName: _shake_amplitude (static: 0, total: 4)
Orphan StringName: RID (static: 0, total: 1)
Orphan StringName: apply_buff (static: 0, total: 5)
Orphan StringName: ElectricVisual (static: 0, total: 3)
Orphan StringName: _framing_distance (static: 0, total: 4)
Orphan StringName: step (static: 0, total: 2)
Orphan StringName: _resolve (static: 0, total: 5)
Orphan StringName: _apply_lock_look (static: 0, total: 4)
Orphan StringName: BACKDROP (static: 0, total: 2)
Orphan StringName: startup (static: 0, total: 9)
Orphan StringName: Environment (static: 0, total: 1)
Orphan StringName: hold_flash (static: 0, total: 4)
Orphan StringName: _posture (static: 0, total: 4)
Orphan StringName: endurance_ou_phase (static: 0, total: 1)
Orphan StringName: _ground_lock_timer (static: 0, total: 4)
Orphan StringName: _rng (static: 0, total: 3)
Orphan StringName: ROUTE_SOFT_FAR (static: 0, total: 2)
Orphan StringName: take_first_meal (static: 0, total: 4)
Orphan StringName: _polarity_timer (static: 0, total: 4)
Orphan StringName: SUSPICION_PAUSE (static: 0, total: 2)
Orphan StringName: is_fractured (static: 0, total: 3)
Orphan StringName: _capsule_blocked_at (static: 0, total: 4)
Orphan StringName: iframes_length (static: 0, total: 3)
Orphan StringName: _build_camp (static: 0, total: 4)
Orphan StringName: _model (static: 0, total: 4)
Orphan StringName: _dodge_elapsed (static: 0, total: 4)
Orphan StringName: _posture_damage (static: 0, total: 4)
Orphan StringName: is_frozen (static: 0, total: 3)
Orphan StringName: ambient_light_source (static: 0, total: 2)
Orphan StringName: _enter_climb (static: 0, total: 4)
Orphan StringName: nodes_root (static: 0, total: 4)
Orphan StringName: prop.chest (static: 0, total: 1)
Orphan StringName: _is_dead (static: 0, total: 6)
Orphan StringName: GRAVITY (static: 0, total: 2)
Orphan StringName: ingredient_ids (static: 0, total: 3)
Orphan StringName: sky_horizon_color (static: 0, total: 1)
Orphan StringName: res://scripts/combat/arrow_projectile.gd (static: 0, total: 7)
Orphan StringName: kill_y (static: 0, total: 5)
Orphan StringName: electric_burst (static: 0, total: 3)
Orphan StringName: LEATHER (static: 0, total: 2)
Orphan StringName: _link (static: 0, total: 4)
Orphan StringName: _sfx (static: 0, total: 14)
Orphan StringName: CYAN_CORE (static: 0, total: 2)
Orphan StringName: search_duration (static: 0, total: 6)
Orphan StringName: MAX_LEVEL (static: 0, total: 2)
Orphan StringName: consume_spawn_tag (static: 0, total: 3)
Orphan StringName: transparency (static: 0, total: 6)
Orphan StringName: _process_target (static: 0, total: 4)
Orphan StringName: WOOD (static: 0, total: 2)
Orphan StringName: floor_max_angle (static: 0, total: 1)
Orphan StringName: traversal_base (static: 0, total: 6)
Orphan StringName: _mark_refused (static: 0, total: 7)
Orphan StringName: TONE_CLOTH (static: 0, total: 2)
Orphan StringName: trop_lourd (static: 0, total: 1)
Orphan StringName: acquire (static: 0, total: 4)
Orphan StringName: look_right (static: 0, total: 1)
Orphan StringName: WeaponMesh (static: 0, total: 1)
Orphan StringName: angular_velocity (static: 0, total: 1)
Orphan StringName: instance_origins (static: 0, total: 2)
Orphan StringName: try_link (static: 0, total: 4)
Orphan StringName: interrompu (static: 0, total: 1)
Orphan StringName: adjustment_contrast (static: 0, total: 1)
Orphan StringName: STATE_GROUNDED (static: 0, total: 2)
Orphan StringName: _b_port (static: 0, total: 4)
Orphan StringName: _flash_materials (static: 0, total: 3)
Orphan StringName: water_surface_at (static: 0, total: 5)
Orphan StringName: FLUX_REFUND (static: 0, total: 2)
Orphan StringName: PROBE_HEIGHT (static: 0, total: 2)
Orphan StringName: take_poise_damage (static: 0, total: 5)
Orphan StringName: RandomNumberGenerator (static: 0, total: 15)
Orphan StringName: probe (static: 0, total: 5)
Orphan StringName: damaged (static: 0, total: 4)
Orphan StringName: shader (static: 0, total: 10)
Orphan StringName: res://scripts/core/user_settings.gd (static: 0, total: 9)
Orphan StringName: solved (static: 0, total: 1)
Orphan StringName: chip (static: 0, total: 3)
Orphan StringName: _knockback (static: 0, total: 4)
Orphan StringName: validate (static: 0, total: 3)
Orphan StringName: r09_ruines_du_coeur (static: 0, total: 4)
Orphan StringName: _target (static: 0, total: 8)
Orphan StringName: TONE_PLANT (static: 0, total: 2)
Orphan StringName: res://scripts/components/input_intent.gd (static: 0, total: 5)
Orphan StringName: error (static: 0, total: 1)
Orphan StringName: fog_light_color (static: 0, total: 1)
Orphan StringName: choc (static: 0, total: 1)
Orphan StringName: Color (static: 0, total: 1)
Orphan StringName: _refresh_interact_focus (static: 0, total: 5)
Orphan StringName: AudioStreamPlayer (static: 0, total: 11)
Orphan StringName: _grain (static: 0, total: 9)
Orphan StringName: Sky (static: 0, total: 1)
Orphan StringName: fragile_unsupported (static: 0, total: 1)
Orphan StringName: port_offsets (static: 0, total: 6)
Orphan StringName: _update_feedback (static: 0, total: 4)
Orphan StringName: collider_box (static: 0, total: 3)
Orphan StringName: _graph (static: 0, total: 4)
Orphan StringName: TINT_FALLBACK (static: 0, total: 2)
Orphan StringName: _bucket_aabb (static: 0, total: 5)
Orphan StringName: _process_suspicious (static: 0, total: 4)
Orphan StringName: forbidden_surface (static: 0, total: 1)
Orphan StringName: Sun (static: 0, total: 1)
Orphan StringName: recompute_count (static: 0, total: 3)
Orphan StringName: @group_14_Mantle (§9.3) (static: 0, total: 2)
Orphan StringName: missing_clips (static: 0, total: 4)
Orphan StringName: Components/StaminaComponent (static: 0, total: 2)
Orphan StringName: deactivate (static: 0, total: 10)
Orphan StringName: Camera3D (static: 0, total: 8)
Orphan StringName: _on_hit_received (static: 0, total: 8)
Orphan StringName: @group_1_Dégâts (§10.3) (static: 0, total: 2)
Orphan StringName: echo (static: 0, total: 2)
Orphan StringName: UI_SOUND_VOLUME_DB (static: 0, total: 2)
Orphan StringName: has_fragment (static: 0, total: 6)
Orphan StringName: mantle_refused (static: 0, total: 4)
Orphan StringName: SECTION_AUDIO (static: 0, total: 2)
Orphan StringName: BODY_HEIGHT (static: 0, total: 2)
Orphan StringName: add_meal (static: 0, total: 3)
Orphan StringName: ground (static: 0, total: 4)
Orphan StringName: Corner_Exterior_Brick (static: 0, total: 3)
Orphan StringName: offset_top (static: 0, total: 1)
Orphan StringName: Label (static: 0, total: 5)
Orphan StringName: emission_enabled (static: 0, total: 11)
Orphan StringName: YawPivot/PitchPivot/SpringArm3D/Camera3D (static: 0, total: 1)
Orphan StringName: root/GameState (static: 0, total: 2)
Orphan StringName: _wall_normal (static: 0, total: 4)
Orphan StringName: StaticBody3D (static: 0, total: 13)
Orphan StringName: _framing_fov_target (static: 0, total: 4)
Orphan StringName: equip_next (static: 0, total: 4)
Orphan StringName: RING_FULL (static: 0, total: 2)
Orphan StringName: Bolt (static: 0, total: 1)
Orphan StringName: _state_of (static: 0, total: 5)
Orphan StringName: spear (static: 0, total: 1)
Orphan StringName: _history (static: 0, total: 3)
Orphan StringName: max_stack (static: 0, total: 6)
Orphan StringName: @group_11_Fenêtres d'entrée (§10.2, §10.6) (static: 0, total: 2)
Orphan StringName: _socket (static: 0, total: 4)
Orphan StringName: grain_texture (static: 0, total: 11)
Orphan StringName: speed (static: 0, total: 6)
Orphan StringName: dodge (static: 0, total: 13)
Orphan StringName: cliff_large_rock (static: 0, total: 1)
Orphan StringName: own_bodies (static: 0, total: 4)
Orphan StringName: memory_duration (static: 0, total: 6)
Orphan StringName: _push_physics_props (static: 0, total: 4)
Orphan StringName: TRIB_BANK_W (static: 0, total: 2)
Orphan StringName: _flashing (static: 0, total: 4)
Orphan StringName: COL_CYAN (static: 0, total: 6)
Orphan StringName: _weapons (static: 0, total: 3)
Orphan StringName: world_v2_vegetation (static: 0, total: 2)
Orphan StringName: _accumulated (static: 0, total: 4)
Orphan StringName: blade_height (static: 0, total: 3)
Orphan StringName: posture_damage (static: 0, total: 11)
Orphan StringName: typeof (static: 0, total: 12)
Orphan StringName: _emit_model_cells (static: 0, total: 4)
Orphan StringName: pas_charge (static: 0, total: 1)
Orphan StringName: resonance_links (static: 0, total: 1)
Orphan StringName: Spire (static: 0, total: 1)
Orphan StringName: vision_range (static: 0, total: 6)
Orphan StringName: find_node (static: 0, total: 4)
Orphan StringName: move_weapon (static: 0, total: 3)
Orphan StringName: direct_space_state (static: 0, total: 10)
Orphan StringName: sword (static: 0, total: 1)
Orphan StringName: SAMPLES (static: 0, total: 2)
Orphan StringName: is_overloaded (static: 0, total: 5)
Orphan StringName: MaterialStateComponent (static: 0, total: 7)
Orphan StringName: GLOBAL_SEED (static: 0, total: 2)
Orphan StringName: STORM_SEED (static: 0, total: 2)
Orphan StringName: focus_confirm (static: 0, total: 4)
Orphan StringName: TRUNK_HEIGHT_M (static: 0, total: 2)
Orphan StringName: regen_multiplier (static: 0, total: 5)
Orphan StringName: retreat_speed (static: 0, total: 6)
Orphan StringName: parry_posture_damage (static: 0, total: 6)
Orphan StringName: InputEvent (static: 0, total: 2)
Orphan StringName: front_angle_deg (static: 0, total: 6)
Orphan StringName: chain (static: 0, total: 5)
Orphan StringName: @group_0_Accroche (§9.2) (static: 0, total: 2)
Orphan StringName: _cell_key (static: 0, total: 5)
Orphan StringName: _bearing (static: 0, total: 4)
Orphan StringName: _mesh_cache (static: 0, total: 3)
Orphan StringName: WET_TRIB_NEAR (static: 0, total: 2)
Orphan StringName: consume_edges (static: 0, total: 6)
Orphan StringName: _anchors (static: 0, total: 3)
Orphan StringName: stamina (static: 0, total: 4)
Orphan StringName: look_mouse (static: 0, total: 7)
Orphan StringName: set_hop_depth (static: 0, total: 4)
Orphan StringName: SHAKE_MAX_RAD (static: 0, total: 2)
Orphan StringName: climb_drain (static: 0, total: 6)
Orphan StringName: _make_tuft_mesh (static: 0, total: 4)
Orphan StringName: _build_cell (static: 0, total: 4)
Orphan StringName: charged (static: 0, total: 4)
Orphan StringName: TREES_DEAD (static: 0, total: 2)
Orphan StringName: _try_mantle (static: 0, total: 4)
Orphan StringName: chase (static: 0, total: 2)
Orphan StringName: ELEC_DAMAGE_MULTIPLIER (static: 0, total: 2)
Orphan StringName: durability_fraction (static: 0, total: 5)
Orphan StringName: potency (static: 0, total: 5)
Orphan StringName: STATE_BURNING (static: 0, total: 2)
Orphan StringName: camera_pitch_min_deg (static: 0, total: 7)
Orphan StringName: power_changed (static: 0, total: 4)
Orphan StringName: _index (static: 0, total: 6)
Orphan StringName: FORD_BANK_W (static: 0, total: 2)
Orphan StringName: no_top (static: 0, total: 1)
Orphan StringName: Mode (static: 0, total: 2)
Orphan StringName: AssetRegistry (static: 0, total: 3)
Orphan StringName: capture_reference_view (static: 0, total: 3)
Orphan StringName: _path (static: 0, total: 3)
Orphan StringName: collision_mask (static: 0, total: 11)
Orphan StringName: _interact_focus (static: 0, total: 4)
Orphan StringName: _next_attack_id (static: 0, total: 3)
Orphan StringName: probe_ground (static: 0, total: 3)
Orphan StringName: _since_last_hit (static: 0, total: 4)
Orphan StringName: _space (static: 0, total: 7)
Orphan StringName: target_next_pressed (static: 0, total: 8)
Orphan StringName: _warned_weapon (static: 0, total: 4)
Orphan StringName: _regenerate (static: 0, total: 4)
Orphan StringName: EnemyBase (static: 0, total: 7)
Orphan StringName: arrow_speed (static: 0, total: 6)
Orphan StringName: Fern_1 (static: 0, total: 1)
Orphan StringName: instigator_path (static: 0, total: 4)
Orphan StringName: shot_cooldown (static: 0, total: 6)
Orphan StringName: LAKE_DEPTH (static: 0, total: 2)
Orphan StringName: jump (static: 0, total: 9)
Orphan StringName: _duration (static: 0, total: 4)
Orphan StringName: clarity_duration (static: 0, total: 6)
Orphan StringName: _family_try_attack (static: 0, total: 4)
Orphan StringName: ProceduralSkyMaterial (static: 0, total: 1)
Orphan StringName: _step_variant (static: 0, total: 4)
Orphan StringName: border_color (static: 0, total: 3)
Orphan StringName: @group_14_Épuisement (static: 0, total: 2)
Orphan StringName: regen_delay (static: 0, total: 11)
Orphan StringName: HeightMapShape3D (static: 0, total: 1)
Orphan StringName: is_spice (static: 0, total: 5)
Orphan StringName: SLATE_SOLID (static: 0, total: 2)
Orphan StringName: Components/InventoryComponent (static: 0, total: 1)
Orphan StringName: CameraRig (static: 0, total: 7)
Orphan StringName: @group_17_Franchissement de marche (§8.2) (static: 0, total: 2)
Orphan StringName: strike_offset (static: 0, total: 6)
Orphan StringName: _aim_point (static: 0, total: 8)
Orphan StringName: impact (static: 0, total: 4)
Orphan StringName: _default_heavy (static: 0, total: 4)
Orphan StringName: color (static: 0, total: 5)
Orphan StringName: poise_broken (static: 0, total: 4)
Orphan StringName: resonance_ground (static: 0, total: 3)
Orphan StringName: AttackController (static: 0, total: 3)
Orphan StringName: posture_changed (static: 0, total: 5)
Orphan StringName: _dirty (static: 0, total: 4)
Orphan StringName: _water_distance (static: 0, total: 5)
Orphan StringName: _spot_allows (static: 0, total: 6)
Orphan StringName: noise (static: 0, total: 8)
Orphan StringName: _dress_shell (static: 0, total: 4)
Orphan StringName: club (static: 0, total: 1)
Orphan StringName: reaction_resolved (static: 0, total: 3)
Orphan StringName: last_refusal (static: 0, total: 3)
Orphan StringName: progress (static: 0, total: 3)
Orphan StringName: FAILURES_PER_LEVEL (static: 0, total: 2)
Orphan StringName: hit_confirmed (static: 0, total: 4)
Orphan StringName: block_cost_min (static: 0, total: 6)
Orphan StringName: _powered (static: 0, total: 5)
Orphan StringName: Pebble_Square_1 (static: 0, total: 1)
Orphan StringName: _nodes (static: 0, total: 3)
Orphan StringName: hitbox_path (static: 0, total: 4)
Orphan StringName: _coyote_timer (static: 0, total: 4)
Orphan StringName: validate_ids (static: 0, total: 3)
Orphan StringName: _frozen (static: 0, total: 4)
Orphan StringName: cliff_blockSlope_rock (static: 0, total: 1)
Orphan StringName: _route_distance (static: 0, total: 4)
Orphan StringName: _arc_step_cooldown (static: 0, total: 4)
Orphan StringName: dressing_report (static: 0, total: 3)
Orphan StringName: telegraph_materials (static: 0, total: 3)
Orphan StringName: WALL_HOLD_MAX_SPEED (static: 0, total: 2)
Orphan StringName: anim_set (static: 0, total: 4)
Orphan StringName: _on_buff_changed_apply (static: 0, total: 4)
Orphan StringName: DamageEvent (static: 0, total: 22)
Orphan StringName: _attacker_damage (static: 0, total: 4)
Orphan StringName: DEFAULT_MOUSE_SENSITIVITY (static: 0, total: 2)
Orphan StringName: horizontal_speed (static: 0, total: 3)
Orphan StringName: reveal (static: 0, total: 4)
Orphan StringName: TINT_ROUTE (static: 0, total: 2)
Orphan StringName: PathCrest (static: 0, total: 1)
Orphan StringName: _cell_trib_segments (static: 0, total: 3)
Orphan StringName: _yaw (static: 0, total: 4)
Orphan StringName: _visual_root (static: 0, total: 3)
Orphan StringName: Flower_4_Single (static: 0, total: 1)
Orphan StringName: TURQUOISE_DARK (static: 0, total: 2)
Orphan StringName: TRIB_BED_HALF_W (static: 0, total: 2)
Orphan StringName: PrismMesh (static: 0, total: 1)
Orphan StringName: hint_ready (static: 0, total: 3)
Orphan StringName: SWEEP_MASK (static: 0, total: 2)
Orphan StringName: restore (static: 0, total: 7)
Orphan StringName: ramp_soft (static: 0, total: 3)
Orphan StringName: COL_ROCK (static: 0, total: 2)
Orphan StringName: _cloud_material (static: 0, total: 5)
Orphan StringName: albedo (static: 0, total: 2)
Orphan StringName: alert_radius (static: 0, total: 7)
Orphan StringName: begin_path (static: 0, total: 5)
Orphan StringName: AttackDefinition (static: 0, total: 9)
Orphan StringName: sprint_speed (static: 0, total: 5)
Orphan StringName: env.tree.large (static: 0, total: 1)
Orphan StringName: mark_consumed (static: 0, total: 4)
Orphan StringName: max_contacts_reported (static: 0, total: 1)
Orphan StringName: Shape3D (static: 0, total: 2)
Orphan StringName: anchor_bottom (static: 0, total: 1)
Orphan StringName: too_far (static: 0, total: 1)
Orphan StringName: FLOWER_VARIATION_MAX (static: 0, total: 2)
Orphan StringName: res://scripts/combat/attack_controller.gd (static: 0, total: 17)
Orphan StringName: heavy_attack (static: 0, total: 10)
Orphan StringName: State (static: 0, total: 2)
Orphan StringName: los_mask (static: 0, total: 5)
Orphan StringName: PackedByteArray (static: 0, total: 1)
Orphan StringName: _process_family_state (static: 0, total: 4)
Orphan StringName: exhausted (static: 0, total: 5)
Orphan StringName: target_prev_pressed (static: 0, total: 8)
Orphan StringName: res://scripts/dungeon/reset_button.gd (static: 0, total: 7)
Orphan StringName: push_warning (static: 0, total: 14)
Orphan StringName: RAMP_Z_START (static: 0, total: 2)
Orphan StringName: is_broken (static: 0, total: 10)
Orphan StringName: OVERLOAD_TELEGRAPH (static: 0, total: 2)
Orphan StringName: FLOWER_VARIATION_MIN (static: 0, total: 2)
Orphan StringName: healed (static: 0, total: 3)
Orphan StringName: _last_noise_age (static: 0, total: 4)
Orphan StringName: disconnect (static: 1, total: 2)
Orphan StringName: next_attack_id (static: 0, total: 6)
Orphan StringName: mouse_sensitivity (static: 0, total: 4)
Orphan StringName: target_height (static: 0, total: 3)
Orphan StringName: _damage_type (static: 0, total: 4)
Orphan StringName: GroundCollision (static: 0, total: 1)
Orphan StringName: bounce (static: 0, total: 1)
Orphan StringName: bounds (static: 0, total: 5)
Orphan StringName: failures (static: 0, total: 3)
Orphan StringName: overhang (static: 0, total: 1)
Orphan StringName: _skeleton (static: 0, total: 4)
Orphan StringName: is_translucent (static: 0, total: 4)
Orphan StringName: res://resources/tuning/stamina_tuning.gd (static: 0, total: 1)
Orphan StringName: health (static: 0, total: 17)
Orphan StringName: _hurt_elapsed (static: 0, total: 4)
Orphan StringName: PlayerController.Mode (static: 0, total: 2)
Orphan StringName: hit_stop (static: 0, total: 14)
Orphan StringName: velocity (static: 0, total: 34)
Orphan StringName: ConfigFile (static: 0, total: 1)
Orphan StringName: _bake_buckets (static: 0, total: 4)
Orphan StringName: fractal_gain (static: 0, total: 3)
Orphan StringName: transform_format (static: 0, total: 5)
Orphan StringName: res://scripts/combat/bow_component.gd (static: 0, total: 7)
Orphan StringName: LOCK_CONVERGENCE_SPEED (static: 0, total: 2)
Orphan StringName: _process_dead (static: 0, total: 4)
Orphan StringName: CELL_M (static: 0, total: 2)
Orphan StringName: TREES_MEADOW (static: 0, total: 2)
Orphan StringName: can_spend (static: 0, total: 5)
Orphan StringName: _apply_opacity (static: 0, total: 4)
Orphan StringName: POLARITY_RANGE (static: 0, total: 2)
Orphan StringName: FOLIAGE_PAINTERLY (static: 0, total: 2)
Orphan StringName: BREAK_MARGIN (static: 0, total: 2)
Orphan StringName: try_ground (static: 0, total: 5)
Orphan StringName: PUSH_MAX_SPEED (static: 0, total: 2)
Orphan StringName: camera_fov_sprint (static: 0, total: 6)
Orphan StringName: climb_lateral_drain (static: 0, total: 6)
Orphan StringName: _mark_consumed (static: 0, total: 9)
Orphan StringName: active_link (static: 0, total: 3)
Orphan StringName: linear_velocity (static: 0, total: 3)
Orphan StringName: Pivot (static: 0, total: 2)
Orphan StringName: meals_changed (static: 0, total: 4)
Orphan StringName: process_mode (static: 0, total: 1)
Orphan StringName: res://scripts/components/stamina_component.gd (static: 0, total: 15)
Orphan StringName: move_forward (static: 0, total: 1)
Orphan StringName: _heavy_holders (static: 0, total: 3)
Orphan StringName: is_waiting (static: 0, total: 3)
Orphan StringName: KitPlacement (static: 0, total: 3)
Orphan StringName: LocomotionTuning (static: 0, total: 5)
Orphan StringName: take_damage (static: 0, total: 4)
Orphan StringName: _build_clouds (static: 0, total: 4)
Orphan StringName: shader_cutout (static: 0, total: 4)
Orphan StringName: stagger_duration (static: 0, total: 6)
Orphan StringName: Components/LedgeDetectorComponent (static: 0, total: 1)
Orphan StringName: ShellDressing (static: 0, total: 1)
Orphan StringName: IngredientDefinition (static: 0, total: 4)
Orphan StringName: reset (static: 0, total: 4)
Orphan StringName: plaque (static: 0, total: 4)
Orphan StringName: parry_poise_damage (static: 0, total: 6)
Orphan StringName: current_intent (static: 0, total: 5)
Orphan StringName: annule (static: 0, total: 2)
Orphan StringName: @group_9_Saut et gravité (static: 0, total: 2)
Orphan StringName: vista_camera (static: 0, total: 4)
Orphan StringName: env.rock.medium (static: 0, total: 1)
Orphan StringName: max_poise (static: 0, total: 6)
Orphan StringName: approach_local (static: 0, total: 6)
Orphan StringName: current_interact_target (static: 0, total: 3)
Orphan StringName: _add_cloud_lump (static: 0, total: 4)
Orphan StringName: _interact_focus_tick (static: 0, total: 4)
Orphan StringName: no_space (static: 0, total: 2)
Orphan StringName: _is_telegraphing (static: 0, total: 4)
Orphan StringName: blade (static: 0, total: 1)
Orphan StringName: _apply_fill (static: 0, total: 5)
Orphan StringName: res://scripts/components/poise_component.gd (static: 0, total: 5)
Orphan StringName: load_volume (static: 0, total: 3)
Orphan StringName: Area3D (static: 0, total: 9)
Orphan StringName: BURN_DURATION (static: 0, total: 2)
Orphan StringName: _feedback_materials (static: 0, total: 3)
Orphan StringName: start_flee (static: 0, total: 3)
Orphan StringName: WorldV2TerrainBuilder (static: 0, total: 6)
Orphan StringName: definition_id (static: 0, total: 3)
Orphan StringName: repousser (static: 0, total: 2)
Orphan StringName: _drive_arc_step (static: 0, total: 4)
Orphan StringName: CloudBase (static: 0, total: 1)
Orphan StringName: pushable (static: 0, total: 2)
Orphan StringName: _shader (static: 0, total: 3)
Orphan StringName: Components/StatusEffectComponent (static: 0, total: 1)
Orphan StringName: HeroSigns (static: 0, total: 3)
Orphan StringName: _press_count (static: 0, total: 4)
Orphan StringName: DirectionalLight3D (static: 0, total: 1)
Orphan StringName: split (static: 0, total: 1)
Orphan StringName: reposition (static: 0, total: 2)
Orphan StringName: env.tree.medium (static: 0, total: 1)
Orphan StringName: ElementPacket (static: 0, total: 10)
Orphan StringName: @group_1_Vitalité (§12.1) (static: 0, total: 2)
Orphan StringName: vertex_color_use_as_albedo (static: 0, total: 2)
Orphan StringName: offset_left (static: 0, total: 1)
Orphan StringName: enemies (static: 0, total: 6)
Orphan StringName: @group_9_Déplacement sur paroi (§9.2) (static: 0, total: 2)
Orphan StringName: char.raider_red (static: 0, total: 1)
Orphan StringName: Hero (static: 0, total: 1)
Orphan StringName: apply_state (static: 0, total: 8)
Orphan StringName: lifetime (static: 0, total: 6)
Orphan StringName: res://scripts/enemies/noise_events.gd (static: 0, total: 2)
Orphan StringName: COL_STONE (static: 0, total: 2)
Orphan StringName: activate (static: 0, total: 4)
Orphan StringName: RAMP_HALF_W (static: 0, total: 2)
Orphan StringName: content_margin_bottom (static: 0, total: 2)
Orphan StringName: append (static: 0, total: 56)
Orphan StringName: remaining (static: 0, total: 3)
Orphan StringName: _spent_this_tick (static: 0, total: 4)
Orphan StringName: hop_depth (static: 0, total: 4)
Orphan StringName: PoiseComponent (static: 0, total: 8)
Orphan StringName: is_emitting (static: 0, total: 4)
Orphan StringName: Button (static: 0, total: 6)
Orphan StringName: _weapon_mesh (static: 0, total: 4)
Orphan StringName: _shader_cutout (static: 0, total: 3)
Orphan StringName: _try_grass_tuft (static: 0, total: 4)
Orphan StringName: PlayerController (static: 0, total: 10)
Orphan StringName: climb_jump_height (static: 0, total: 6)
Orphan StringName: fired (static: 0, total: 2)
Orphan StringName: PitchPivot (static: 0, total: 3)
Orphan StringName: state (static: 0, total: 4)
Orphan StringName: _base_color (static: 0, total: 4)
Orphan StringName: elan (static: 0, total: 2)
Orphan StringName: _apply_painterly_to_hero (static: 0, total: 4)
Orphan StringName: revive (static: 0, total: 4)
Orphan StringName: res://scripts/world_v2/world_v2_heightmap.gd (static: 0, total: 27)
Orphan StringName: roughness (static: 0, total: 13)
Orphan StringName: ../Mesh (static: 0, total: 1)
Orphan StringName: install_hints (static: 0, total: 3)
Orphan StringName: probe_wall (static: 0, total: 5)
Orphan StringName: YawPivot/PitchPivot/SpringArm3D (static: 0, total: 1)
Orphan StringName: _build_riverside (static: 0, total: 4)
Orphan StringName: _last_refusal (static: 0, total: 3)
Orphan StringName: _blade_mesh (static: 0, total: 4)
Orphan StringName: HintLabel (static: 0, total: 1)
Orphan StringName: PLAYABLE_LIMIT_M (static: 0, total: 2)
Orphan StringName: LedgeDetectorComponent.LedgeResult (static: 0, total: 1)
Orphan StringName: _grab_cooldown (static: 0, total: 4)
Orphan StringName: BELLY_FLOOR (static: 0, total: 1)
Orphan StringName: BOULDER_MAX_SLOPE_DEG (static: 0, total: 2)
Orphan StringName: _owning_room (static: 0, total: 4)
Orphan StringName: Wall_UnevenBrick_Straight (static: 0, total: 3)
Orphan StringName: state_changed (static: 0, total: 13)
Orphan StringName: fractured (static: 0, total: 2)
Orphan StringName: connect (static: 1, total: 10)
Orphan StringName: attack_phase_changed (static: 0, total: 5)
Orphan StringName: active (static: 0, total: 8)
Orphan StringName: _label (static: 0, total: 4)
Orphan StringName: sprint (static: 0, total: 9)
Orphan StringName: focus_update (static: 0, total: 4)
Orphan StringName: FlashLight (static: 0, total: 1)
Orphan StringName: _apply_painterly_to_model (static: 0, total: 6)
Orphan StringName: Player (static: 0, total: 2)
Orphan StringName: AttackControllerComponent.Phase (static: 0, total: 2)
Orphan StringName: _knockback_impulse (static: 0, total: 4)
Orphan StringName: _node (static: 0, total: 4)
Orphan StringName: is_in_water (static: 0, total: 4)
Orphan StringName: block_damage_factor (static: 0, total: 6)
Orphan StringName: emit (static: 0, total: 83)
Orphan StringName: RING_COL_AMPLITUDE (static: 0, total: 2)
Orphan StringName: _ground_player (static: 0, total: 4)
Orphan StringName: _invulnerable (static: 0, total: 4)
Orphan StringName: CYAN (static: 0, total: 4)
Orphan StringName: HurtTuning (static: 0, total: 4)
Orphan StringName: room_id (static: 0, total: 5)
Orphan StringName: _focus_candidates (static: 0, total: 3)
Orphan StringName: _heightmap (static: 0, total: 8)
Orphan StringName: consume (static: 0, total: 6)
Orphan StringName: WET_DURATION_SURFACE (static: 0, total: 2)
Orphan StringName: _has_los (static: 0, total: 16)
Orphan StringName: shadow_normal_bias (static: 0, total: 1)
Orphan StringName: arrow_fired (static: 0, total: 3)
Orphan StringName: surface_texture (static: 0, total: 2)
Orphan StringName: root/SceneFlow (static: 0, total: 1)
Orphan StringName: MODEL_CACHE_MAX (static: 0, total: 2)
Orphan StringName: _territory_origin (static: 0, total: 4)
Orphan StringName: register_block (static: 0, total: 3)
Orphan StringName: set_hints (static: 0, total: 4)
Orphan StringName: bone_name (static: 0, total: 2)
Orphan StringName: set_weapon (static: 0, total: 4)
Orphan StringName: _lake_center (static: 0, total: 4)
Orphan StringName: _lock_on (static: 0, total: 3)
Orphan StringName: Plant_1 (static: 0, total: 1)
Orphan StringName: CharacterVisual (static: 0, total: 10)
Orphan StringName: _broke_emitted (static: 0, total: 4)
Orphan StringName: staggered (static: 0, total: 2)
Orphan StringName: witness_ally_death (static: 0, total: 4)
Orphan StringName: tile_for (static: 0, total: 4)
Orphan StringName: _broken (static: 0, total: 8)
Orphan StringName: _drive_ground (static: 0, total: 4)
Orphan StringName: exclude (static: 0, total: 4)
Orphan StringName: _grass_material (static: 0, total: 4)
Orphan StringName: set_ingredients (static: 0, total: 3)
Orphan StringName: attenuated (static: 0, total: 3)
Orphan StringName: map_data (static: 0, total: 1)
Orphan StringName: _resolved_this_tick (static: 0, total: 4)
Orphan StringName: PERCEPTION_INTERVAL (static: 0, total: 2)
Orphan StringName: _los_lost_for (static: 0, total: 4)
Orphan StringName: COL_WATER (static: 0, total: 2)
Orphan StringName: neighbours (static: 0, total: 4)
Orphan StringName: res://resources/combat/bow_tuning.gd (static: 0, total: 1)
Orphan StringName: TURQUOISE (static: 0, total: 4)
Orphan StringName: is_empty (static: 0, total: 4)
Orphan StringName: _grass_tall (static: 0, total: 4)
Orphan StringName: dev_fly_up (static: 0, total: 1)
Orphan StringName: VisualInstance3D (static: 0, total: 2)
Orphan StringName: _path_goal (static: 0, total: 4)
Orphan StringName: LAKE_SHORE_W (static: 0, total: 2)
Orphan StringName: display_name (static: 0, total: 12)
Orphan StringName: _use_reader (static: 0, total: 4)
Orphan StringName: background_mode (static: 0, total: 1)
Orphan StringName: @group_6_Consommation instantanée (par action) (static: 0, total: 2)
Orphan StringName: _ford_factor (static: 0, total: 4)
Orphan StringName: material (static: 0, total: 4)
Orphan StringName: _on_buff_changed_expire (static: 0, total: 4)
Orphan StringName: attack_light (static: 0, total: 10)
Orphan StringName: valid (static: 0, total: 6)
Orphan StringName: tags (static: 0, total: 4)
Orphan StringName: duplicate_intent (static: 0, total: 3)
Orphan StringName: ledge_search_height (static: 0, total: 6)
Orphan StringName: focus (static: 0, total: 1)
Orphan StringName: @group_5_Sondes (§9.2) (static: 0, total: 2)
Orphan StringName: SEPARATION_WEIGHT (static: 0, total: 2)
Orphan StringName: camp_center (static: 0, total: 2)
Orphan StringName: build (static: 0, total: 6)
Orphan StringName: icon (static: 0, total: 4)
Orphan StringName: display_name_key (static: 0, total: 4)
Orphan StringName: BoxMesh (static: 0, total: 1)
Orphan StringName: ClimbTuning (static: 0, total: 6)
Orphan StringName: _rescue_transform (static: 0, total: 4)
Orphan StringName: node_path (static: 0, total: 6)
Orphan StringName: save_state (static: 0, total: 8)
Orphan StringName: mouse_entered (static: 0, total: 1)
Orphan StringName: PEBBLE_MODELS (static: 0, total: 2)
Orphan StringName: LINK_SELECT_RANGE (static: 0, total: 2)
Orphan StringName: WARNING_FRACTION (static: 0, total: 2)
Orphan StringName: _falling_out (static: 0, total: 4)
Orphan StringName: _reveal_timer (static: 0, total: 4)
Orphan StringName: surface_blend (static: 0, total: 2)
Orphan StringName: dissolve (static: 0, total: 5)
Orphan StringName: count (static: 0, total: 3)
Orphan StringName: TREES_DRY (static: 0, total: 2)
Orphan StringName: GOLD (static: 0, total: 2)
Orphan StringName: TINT_FORBIDDEN (static: 0, total: 2)
Orphan StringName: spring_length (static: 0, total: 2)
Orphan StringName: rock_largeA (static: 0, total: 1)
Orphan StringName: rock_largeC (static: 0, total: 1)
Orphan StringName: get_yaw (static: 0, total: 3)
Orphan StringName: font_size (static: 0, total: 1)
Orphan StringName: try_heavy (static: 0, total: 4)
Orphan StringName: approach_from (static: 0, total: 5)
Orphan StringName: summary (static: 0, total: 3)
Orphan StringName: is_active (static: 0, total: 13)
Orphan StringName: equip_previous (static: 0, total: 4)
Orphan StringName: _water_segments (static: 0, total: 6)
Orphan StringName: _acquire_arrow (static: 0, total: 4)
Orphan StringName: set_mouse_sensitivity (static: 0, total: 4)
Orphan StringName: no_wall (static: 0, total: 1)
Orphan StringName: material_override (static: 0, total: 25)
Orphan StringName: LedgeResult (static: 0, total: 4)
Orphan StringName: _flows_compatible (static: 0, total: 4)
Orphan StringName: guard_broken (static: 0, total: 3)
Orphan StringName: motion (static: 0, total: 1)
Orphan StringName: camera_fade_distance (static: 0, total: 6)
Orphan StringName: res://scripts/world/kit_scale.gd (static: 0, total: 4)
Orphan StringName: idle (static: 0, total: 10)
Orphan StringName: UI_SOUND_PATHS (static: 0, total: 2)
Orphan StringName: _on_own_hit_confirmed (static: 0, total: 4)
Orphan StringName: @group_0_Vitesses (m/s) (static: 0, total: 2)
Orphan StringName: FLOWER_MODELS (static: 0, total: 2)
Orphan StringName: flash_duration (static: 0, total: 5)
Orphan StringName: FORD_CLEAR_M (static: 0, total: 2)
Orphan StringName: resonance (static: 0, total: 3)
Orphan StringName: get_camera (static: 0, total: 6)
Orphan StringName: Phase (static: 0, total: 2)
Orphan StringName: res://scripts/reaction/resonance_link_node.gd (static: 0, total: 7)
Orphan StringName: PainterlyRecipe (static: 0, total: 3)
Orphan StringName: linked (static: 0, total: 3)
Orphan StringName: _govern_tick (static: 0, total: 4)
Orphan StringName: resonance_targets (static: 0, total: 3)
Orphan StringName: _process_retreat (static: 0, total: 4)
Orphan StringName: attack_finished (static: 0, total: 4)
Orphan StringName: _route_segments (static: 0, total: 6)
Orphan StringName: safe_transform (static: 0, total: 4)
Orphan StringName: _facing_angle_deg (static: 0, total: 4)
Orphan StringName: request_token (static: 0, total: 4)
Orphan StringName: is_dodging (static: 0, total: 3)
Orphan StringName: out_of_range (static: 0, total: 1)
Orphan StringName: ResonanceTargetComponent (static: 0, total: 6)
Orphan StringName: clear_lock_target (static: 0, total: 5)
Orphan StringName: res://resources/enemies/enemy_tuning.gd (static: 0, total: 1)
Orphan StringName: _navigation_map (static: 0, total: 4)
Orphan StringName: omni_range (static: 0, total: 2)
Orphan StringName: aim (static: 0, total: 2)
Orphan StringName: res://scripts/components/lock_on_component.gd (static: 0, total: 12)
Orphan StringName: go_to (static: 0, total: 1)
Orphan StringName: res://resources/combat/hurt_tuning.gd (static: 0, total: 1)
Orphan StringName: CliffLeftNear (static: 0, total: 2)
Orphan StringName: res://scripts/world/storm_cell.gd (static: 0, total: 13)
Orphan StringName: has_declared_approach (static: 0, total: 3)
Orphan StringName: _base_offset (static: 0, total: 4)
Orphan StringName: lock_target (static: 0, total: 4)
Orphan StringName: SHAKE_DECAY (static: 0, total: 2)
Orphan StringName: add_weapon (static: 0, total: 4)
Orphan StringName: sun_curve (static: 0, total: 1)
Orphan StringName: _cell_context (static: 0, total: 4)
Orphan StringName: REPATH_INTERVAL (static: 0, total: 2)
Orphan StringName: rock_smallB (static: 0, total: 1)
Orphan StringName: mantle_max_correction_m (static: 0, total: 7)
Orphan StringName: _last_noise_at (static: 0, total: 4)
Orphan StringName: rings (static: 0, total: 2)
Orphan StringName: res://scripts/combat/damage_formula.gd (static: 0, total: 2)
Orphan StringName: GRID_COLS (static: 0, total: 2)
Orphan StringName: _pitch (static: 0, total: 4)
Orphan StringName: axe (static: 0, total: 1)
Orphan StringName: IMPACT_RADIUS (static: 0, total: 2)
Orphan StringName: DAMAGE_TAKEN_MULTIPLIER (static: 0, total: 2)
Orphan StringName: TILE (static: 0, total: 2)
Orphan StringName: res://scripts/characters/character_visual.gd (static: 0, total: 7)
Orphan StringName: finished (static: 0, total: 3)
Orphan StringName: Vector2i (static: 0, total: 1)
Orphan StringName: Callable (static: 0, total: 1)
Orphan StringName: _nearest_port_gap (static: 0, total: 4)
Orphan StringName: Vector3i (static: 0, total: 1)
Orphan StringName: combat_coordinator (static: 0, total: 2)
Orphan StringName: Vector4i (static: 0, total: 1)
Orphan StringName: _los_tick (static: 0, total: 4)
Orphan StringName: GuardTuning (static: 0, total: 4)
Orphan StringName: fog_aerial_perspective (static: 0, total: 1)
Orphan StringName: _health (static: 0, total: 9)
Orphan StringName: hazard (static: 0, total: 1)
Orphan StringName: SurfaceTool (static: 0, total: 5)
Orphan StringName: available (static: 0, total: 3)
Orphan StringName: world_v2_vegetation_colliders (static: 0, total: 1)
Orphan StringName: river_points (static: 0, total: 3)
Orphan StringName: port (static: 0, total: 1)
Orphan StringName: MELEE_TOKENS (static: 0, total: 2)
Orphan StringName: _step_distance (static: 0, total: 4)
Orphan StringName: set_arrows (static: 0, total: 3)
Orphan StringName: VistaCamera_Hero01 (static: 0, total: 3)
Orphan StringName: heavy_pressed (static: 0, total: 7)
Orphan StringName: _profile_at (static: 0, total: 6)
Orphan StringName: set_meals (static: 0, total: 3)
Orphan StringName: _state (static: 0, total: 4)
Orphan StringName: _ui_streams (static: 0, total: 2)
Orphan StringName: Flower_3_Single (static: 0, total: 1)
Orphan StringName: bow (static: 0, total: 2)
Orphan StringName: box (static: 0, total: 3)
Orphan StringName: player (static: 0, total: 3)
Orphan StringName: ValleySlope (static: 0, total: 1)
Orphan StringName: _setup_graybox_material (static: 0, total: 4)
Orphan StringName: jump_buffer (static: 0, total: 6)
Orphan StringName: _water_near_chunk (static: 0, total: 4)
Orphan StringName: _input (static: 1, total: 4)
Orphan StringName: is_clarity_active (static: 0, total: 3)
Orphan StringName: parry_window (static: 0, total: 6)
Orphan StringName: bus (static: 0, total: 1)
Orphan StringName: elapsed (static: 0, total: 4)
Orphan StringName: _grass_foreground (static: 0, total: 4)
Orphan StringName: save_volume (static: 0, total: 3)
Orphan StringName: point (static: 0, total: 6)
Orphan StringName: _interact_refusal_cooldown (static: 0, total: 4)
Orphan StringName: return (static: 0, total: 2)
Orphan StringName: get_intent (static: 0, total: 4)
Orphan StringName: HeroShotLab (static: 0, total: 3)
Orphan StringName: poise (static: 0, total: 6)
Orphan StringName: _time_since_spend (static: 0, total: 4)
Orphan StringName: SPRINT_NOISE_INTERVAL (static: 0, total: 2)
Orphan StringName: _find_coordinator (static: 0, total: 5)
Orphan StringName: _wet_timer (static: 0, total: 4)
Orphan StringName: _collect_flash_materials (static: 0, total: 4)
Orphan StringName: res://scripts/dungeon/room_dressing.gd (static: 0, total: 11)
Orphan StringName: spiked (static: 0, total: 1)
Orphan StringName: begin_ground_lock (static: 0, total: 4)
Orphan StringName: team (static: 0, total: 22)
Orphan StringName: NoiseEvents (static: 0, total: 3)
Orphan StringName: reset_stats (static: 0, total: 3)
Orphan StringName: Components/PlayerInputReader (static: 0, total: 1)
Orphan StringName: occupe (static: 0, total: 1)
Orphan StringName: dissolved (static: 0, total: 4)
Orphan StringName: monitoring (static: 0, total: 2)
Orphan StringName: BREAK_RADIUS (static: 0, total: 2)
Orphan StringName: REGION_ASH (static: 0, total: 2)
Orphan StringName: res://scripts/dungeon/puzzle_hint_tracker.gd (static: 0, total: 10)
Orphan StringName: PackedStringArray (static: 0, total: 1)
Orphan StringName: ELAN_KEEP (static: 0, total: 2)
Orphan StringName: WATER_SEGMENT_MARGIN (static: 0, total: 2)
Orphan StringName: target_next (static: 0, total: 1)
Orphan StringName: MODULE_DIRS (static: 0, total: 2)
Orphan StringName: hear_noise (static: 0, total: 7)
Orphan StringName: grain_roughness (static: 0, total: 2)
Orphan StringName: reveal_ended (static: 0, total: 3)
Orphan StringName: radial_segments (static: 0, total: 2)
Orphan StringName: text (static: 0, total: 1)
Orphan StringName: defense (static: 0, total: 1)
Orphan StringName: stamina_regen_multiplier (static: 0, total: 4)
Orphan StringName: _pool (static: 0, total: 3)
Orphan StringName: ATTACK_MULTIPLIER (static: 0, total: 2)
Orphan StringName: parry_window_bonus (static: 0, total: 6)
Orphan StringName: res://scripts/lookdev/hero_shot_lab.gd (static: 0, total: 37)
Orphan StringName: _pivot (static: 0, total: 3)
Orphan StringName: reachable (static: 0, total: 4)
Orphan StringName: _arc_step_time_left (static: 0, total: 4)
Orphan StringName: navigation_map (static: 0, total: 1)
Orphan StringName: turn_speed (static: 0, total: 6)
Orphan StringName: _exhausted (static: 0, total: 4)
Orphan StringName: _try_jump (static: 0, total: 4)
Orphan StringName: load_slot (static: 0, total: 2)
Orphan StringName: WET_TRIB_FAR (static: 0, total: 2)
Orphan StringName: POLARITY_SPEED (static: 0, total: 2)
Orphan StringName: _family_visual_mounted (static: 0, total: 4)
Orphan StringName: _collision (static: 0, total: 3)
Orphan StringName: ground_horizon_color (static: 0, total: 1)
Orphan StringName: HudStyle (static: 0, total: 3)
Orphan StringName: guard_blocked (static: 0, total: 3)
Orphan StringName: pick_ground_target (static: 0, total: 4)
Orphan StringName: _tick_perception (static: 0, total: 8)
Orphan StringName: r10_marche_de_l_orage (static: 0, total: 5)
Orphan StringName: hints (static: 0, total: 3)
Orphan StringName: POLARITY_MASS_MAX (static: 0, total: 2)
Orphan StringName: BARE_REACH (static: 0, total: 2)
Orphan StringName: step_forward_probe (static: 0, total: 6)
Orphan StringName: phase (static: 0, total: 6)
Orphan StringName: ssao_enabled (static: 0, total: 1)
Orphan StringName: albedo_texture (static: 0, total: 6)
Orphan StringName: _failures (static: 0, total: 4)
Orphan StringName: CHUNK_SIZE_M (static: 0, total: 2)
Orphan StringName: MultiMeshInstance3D (static: 0, total: 1)
Orphan StringName: grain_strength (static: 0, total: 2)
Orphan StringName: _hero_opacity (static: 0, total: 4)
Orphan StringName: _cell_touches_water (static: 0, total: 4)
Orphan StringName: COL_IVORY (static: 0, total: 8)
Orphan StringName: release_token (static: 0, total: 4)
Orphan StringName: Resource (static: 2, total: 34)
Orphan StringName: StyleBoxFlat (static: 0, total: 9)
Orphan StringName: _hit_stop (static: 0, total: 4)
Orphan StringName: GeometryInstance3D (static: 0, total: 1)
Orphan StringName: _velocity (static: 0, total: 4)
Orphan StringName: WorldEnvironment (static: 0, total: 2)
Orphan StringName: _tune_lights (static: 0, total: 4)
Orphan StringName: clear (static: 0, total: 9)
Orphan StringName: resolve (static: 0, total: 4)
Orphan StringName: BOLT_HALO (static: 0, total: 2)
Orphan StringName: add_arrows (static: 0, total: 3)
Orphan StringName: _team (static: 0, total: 4)
Orphan StringName: released_wall (static: 0, total: 3)
Orphan StringName: char.raider_black (static: 0, total: 1)
Orphan StringName: weapon_added (static: 0, total: 3)
Orphan StringName: _scene_cache (static: 0, total: 2)
Orphan StringName: offset_bottom (static: 0, total: 1)
Orphan StringName: _build (static: 0, total: 4)
Orphan StringName: acquire_half_angle_deg (static: 0, total: 5)
Orphan StringName: arch.gate.module (static: 0, total: 1)
Orphan StringName: regen_ramp (static: 0, total: 6)
Orphan StringName: _yaw_pivot (static: 0, total: 3)
Orphan StringName: _build_citadel_proxy (static: 0, total: 4)
Orphan StringName: fragments (static: 0, total: 3)
Orphan StringName: inventory (static: 0, total: 3)
Orphan StringName: res://resources/ingredients/ingredient_definition.gd (static: 0, total: 1)
Orphan StringName: _enforce_activity_cap (static: 0, total: 4)
Orphan StringName: PILASTER_EVERY (static: 0, total: 2)
Orphan StringName: _category_tone (static: 0, total: 4)
Orphan StringName: regen_rate (static: 0, total: 11)
Orphan StringName: .. (static: 1, total: 7)
Orphan StringName: River (static: 0, total: 1)
Orphan StringName: top_level (static: 0, total: 1)
Orphan StringName: flower (static: 0, total: 2)
Orphan StringName: is_dead (static: 0, total: 11)
Orphan StringName: _model_index (static: 0, total: 2)
Orphan StringName: WallProbe (static: 0, total: 4)
Orphan StringName: @group_2_Consommation continue (par seconde) (static: 0, total: 2)
Orphan StringName: DungeonRoom (static: 0, total: 4)
Orphan StringName: clamp_sensitivity (static: 0, total: 6)
Orphan StringName: world_ports (static: 0, total: 6)
Orphan StringName: disable_fog (static: 0, total: 3)
Orphan StringName: _desired_horizontal (static: 0, total: 4)
Orphan StringName: _active (static: 0, total: 12)
Orphan StringName: AudioStream (static: 0, total: 3)
Orphan StringName: _family_ready (static: 0, total: 4)
Orphan StringName: _was_on_floor (static: 0, total: 4)
Orphan StringName: COL_STONE_COLD (static: 0, total: 2)
Orphan StringName: WorldV2PlaceKit (static: 0, total: 3)
Orphan StringName: describe (static: 0, total: 3)
Orphan StringName: take_posture_damage (static: 0, total: 4)
Orphan StringName: can_go_to (static: 0, total: 1)
Orphan StringName: fov (static: 0, total: 4)
Orphan StringName: is_revealed (static: 0, total: 4)
Orphan StringName: @group_22_Caméra (§8.3) (static: 0, total: 2)
Orphan StringName: ground_bottom_color (static: 0, total: 1)
Orphan StringName: action_id (static: 0, total: 7)
Orphan StringName: requires_traversal (static: 0, total: 6)
Orphan StringName: pylon_top (static: 0, total: 1)
Orphan StringName: _jump_buffer_timer (static: 0, total: 4)
Orphan StringName: MIN_MOUSE_SENSITIVITY (static: 0, total: 2)
Orphan StringName: meal_eaten (static: 0, total: 3)
Orphan StringName: ground_acceleration (static: 0, total: 6)
Orphan StringName: HEAVY_TOKENS (static: 0, total: 2)
Orphan StringName: fractal_octaves (static: 0, total: 3)
Orphan StringName: YawPivot (static: 0, total: 5)
Orphan StringName: COL_BRONZE (static: 0, total: 4)
Orphan StringName: citadel_center (static: 0, total: 1)
Orphan StringName: cancelled (static: 0, total: 3)
Orphan StringName: call_deferred (static: 0, total: 3)
Orphan StringName: Storm (static: 0, total: 3)
Orphan StringName: _process_flee (static: 0, total: 4)
Orphan StringName: Flower_3_Group (static: 0, total: 3)
Orphan StringName: KinematicCollision3D (static: 0, total: 1)
Orphan StringName: _trib_bed_curve (static: 0, total: 5)
Orphan StringName: UI (static: 0, total: 1)
Orphan StringName: _base_cache (static: 0, total: 2)
Orphan StringName: buff_expired (static: 0, total: 5)
Orphan StringName: res://scripts/combat/damage_event.gd (static: 0, total: 1)
Orphan StringName: SEPARATION_RADIUS (static: 0, total: 2)
Orphan StringName: lock_component (static: 0, total: 3)
Orphan StringName: capture_north_star (static: 0, total: 3)
Orphan StringName: _try_shoot (static: 0, total: 4)
Orphan StringName: back (static: 0, total: 1)
Orphan StringName: get (static: 0, total: 37)
Orphan StringName: investigate (static: 0, total: 2)
Orphan StringName: update_shake (static: 0, total: 4)
Orphan StringName: sleeping (static: 0, total: 1)
Orphan StringName: _a (static: 0, total: 4)
Orphan StringName: _b (static: 0, total: 4)
Orphan StringName: _paint_cols (static: 0, total: 4)
Orphan StringName: _grass_tint (static: 0, total: 4)
Orphan StringName: poise_changed (static: 0, total: 5)
Orphan StringName: CommonTree_1 (static: 0, total: 2)
Orphan StringName: CommonTree_2 (static: 0, total: 2)
Orphan StringName: CommonTree_3 (static: 0, total: 1)
Orphan StringName: CommonTree_4 (static: 0, total: 2)
Orphan StringName: CommonTree_5 (static: 0, total: 1)
Orphan StringName: uses_large_navmesh (static: 0, total: 6)
Orphan StringName: res://scripts/player/player_controller.gd (static: 0, total: 94)
Orphan StringName: current_attack_id (static: 0, total: 3)
Orphan StringName: rock (static: 0, total: 1)
Orphan StringName: _plan_wall (static: 0, total: 4)
Orphan StringName: id (static: 0, total: 29)
Orphan StringName: _lifetime (static: 0, total: 4)
Orphan StringName: ClimbingComponent (static: 0, total: 5)
Orphan StringName: CitadelProxy (static: 0, total: 1)
Orphan StringName: lock_pressed (static: 0, total: 7)
Orphan StringName: _is_bow_equipped (static: 0, total: 4)
Orphan StringName: _detect_ground_transitions (static: 0, total: 4)
Orphan StringName: _remaining (static: 0, total: 8)
Orphan StringName: _perception_tick (static: 0, total: 4)
Orphan StringName: _shake_offset (static: 0, total: 4)
Orphan StringName: ok (static: 0, total: 4)
Orphan StringName: RUBY (static: 0, total: 2)
Orphan StringName: max_stamina (static: 0, total: 13)
Orphan StringName: burning (static: 0, total: 5)
Orphan StringName: _state_timer (static: 0, total: 4)
Orphan StringName: Basis (static: 0, total: 1)
Orphan StringName: _spring_arm (static: 0, total: 3)
Orphan StringName: dodge_cost (static: 0, total: 6)
Orphan StringName: clip_for (static: 0, total: 6)
Orphan StringName: root (static: 0, total: 11)
Orphan StringName: normal (static: 0, total: 13)
Orphan StringName: target_scene (static: 0, total: 6)
Orphan StringName: landed (static: 0, total: 3)
Orphan StringName: EYE_HEIGHT (static: 0, total: 2)
Orphan StringName: has (static: 0, total: 32)
Orphan StringName: blocks (static: 0, total: 3)
Orphan StringName: Hurtbox (static: 0, total: 2)
Orphan StringName: _wish_direction (static: 0, total: 6)
Orphan StringName: hit_received (static: 0, total: 5)
Orphan StringName: position (static: 0, total: 54)
Orphan StringName: Plant_1_Big (static: 0, total: 1)
Orphan StringName: adjustment_saturation (static: 0, total: 1)
Orphan StringName: _reed_mesh (static: 0, total: 4)
Orphan StringName: can_leave (static: 0, total: 4)
Orphan StringName: fracture_threshold (static: 0, total: 6)
Orphan StringName: launch (static: 0, total: 4)
Orphan StringName: line_of_sight_lost (static: 0, total: 1)
Orphan StringName: Timer (static: 0, total: 3)
Orphan StringName: _relative_transform (static: 0, total: 5)
Orphan StringName: _carve_rivers (static: 0, total: 4)
Orphan StringName: CHARGE_DECAY_PER_SECOND (static: 0, total: 2)
Orphan StringName: reset_to_rescue (static: 0, total: 5)
Orphan StringName: disabled (static: 0, total: 2)
Orphan StringName: dev_fly_toggle (static: 0, total: 1)
Orphan StringName: weapons (static: 0, total: 3)
Orphan StringName: res://scripts/core/asset_registry.gd (static: 0, total: 7)
Orphan StringName: apply_look (static: 0, total: 4)
Orphan StringName: _poise (static: 0, total: 3)
Orphan StringName: move_back (static: 0, total: 1)
Orphan StringName: revealed (static: 0, total: 3)
Orphan StringName: _cancel_ground (static: 0, total: 4)
Orphan StringName: _dodge_direction (static: 0, total: 4)
Orphan StringName: Components (static: 0, total: 13)
Orphan StringName: _fractured (static: 0, total: 4)
Orphan StringName: Rock_Medium_1 (static: 0, total: 1)
Orphan StringName: Rock_Medium_2 (static: 0, total: 1)
Orphan StringName: Rock_Medium_3 (static: 0, total: 1)
Orphan StringName: run_speed (static: 0, total: 6)
Orphan StringName: heavy_attack_cost (static: 0, total: 6)
Orphan StringName: citadel_spire (static: 0, total: 2)
Orphan StringName: hit_taken (static: 0, total: 1)
Orphan StringName: current_attack (static: 0, total: 4)
Orphan StringName: _select_interactable (static: 0, total: 5)
Orphan StringName: MaterialProfile (static: 0, total: 4)
Orphan StringName: LedgeDetectorComponent (static: 0, total: 5)
Orphan StringName: _recompute_count (static: 0, total: 4)
Orphan StringName: grass_cell_count (static: 0, total: 3)
Orphan StringName: click (static: 0, total: 2)
Orphan StringName: place_player_at_spawn (static: 0, total: 3)
Orphan StringName: try_spend (static: 0, total: 8)
Orphan StringName: SHELL_PREFIXES (static: 0, total: 2)
Orphan StringName: MAX_DROP (static: 0, total: 2)
Orphan StringName: cliff (static: 0, total: 1)
Orphan StringName: is_mantling (static: 0, total: 3)
Orphan StringName: BLOCKER_MAX_RADIUS_M (static: 0, total: 2)
Orphan StringName: _focus_manual (static: 0, total: 4)
Orphan StringName: use_vertex_color (static: 0, total: 1)
Orphan StringName: bg_color (static: 0, total: 5)
Orphan StringName: jump_velocity (static: 0, total: 6)
Orphan StringName: GROUNDED_DURATION (static: 0, total: 2)
Orphan StringName: CAM_FOV (static: 0, total: 2)
Orphan StringName: ResonanceController (static: 0, total: 6)
Orphan StringName: _bake (static: 0, total: 4)
Orphan StringName: RING_START (static: 0, total: 2)
Orphan StringName: int (static: 0, total: 1)
Orphan StringName: _grass_cells (static: 0, total: 4)
Orphan StringName: is_attacking (static: 0, total: 6)
Orphan StringName: _neighbours (static: 0, total: 4)
Orphan StringName: SAVE_SLOT (static: 0, total: 2)
Orphan StringName: IVORY (static: 0, total: 4)
Orphan StringName: camera_distance (static: 0, total: 7)
Orphan StringName: mass (static: 0, total: 4)
Orphan StringName: target_released (static: 0, total: 3)
Orphan StringName: _shared (static: 0, total: 7)
Orphan StringName: verb (static: 0, total: 11)
Orphan StringName: _on_durability_warned (static: 0, total: 4)
Orphan StringName: GroundMesh (static: 0, total: 1)
Orphan StringName: _tint (static: 0, total: 4)
Orphan StringName: air_control (static: 0, total: 5)
Orphan StringName: EMISSIVE_THRESHOLD (static: 0, total: 2)
Orphan StringName: patrol_offsets (static: 0, total: 4)
Orphan StringName: _update_flash (static: 0, total: 4)
Orphan StringName: notify (static: 0, total: 4)
Orphan StringName: _feel_hit (static: 0, total: 4)
Orphan StringName: polarity (static: 0, total: 1)
Orphan StringName: wall_normal (static: 0, total: 3)
Orphan StringName: _current (static: 0, total: 12)
Orphan StringName: add_charge (static: 0, total: 4)
Orphan StringName: WET_ELECTRIC_COUPLING (static: 0, total: 2)
Orphan StringName: WALL_ROWS (static: 0, total: 2)
Orphan StringName: _push (static: 0, total: 5)
Orphan StringName: logical_mass (static: 0, total: 5)
Orphan StringName: Socle (static: 0, total: 1)
Orphan StringName: _bind_durability_warning (static: 0, total: 4)
Orphan StringName: sun_angle_max (static: 0, total: 1)
Orphan StringName: health_path (static: 0, total: 4)
Orphan StringName: _grounded_timer (static: 0, total: 4)
Orphan StringName: _hints (static: 0, total: 3)
Orphan StringName: _phase (static: 0, total: 4)
Orphan StringName: font_pressed_color (static: 0, total: 1)
Orphan StringName: climb_speed_lateral (static: 0, total: 6)
Orphan StringName: owner_dead (static: 0, total: 1)
Orphan StringName: sky_top_color (static: 0, total: 1)
Orphan StringName: link_created (static: 0, total: 3)
Orphan StringName: _propagate (static: 0, total: 4)
Orphan StringName: _rebuild_connections (static: 0, total: 4)
Orphan StringName: paint_room (static: 0, total: 3)
Orphan StringName: MAX_CLOUD_RADIUS (static: 0, total: 2)
Orphan StringName: RIVER_BED_HALF_W (static: 0, total: 2)
Orphan StringName: grab_intent_delay_s (static: 0, total: 6)
Orphan StringName: _material (static: 0, total: 17)
Orphan StringName: receive_alert (static: 0, total: 4)
Orphan StringName: _process_return (static: 0, total: 4)
Orphan StringName: _finish (static: 0, total: 4)
Orphan StringName: PackedFloat32Array (static: 0, total: 1)
Orphan StringName: light_color (static: 0, total: 2)
Orphan StringName: @group_7_Timing (§10.6 : anticipation / actif / recovery) (static: 0, total: 2)
Orphan StringName: visual_turn_speed (static: 0, total: 6)
Orphan StringName: r05_terrasse_du_camp (static: 0, total: 4)
Orphan StringName: env.rock.large (static: 0, total: 1)
Orphan StringName: PUSH_MIN_SPEED (static: 0, total: 2)
Orphan StringName: CliffStepA (static: 0, total: 2)
Orphan StringName: CliffStepB (static: 0, total: 2)
Orphan StringName: _player (static: 0, total: 4)
Orphan StringName: attack_id (static: 0, total: 7)
Orphan StringName: local_aabb (static: 0, total: 4)
Orphan StringName: env.rock.pebble_a (static: 0, total: 1)
Orphan StringName: env.rock.pebble_b (static: 0, total: 1)
Orphan StringName: env.rock.pebble_c (static: 0, total: 1)
Orphan StringName: albedo_color (static: 0, total: 29)
Orphan StringName: INTERACT_RANGE (static: 0, total: 2)
Orphan StringName: input_buffer (static: 0, total: 12)
Orphan StringName: _polarity_target (static: 0, total: 4)
Orphan StringName: root/SaveSystem (static: 0, total: 2)
Orphan StringName: mantle_duration (static: 0, total: 6)
Orphan StringName: timeout (static: 0, total: 1)
Orphan StringName: begin (static: 0, total: 3)
Orphan StringName: POLARITY_ACCEL (static: 0, total: 2)
Orphan StringName: BUCKET_COLS (static: 0, total: 2)
Orphan StringName: prop.crate (static: 0, total: 1)
Orphan StringName: push_error (static: 0, total: 3)
Orphan StringName: _ledge (static: 0, total: 3)
Orphan StringName: CapsuleShape3D (static: 0, total: 1)
Orphan StringName: _finish_mantle (static: 0, total: 4)
Orphan StringName: res://scripts/world/reward_anchor.gd (static: 0, total: 12)
Orphan StringName: ElectricGraph (static: 0, total: 6)
Orphan StringName: height (static: 0, total: 8)
Orphan StringName: RING_RISE (static: 0, total: 2)
Orphan StringName: _mark (static: 0, total: 7)
Orphan StringName: rotation (static: 0, total: 14)
Orphan StringName: traversal_base_point (static: 0, total: 3)
Orphan StringName: kind (static: 0, total: 21)
Orphan StringName: basis (static: 0, total: 2)
Orphan StringName: SphereMesh (static: 0, total: 1)
Orphan StringName: _flee_from (static: 0, total: 4)
Orphan StringName: char.raider_blue (static: 0, total: 1)
Orphan StringName: CharacterBody3D (static: 0, total: 34)
Orphan StringName: _last_grounded_position (static: 0, total: 4)
Orphan StringName: heal_amount (static: 0, total: 5)
Orphan StringName: ResonanceLinkNode (static: 0, total: 5)
Orphan StringName: durability_warned (static: 0, total: 4)
Orphan StringName: res://scripts/reaction/material_profile.gd (static: 0, total: 2)
Orphan StringName: _counts (static: 0, total: 3)
Orphan StringName: _ground_timer (static: 0, total: 4)
Orphan StringName: FORD_BLOCKER_CLEAR_M (static: 0, total: 2)
Orphan StringName: suspicious (static: 0, total: 2)
Orphan StringName: _resonance (static: 0, total: 3)
Orphan StringName: try_polarity (static: 0, total: 4)
Orphan StringName: glow_intensity (static: 0, total: 1)
Orphan StringName: r06_bois_du_levant (static: 0, total: 4)
Orphan StringName: _emissive_material (static: 0, total: 6)
Orphan StringName: InputIntent (static: 0, total: 21)
Orphan StringName: fog_density (static: 0, total: 1)
Orphan StringName: REFUSING_GROUPS (static: 0, total: 2)
Orphan StringName: patrol_speed (static: 0, total: 9)
Orphan StringName: multimesh (static: 0, total: 5)
Orphan StringName: has_arrows (static: 0, total: 4)
Orphan StringName: FastNoiseLite (static: 0, total: 1)
Orphan StringName: set_worn (static: 0, total: 1)
Orphan StringName: _arc_step_target (static: 0, total: 4)
Orphan StringName: cliff_corner_rock (static: 0, total: 1)
Orphan StringName: _ingredients (static: 0, total: 3)
Orphan StringName: persistent_id (static: 0, total: 7)
Orphan StringName: Plane (static: 0, total: 1)
Orphan StringName: _request_attack_token (static: 0, total: 4)
Orphan StringName: with_surface (static: 0, total: 4)
Orphan StringName: status (static: 0, total: 3)
Orphan StringName: visible (static: 0, total: 12)
Orphan StringName: SCENE_CACHE_MAX (static: 0, total: 2)
Orphan StringName: PackedFloat64Array (static: 0, total: 1)
Orphan StringName: _process_dodge (static: 0, total: 4)
Orphan StringName: res://scripts/components/player_input_reader.gd (static: 0, total: 8)
Orphan StringName: _init (static: 0, total: 9)
Orphan StringName: _polarity_anchor (static: 0, total: 4)
Orphan StringName: begin_arc_step (static: 0, total: 4)
Orphan StringName: glow_enabled (static: 0, total: 1)
Orphan StringName: _hitstop_timer (static: 0, total: 8)
Orphan StringName: acquire_range (static: 0, total: 5)
Orphan StringName: _cell_main_segments (static: 0, total: 3)
Orphan StringName: PULSE_RADIUS (static: 0, total: 2)
Orphan StringName: REVEAL_DURATION (static: 0, total: 2)
Orphan StringName: _painterly_material (static: 0, total: 7)
Orphan StringName: PILASTER_MODULE (static: 0, total: 2)
Orphan StringName: _find_primary_hurtbox (static: 0, total: 4)
Orphan StringName: attack_set (static: 0, total: 5)
Orphan StringName: res://scripts/characters/character_anim_set.gd (static: 0, total: 4)
Orphan StringName: charge_changed (static: 0, total: 5)
Orphan StringName: consume_ingredients (static: 0, total: 3)
Orphan StringName: COL_CANVAS (static: 0, total: 2)
Orphan StringName: water (static: 0, total: 1)
Orphan StringName: camera_shoulder_offset (static: 0, total: 6)
Orphan StringName: seated_count (static: 0, total: 3)
Orphan StringName: prop.campfire (static: 0, total: 1)
Orphan StringName: Node3D (static: 0, total: 170)
Orphan StringName: can_sustain (static: 0, total: 6)
Orphan StringName: res://scripts/enemies/enemy_base.gd (static: 0, total: 56)
Orphan StringName: wait_time (static: 0, total: 2)
Orphan StringName: CAM_POSITION (static: 0, total: 2)
Orphan StringName: CLOUD_DARK (static: 0, total: 2)
Orphan StringName: global_position (static: 0, total: 60)
Orphan StringName: ARROW_RADIUS (static: 0, total: 2)
Orphan StringName: kinetic (static: 0, total: 7)
Orphan StringName: _patrol_index (static: 0, total: 4)
Orphan StringName: mesh (static: 0, total: 38)
Orphan StringName: scene_for (static: 0, total: 4)
Orphan StringName: _element (static: 0, total: 4)
Orphan StringName: NodePath (static: 0, total: 1)
Orphan StringName: res://scripts/world_v2/world_v2_ground_material.gd (static: 0, total: 5)
Orphan StringName: territory_origin (static: 0, total: 3)
Orphan StringName: state_name (static: 0, total: 4)
Orphan StringName: GOVERN_INTERVAL (static: 0, total: 2)
Orphan StringName: _regen_timer (static: 0, total: 4)
Orphan StringName: Components/AttackController (static: 0, total: 1)
Orphan StringName: intersects (static: 0, total: 4)
Orphan StringName: interior_mode (static: 0, total: 4)
Orphan StringName: _process_chase (static: 0, total: 4)
Orphan StringName: HitboxComponent (static: 0, total: 5)
Orphan StringName: KNOCKBACK_DECAY (static: 0, total: 2)
Orphan StringName: COL_EARTH (static: 0, total: 2)
Orphan StringName: ORIGIN_XZ (static: 0, total: 2)
Orphan StringName: fords (static: 0, total: 4)
Orphan StringName: BOULDER_MODELS (static: 0, total: 2)
Orphan StringName: compute (static: 0, total: 5)
Orphan StringName: volume_db (static: 0, total: 1)
Orphan StringName: coyote_time (static: 0, total: 6)
Orphan StringName: FLUX_COOLDOWN (static: 0, total: 2)
Orphan StringName: new (static: 4, total: 84)
Orphan StringName: _meals (static: 0, total: 3)
Orphan StringName: refusal (static: 0, total: 11)
Orphan StringName: RainVeil (static: 0, total: 1)
Orphan StringName: set_powered (static: 0, total: 4)
Orphan StringName: head_hit (static: 0, total: 5)
Orphan StringName: EnemyTuning (static: 0, total: 4)
Orphan StringName: walk_speed (static: 0, total: 7)
Orphan StringName: ground_pressed (static: 0, total: 7)
Orphan StringName: target_acquired (static: 0, total: 4)
Orphan StringName: PhysicsShapeQueryParameters3D (static: 0, total: 1)
Orphan StringName: recovered (static: 0, total: 3)
Orphan StringName: angular_damp (static: 0, total: 1)
Orphan StringName: res://resources/tuning/locomotion_tuning.gd (static: 0, total: 2)
Orphan StringName: HERO_HEIGHT (static: 0, total: 2)
Orphan StringName: PortFlow (static: 0, total: 2)
Orphan StringName: pending_count (static: 0, total: 3)
Orphan StringName: ingredients_changed (static: 0, total: 4)
Orphan StringName: camera_target_height (static: 0, total: 7)
Orphan StringName: weapon.worn_sword (static: 0, total: 1)
Orphan StringName: correction_capped (static: 0, total: 1)
Orphan StringName: damage_type (static: 0, total: 6)
Orphan StringName: instance_scales (static: 0, total: 2)
Orphan StringName: res://scripts/world_v2/world_v2_terrain_builder.gd (static: 0, total: 16)
Orphan StringName: _build_mountains (static: 0, total: 4)
Orphan StringName: elec_resist (static: 0, total: 1)
Orphan StringName: _camera_eyes (static: 0, total: 3)
Orphan StringName: rescue_transform (static: 0, total: 4)
Orphan StringName: Verdict (static: 0, total: 4)
Orphan StringName: bloquee (static: 0, total: 1)
Orphan StringName: _material_cache (static: 0, total: 2)
Orphan StringName: overloaded (static: 0, total: 7)
Orphan StringName: reset_room (static: 0, total: 4)
Orphan StringName: target_speed (static: 0, total: 4)
Orphan StringName: Signal (static: 0, total: 1)
Orphan StringName: PULSE_COOLDOWN (static: 0, total: 2)
Orphan StringName: bind (static: 0, total: 4)
Orphan StringName: _resolve_entry (static: 0, total: 4)
Orphan StringName: FORBIDDEN_RADIUS (static: 0, total: 2)
Orphan StringName: font_focus_color (static: 0, total: 1)
Orphan StringName: region_id_at (static: 0, total: 7)
Orphan StringName: _mesh (static: 0, total: 4)
Orphan StringName: GRID_ROWS (static: 0, total: 2)
Orphan StringName: _trib_seg_t0 (static: 0, total: 3)
Orphan StringName: _trib_seg_t1 (static: 0, total: 3)
Orphan StringName: close (static: 0, total: 4)
Orphan StringName: FORD_BED_HALF_W (static: 0, total: 2)
Orphan StringName: RewardAnchor.Kind (static: 0, total: 3)
Orphan StringName: StringName (static: 0, total: 1)
Orphan StringName: _build_river (static: 0, total: 4)
Orphan StringName: ROUTE_PAINT_HALF_W (static: 0, total: 2)
Orphan StringName: SceneTree (static: 0, total: 5)
Orphan StringName: release_range (static: 0, total: 5)
Orphan StringName: _build_chunk (static: 0, total: 4)
Orphan StringName: keep_aspect (static: 0, total: 1)
Orphan StringName: String (static: 0, total: 1)
Orphan StringName: from_standard (static: 0, total: 4)
Orphan StringName: Components/ActionAlignmentComponent (static: 0, total: 1)
Orphan StringName: _process (static: 3, total: 12)
Orphan StringName: play_ui (static: 0, total: 5)
Orphan StringName: WEAPON_COLORS (static: 0, total: 2)
Orphan StringName: _model_mounted (static: 0, total: 4)
Orphan StringName: grain_scale (static: 0, total: 2)
Orphan StringName: attack_reach (static: 0, total: 6)
Orphan StringName: is_guarding (static: 0, total: 3)
Orphan StringName: _apply_pads (static: 0, total: 4)
Orphan StringName: stream (static: 0, total: 1)
Orphan StringName: _flash_timer (static: 0, total: 12)
Orphan StringName: _effect (static: 0, total: 4)
Orphan StringName: _reed_material (static: 0, total: 4)
Orphan StringName: attack_controller (static: 0, total: 3)
Orphan StringName: tree (static: 0, total: 2)
Orphan StringName: power (static: 0, total: 3)
Orphan StringName: climb_speed_up (static: 0, total: 6)
Orphan StringName: _blocks (static: 0, total: 3)
Orphan StringName: save_mouse_sensitivity (static: 0, total: 3)
Orphan StringName: terrain_ground (static: 0, total: 2)
Orphan StringName: _gravity (static: 0, total: 4)
Orphan StringName: _family_chase_velocity (static: 0, total: 4)
Orphan StringName: res://scripts/electricity/electric_graph.gd (static: 0, total: 16)
Orphan StringName: shoot_pressed (static: 0, total: 7)
Orphan StringName: _build_storm (static: 0, total: 4)
Orphan StringName: mesh_path (static: 0, total: 5)
Orphan StringName: _on_weapon_equipped (static: 0, total: 4)
Orphan StringName: WeaponHitbox (static: 0, total: 1)
Orphan StringName: res://scripts/enemies/combat_coordinator.gd (static: 0, total: 11)
Orphan StringName: _fragments (static: 0, total: 3)
Orphan StringName: _inventory (static: 0, total: 3)
Orphan StringName: poise_damage (static: 0, total: 13)
Orphan StringName: dead (static: 0, total: 2)
Orphan StringName: _begin (static: 0, total: 5)
Orphan StringName: Transform2D (static: 0, total: 1)
Orphan StringName: Transform3D (static: 0, total: 1)
Orphan StringName: Floor_Brick (static: 0, total: 1)
Orphan StringName: death (static: 0, total: 9)
Orphan StringName: _fields (static: 0, total: 4)
Orphan StringName: Skeleton3D (static: 0, total: 9)
Orphan StringName: pas_de_charge (static: 0, total: 1)
Orphan StringName: top_not_walkable (static: 0, total: 1)
Orphan StringName: receive_hit (static: 0, total: 5)
Orphan StringName: SaveSystem (static: 0, total: 2)
Orphan StringName: res://scripts/components/action_alignment_component.gd (static: 0, total: 9)
Orphan StringName: press_count (static: 0, total: 3)
Orphan StringName: COL_WATER_BANK (static: 0, total: 2)
Orphan StringName: physics_material_override (static: 0, total: 1)
Orphan StringName: grabbable (static: 0, total: 7)
Orphan StringName: STEP_STRIDE_M (static: 0, total: 2)
Orphan StringName: _enforce_minimum_distance (static: 0, total: 4)
Orphan StringName: attack_cooldown (static: 0, total: 6)
Orphan StringName: noise_type (static: 0, total: 3)
Orphan StringName: metallic_specular (static: 0, total: 3)
Orphan StringName: ClimbingComponent.WallProbe (static: 0, total: 1)
Orphan StringName: cloud_radius (static: 0, total: 5)
Orphan StringName: _checkpoints (static: 0, total: 3)
Orphan StringName: patrol (static: 0, total: 2)
Orphan StringName: WET_DURATION_ABSORBENT (static: 0, total: 2)
Orphan StringName: CAM_PITCH_DEG (static: 0, total: 2)
Orphan StringName: ground_cancelled (static: 0, total: 3)
Orphan StringName: StatusEffectComponent (static: 0, total: 6)
Orphan StringName: family_for (static: 0, total: 4)
Orphan StringName: _build_weapon_visual (static: 0, total: 4)
Orphan StringName: WeaponPivot (static: 0, total: 1)
Orphan StringName: surface_tile_m (static: 0, total: 2)
Orphan StringName: camera_min_distance (static: 0, total: 7)
Orphan StringName: _with_surface (static: 0, total: 8)
Orphan StringName: prop.tent (static: 0, total: 1)
Orphan StringName: Shape (static: 0, total: 1)
Orphan StringName: ResetButton (static: 0, total: 3)
Orphan StringName: _find_mesh (static: 0, total: 9)
Orphan StringName: knockback_decay (static: 0, total: 6)
Orphan StringName: profile (static: 0, total: 7)
Orphan StringName: land_hard (static: 0, total: 1)
Orphan StringName: SPRINT_RADIUS (static: 0, total: 2)
Orphan StringName: fracture (static: 0, total: 4)
Orphan StringName: set_neighbours (static: 0, total: 4)
Orphan StringName: InputEventMouseMotion (static: 0, total: 2)
Orphan StringName: CollisionShape3D (static: 0, total: 10)
Orphan StringName: known_models (static: 0, total: 3)
Orphan StringName: is_emissive (static: 0, total: 4)
Orphan StringName: fill_ratio (static: 0, total: 3)
Orphan StringName: camera_fov (static: 0, total: 7)
Orphan StringName: BODY_RADIUS (static: 0, total: 2)
Orphan StringName: lock_on (static: 0, total: 1)
Orphan StringName: _capture_enabled (static: 0, total: 4)
Orphan StringName: apply_room_state (static: 0, total: 3)
Orphan StringName: STATE_FRACTURED (static: 0, total: 2)
Orphan StringName: grabbed_wall (static: 0, total: 3)
Orphan StringName: cooldown (static: 0, total: 3)
Orphan StringName: _lower_arm (static: 0, total: 4)
Orphan StringName: COL_FLOOR (static: 0, total: 2)
Orphan StringName: focus_entered (static: 0, total: 1)
Orphan StringName: _mouse_delta (static: 0, total: 4)
Orphan StringName: run (static: 0, total: 8)
Orphan StringName: mantle_started (static: 0, total: 3)
Orphan StringName: _alignment (static: 0, total: 3)
Orphan StringName: consume_arrow (static: 0, total: 4)
Orphan StringName: MeshInstance3D (static: 0, total: 17)
Orphan StringName: conductive (static: 0, total: 1)
Orphan StringName: _path_index (static: 0, total: 4)
Orphan StringName: _dead (static: 0, total: 4)
Orphan StringName: _weapon_hitbox (static: 0, total: 3)
Orphan StringName: char.ravine_troll (static: 0, total: 1)
Orphan StringName: decor (static: 0, total: 3)
Orphan StringName: port_flows (static: 0, total: 5)
Orphan StringName: _lake_radius (static: 0, total: 4)
Orphan StringName: look_analog (static: 0, total: 7)
Orphan StringName: shadow_enabled (static: 0, total: 2)
Orphan StringName: combo_window_fraction (static: 0, total: 5)
Orphan StringName: fall (static: 0, total: 7)
Orphan StringName: _sites (static: 0, total: 3)
Orphan StringName: _mesh_radius (static: 0, total: 4)
Orphan StringName: cible_perdue (static: 0, total: 1)
Orphan StringName: boss_framing_distance (static: 0, total: 3)
Orphan StringName: CliffFormation (static: 0, total: 1)
Orphan StringName: _build_mesh (static: 0, total: 4)
Orphan StringName: left_ground (static: 0, total: 3)
Orphan StringName: map_width (static: 0, total: 1)
Orphan StringName: melee (static: 0, total: 4)
Orphan StringName: _camera (static: 0, total: 3)
Orphan StringName: font_disabled_color (static: 0, total: 1)
Orphan StringName: GRASS_MAX_SLOPE_DEG (static: 0, total: 2)
Orphan StringName: model_id (static: 0, total: 5)
Orphan StringName: iframes_end (static: 0, total: 6)
Orphan StringName: emission_energy_multiplier (static: 0, total: 10)
Orphan StringName: sky (static: 0, total: 1)
Orphan StringName: _gate_damage (static: 0, total: 4)
Orphan StringName: ignite (static: 0, total: 4)
Orphan StringName: hearing_range (static: 0, total: 7)
Orphan StringName: attack_heavy (static: 0, total: 9)
Orphan StringName: mesh_scene (static: 0, total: 5)
Orphan StringName: GameState (static: 0, total: 2)
Orphan StringName: one_shot (static: 0, total: 1)
Orphan StringName: rotation_degrees (static: 0, total: 9)
Orphan StringName: _separation_push (static: 0, total: 4)
Orphan StringName: _world_at (static: 0, total: 7)
Orphan StringName: MAX_ACTIVE_AI (static: 0, total: 2)
Orphan StringName: attirer (static: 0, total: 1)
Orphan StringName: _fords (static: 0, total: 6)
Orphan StringName: TwistedTree_1 (static: 0, total: 1)
Orphan StringName: TwistedTree_2 (static: 0, total: 1)
Orphan StringName: TwistedTree_3 (static: 0, total: 1)
Orphan StringName: dodge_pressed (static: 0, total: 8)
Orphan StringName: gauge_fill (static: 0, total: 3)
Orphan StringName: Components/LockOnComponent (static: 0, total: 1)
Orphan StringName: grant_invulnerability (static: 0, total: 4)
Orphan StringName: seamless (static: 0, total: 3)
Orphan StringName: look_down (static: 0, total: 1)
Orphan StringName: res://scripts/components/hurtbox_component.gd (static: 0, total: 5)
Orphan StringName: _make_blocker (static: 0, total: 4)
Orphan StringName: _try_dodge (static: 0, total: 5)
Orphan StringName: instance_id (static: 0, total: 6)
Orphan StringName: emission (static: 0, total: 10)
Orphan StringName: Array (static: 1, total: 2)
Orphan StringName: _foliage_material (static: 0, total: 5)
Orphan StringName: _shrink (static: 0, total: 4)
Orphan StringName: HintLayer (static: 0, total: 1)
Orphan StringName: lake_center (static: 0, total: 6)
Orphan StringName: weapon (static: 0, total: 3)
Orphan StringName: resonance_confirm (static: 0, total: 2)
Orphan StringName: BoxShape3D (static: 0, total: 2)
Orphan StringName: FLUX_MIN_CHARGE (static: 0, total: 2)
Orphan StringName: res://scripts/components/posture_component.gd (static: 0, total: 8)
Orphan StringName: damage_multiplier (static: 0, total: 11)
Orphan StringName: monitorable (static: 0, total: 3)
Orphan StringName: ElectricNode (static: 0, total: 21)
Orphan StringName: distance_to_water_course (static: 0, total: 3)
Orphan StringName: guard (static: 0, total: 5)
Orphan StringName: fog_enabled (static: 0, total: 1)
Orphan StringName: CanvasLayer (static: 0, total: 1)
Orphan StringName: _slope_height (static: 0, total: 9)
Orphan StringName: surface_normal (static: 0, total: 7)
Orphan StringName: _face (static: 0, total: 10)
Orphan StringName: _next_instance_id (static: 0, total: 3)
Orphan StringName: StaminaTuning (static: 0, total: 4)
Orphan StringName: width (static: 0, total: 3)
Orphan StringName: _equipped_index (static: 0, total: 4)
Orphan StringName: res://scripts/reaction/reaction_system.gd (static: 0, total: 10)
Orphan StringName: Quaternion (static: 0, total: 1)
Orphan StringName: _process_locomotion (static: 0, total: 4)
Orphan StringName: _weapon_material (static: 0, total: 4)
Orphan StringName: global_transform (static: 0, total: 17)
Orphan StringName: died (static: 0, total: 8)
Orphan StringName: _status (static: 0, total: 3)
Orphan StringName: _grass_materials (static: 0, total: 2)
Orphan StringName: Flower_4_Group (static: 0, total: 3)
Orphan StringName: res://scripts/components/health_component.gd (static: 0, total: 12)
Orphan StringName: dodge_roll (static: 0, total: 3)
Orphan StringName: REGION_TINTS (static: 0, total: 2)
Orphan StringName: _apply_horizontal_motion (static: 0, total: 4)
Orphan StringName: _intent (static: 0, total: 7)
Orphan StringName: create (static: 0, total: 8)
Orphan StringName: camera_fov_speed (static: 0, total: 6)
Orphan StringName: _add_site (static: 0, total: 4)
Orphan StringName: ARC_STEP_COST (static: 0, total: 2)
Orphan StringName: light_energy (static: 0, total: 7)
Orphan StringName: SpringArm3D (static: 0, total: 7)
Orphan StringName: _model_mesh (static: 0, total: 5)
Orphan StringName: bool (static: 0, total: 1)
Orphan StringName: resonance_focus (static: 0, total: 1)
Orphan StringName: EXTENT_M (static: 0, total: 2)
Orphan StringName: set_frozen (static: 0, total: 3)
Orphan StringName: sprint_held (static: 0, total: 8)
Orphan StringName: paint_world (static: 0, total: 4)
Orphan StringName: duplicate (static: 0, total: 6)
Orphan StringName: clamp_volume (static: 0, total: 5)
Orphan StringName: _handle_lock_on (static: 0, total: 4)
Orphan StringName: res://scripts/art/painterly_recipe.gd (static: 0, total: 15)
Orphan StringName: _weapon_model (static: 0, total: 4)
Orphan StringName: _paint_grid (static: 0, total: 3)
Orphan StringName: shape (static: 0, total: 15)
Orphan StringName: WeaponInstance (static: 0, total: 18)
Orphan StringName: apply_hit_wear (static: 0, total: 4)
Orphan StringName: VisualRoot/WeaponHitbox (static: 0, total: 1)
Orphan StringName: _flux_cooldown (static: 0, total: 4)
Orphan StringName: _regions (static: 0, total: 3)
Orphan StringName: WET_MAIN_FAR (static: 0, total: 2)
Orphan StringName: _tune_environment (static: 0, total: 4)
Orphan StringName: _build_cliff_formation (static: 0, total: 4)
Orphan StringName: target_prev (static: 0, total: 1)
Orphan StringName: POLARITY_DURATION (static: 0, total: 2)
Orphan StringName: ? (static: 0, total: 1)
Orphan StringName: _process_hurt (static: 0, total: 4)
Orphan StringName: @group_0_Réserve (static: 0, total: 2)
Orphan StringName: RUBY_DARK (static: 0, total: 2)
Orphan StringName: adjustment_enabled (static: 0, total: 1)
Orphan StringName: max_pursuit_distance (static: 0, total: 7)
Orphan StringName: rarity (static: 0, total: 10)
Orphan StringName: paint (static: 0, total: 4)
Orphan StringName: _power (static: 0, total: 5)
Orphan StringName: _try_grab (static: 0, total: 4)
Orphan StringName: _attack_id (static: 0, total: 4)
Orphan StringName: friction (static: 0, total: 1)
Orphan StringName: refuse (static: 0, total: 4)
Orphan StringName: _apply_ramp (static: 0, total: 4)
Orphan StringName: amount (static: 0, total: 9)
Orphan StringName: arch.column.module (static: 0, total: 1)
Orphan StringName: FRAGMENT_IDS (static: 0, total: 2)
Orphan StringName: _poise_damage (static: 0, total: 4)
Orphan StringName: world_v2_terrain (static: 0, total: 1)
Orphan StringName: _wetness (static: 0, total: 4)
Orphan StringName: _family_on_ally_death (static: 0, total: 4)
Orphan StringName: _target_fill (static: 0, total: 4)
Orphan StringName: pool_count (static: 0, total: 3)
Orphan StringName: scene_door (static: 0, total: 3)
Orphan StringName: ShaderMaterial (static: 0, total: 35)
Orphan StringName: is_charged (static: 0, total: 7)
Orphan StringName: river_trib_polyline (static: 0, total: 5)
Orphan StringName: HOP_DELAY (static: 0, total: 2)
Orphan StringName: TINT_RIVERBED (static: 0, total: 2)
Orphan StringName: _warned (static: 0, total: 4)
Orphan StringName: _model_cache (static: 0, total: 2)
Orphan StringName: Material (static: 0, total: 2)
Orphan StringName: PackedColorArray (static: 0, total: 1)
Orphan StringName: UiSounds (static: 0, total: 1)
Orphan StringName: collider (static: 0, total: 5)
Orphan StringName: port_reach (static: 0, total: 8)
Orphan StringName: mode (static: 0, total: 4)
Orphan StringName: pool_size (static: 0, total: 6)
Orphan StringName: slope_deg_at (static: 0, total: 4)
Orphan StringName: Node (static: 3, total: 85)
Orphan StringName: wet (static: 0, total: 3)
Orphan StringName: frequency (static: 0, total: 3)
Orphan StringName: conductivity (static: 0, total: 19)
Orphan StringName: fern (static: 0, total: 2)
Orphan StringName: _grass_short (static: 0, total: 4)
Orphan StringName: max_posture (static: 0, total: 5)
Orphan StringName: @group_9_Déplacement et attaque (static: 0, total: 2)
Orphan StringName: _rescue_timer (static: 0, total: 4)
Orphan StringName: hors_portee (static: 0, total: 5)
Orphan StringName: pulse (static: 0, total: 7)
Orphan StringName: res://resources/tuning/guard_tuning.gd (static: 0, total: 1)
Orphan StringName: _mark_graphs_dirty (static: 0, total: 8)
Orphan StringName: _shake_time (static: 0, total: 4)
Orphan StringName: _stunlock_grace (static: 0, total: 4)
Orphan StringName: @group_5_Perception (§12.6) (static: 0, total: 2)
Orphan StringName: grab_reach_m (static: 0, total: 6)
Orphan StringName: posture_broken (static: 0, total: 3)
Orphan StringName: record_failure (static: 0, total: 6)
Orphan StringName: undeclared_states (static: 0, total: 3)
Orphan StringName: level (static: 0, total: 3)
Orphan StringName: UserSettings (static: 0, total: 3)
Orphan StringName: ssao_intensity (static: 0, total: 1)
Orphan StringName: _weapon_model_for (static: 0, total: 4)
Orphan StringName: insulator (static: 0, total: 5)
Orphan StringName: buff_applied (static: 0, total: 4)
Orphan StringName: @group_20_Rotation du personnage (static: 0, total: 2)
Orphan StringName: _river_main (static: 0, total: 3)
Orphan StringName: electric_nodes (static: 0, total: 1)
Orphan StringName: move (static: 0, total: 10)
Orphan StringName: _has_interact_los (static: 0, total: 4)
Orphan StringName: invalide (static: 0, total: 5)
Orphan StringName: @group_14_Contact au sol (static: 0, total: 2)
Orphan StringName: update_fov (static: 0, total: 9)
Orphan StringName: equipped_index (static: 0, total: 3)
Orphan StringName: res://scripts/reaction/material_state_component.gd (static: 0, total: 17)
Orphan StringName: GROUND_CARRIER_GROUP (static: 0, total: 2)
Orphan StringName: r01_crete_de_l_aube (static: 0, total: 4)
Orphan StringName: current_durability (static: 0, total: 5)
Orphan StringName: locate (static: 0, total: 3)
Orphan StringName: shake_amplitude (static: 0, total: 3)
Orphan StringName: PAINT_GRID_STEP_M (static: 0, total: 2)
Orphan StringName: SLATE (static: 0, total: 2)
Orphan StringName: arrows (static: 0, total: 3)
Orphan StringName: _hurtbox (static: 0, total: 6)
Orphan StringName: @implicit_ready (static: 0, total: 6)
Orphan StringName: step_height (static: 0, total: 6)
Orphan StringName: clear_edges (static: 0, total: 4)
Orphan StringName: LatencyProbe (static: 0, total: 4)
Orphan StringName: _main_bed_curve (static: 0, total: 5)
Orphan StringName: res://scripts/world_v2/world_v2_vegetation_builder.gd (static: 0, total: 27)
Orphan StringName: tuning (static: 0, total: 35)
Orphan StringName: GROUND_PROBE_DOWN (static: 0, total: 2)
Orphan StringName: _build_rain_veil (static: 0, total: 4)
Orphan StringName: arrow (static: 0, total: 1)
Orphan StringName: last_known_position (static: 0, total: 3)
Orphan StringName: _flash_light (static: 0, total: 4)
Orphan StringName: cast_shadow (static: 0, total: 1)
Orphan StringName: ArrowProjectile (static: 0, total: 5)
Orphan StringName: ARC_STEP_RANGE (static: 0, total: 2)
Orphan StringName: _damage (static: 0, total: 4)
Orphan StringName: DeadTree_1 (static: 0, total: 1)
Orphan StringName: DeadTree_2 (static: 0, total: 1)
Orphan StringName: LabEnvironment (static: 0, total: 1)
Orphan StringName: exhaustion_lockout (static: 0, total: 6)
Orphan StringName: blocked (static: 0, total: 2)
Orphan StringName: approach_point (static: 0, total: 4)
Orphan StringName: _add_pad (static: 0, total: 5)
Orphan StringName: stepped_up (static: 0, total: 3)
Orphan StringName: r04_falaises_du_couchant (static: 0, total: 4)
Orphan StringName: environment (static: 0, total: 2)
Orphan StringName: _release_wall (static: 0, total: 6)
Orphan StringName: _mode (static: 0, total: 4)
Orphan StringName: hash (static: 0, total: 2)
Orphan StringName: input_reader (static: 0, total: 3)
Orphan StringName: _focus_selected (static: 0, total: 4)
Orphan StringName: CAMERA_BLOCKER_CLEAR_M (static: 0, total: 2)
Orphan StringName: _melee_holders (static: 0, total: 3)
Orphan StringName: find_ledge (static: 0, total: 4)
Orphan StringName: WorldV2GroundMaterial (static: 0, total: 3)
Orphan StringName: _ports_touch (static: 0, total: 4)
Orphan StringName: factor (static: 0, total: 8)
Orphan StringName: is_fallback_active (static: 0, total: 5)
Orphan StringName: WeaponSocket (static: 0, total: 1)
Orphan StringName: StaminaComponent (static: 0, total: 7)
Orphan StringName: @group_17_Mémoire et territoire (D-EN.0, §12.7 et §12.9) (static: 0, total: 2)
Orphan StringName: PushableBlock (static: 0, total: 5)
Orphan StringName: _river_local (static: 0, total: 3)
Orphan StringName: TREES_WOOD (static: 0, total: 2)
Orphan StringName: char.centaur_hunter (static: 0, total: 1)
Orphan StringName: COL_GRASS_LIT (static: 0, total: 2)
Orphan StringName: DamageFormula (static: 0, total: 3)
Orphan StringName: rien_a_portee (static: 0, total: 1)
Orphan StringName: focus_end (static: 0, total: 4)
Orphan StringName: has_tag (static: 0, total: 4)
Orphan StringName: _process_patrol (static: 0, total: 4)
Orphan StringName: _burn_timer (static: 0, total: 4)
Orphan StringName: weapon_socket (static: 0, total: 4)
Orphan StringName: res://scripts/components/ledge_detector_component.gd (static: 0, total: 4)
Orphan StringName: Components/BowComponent (static: 0, total: 1)
Orphan StringName: Visual (static: 0, total: 1)
Orphan StringName: PAINT_BLUR_RADIUS_CELLS (static: 0, total: 2)
Orphan StringName: _pursuit_direction_toward (static: 0, total: 7)
Orphan StringName: pulse_pressed (static: 0, total: 7)
Orphan StringName: absorbs_water (static: 0, total: 6)
Orphan StringName: RefCounted (static: 0, total: 70)
Orphan StringName: active_effect (static: 0, total: 3)
Orphan StringName: _box_of (static: 0, total: 4)
Orphan StringName: node_count (static: 0, total: 3)
Orphan StringName: module (static: 0, total: 3)
Orphan StringName: weapon_bone (static: 0, total: 6)
Orphan StringName: last_grounded_position (static: 0, total: 3)
Orphan StringName: direction_or_zero (static: 0, total: 4)
Orphan StringName: boss_framing_fov (static: 0, total: 3)
Orphan StringName: PackedVector2Array (static: 0, total: 1)
Orphan StringName: round (static: 0, total: 1)
Orphan StringName: WorldV2VegetationBuilder (static: 0, total: 4)
Orphan StringName: _build_light (static: 0, total: 4)
Orphan StringName: play_state (static: 0, total: 5)
Orphan StringName: stunlock_grace (static: 0, total: 6)
Orphan StringName: _on_state_changed_visual (static: 0, total: 4)
Orphan StringName: set_lock_target (static: 0, total: 4)
Orphan StringName: link_dissolved (static: 0, total: 3)
Orphan StringName: surface_rough (static: 0, total: 2)
Orphan StringName: ARC_STEP_COOLDOWN (static: 0, total: 2)
Orphan StringName: _polarity_sign (static: 0, total: 4)
Orphan StringName: ingredient_count (static: 0, total: 4)
Orphan StringName: blocked_midway (static: 0, total: 1)
Orphan StringName: irregular_box_mesh (static: 0, total: 4)
Orphan StringName: res://scripts/components/inventory_component.gd (static: 0, total: 29)
Orphan StringName: _find_player (static: 0, total: 4)
Orphan StringName: ATTACK_FACING_DEG (static: 0, total: 2)
Orphan StringName: SceneDoor (static: 0, total: 4)
Orphan StringName: attach (static: 0, total: 8)
Orphan StringName: attack (static: 0, total: 3)
Orphan StringName: Dressing (static: 0, total: 1)
Orphan StringName: _last_known (static: 0, total: 4)
Orphan StringName: remove_weapon (static: 0, total: 4)
Orphan StringName: res://resources/weapons/weapon_definition.gd (static: 0, total: 1)
Orphan StringName: default_weapon (static: 0, total: 4)
Orphan StringName: _release_attack_token (static: 0, total: 7)
Orphan StringName: INTERACT_MIN_DOT (static: 0, total: 2)
Orphan StringName: Object (static: 1, total: 7)
Orphan StringName: _guard_held_time (static: 0, total: 4)
Orphan StringName: _weapon_in_hand (static: 0, total: 4)
Orphan StringName: broke (static: 0, total: 3)
Orphan StringName: resonance.link.active.01 (static: 0, total: 1)
Orphan StringName: _build_bolt (static: 0, total: 4)
Orphan StringName: focus_active (static: 0, total: 4)
Orphan StringName: find (static: 0, total: 4)
Orphan StringName: has_target (static: 0, total: 6)
Orphan StringName: _ground_transform (static: 0, total: 6)
Orphan StringName: Components/HealthComponent (static: 0, total: 1)
Orphan StringName: _climb_jump (static: 0, total: 4)
Orphan StringName: metal (static: 0, total: 1)
Orphan StringName: FLOOR_MODULES (static: 0, total: 2)
Orphan StringName: focus_mode (static: 0, total: 1)
Orphan StringName: pursuit_speed (static: 0, total: 7)
Orphan StringName: charge_decay_enabled (static: 0, total: 5)
Orphan StringName: look_up (static: 0, total: 1)
Orphan StringName: PAINTERLY_CUTOUT (static: 0, total: 4)
Orphan StringName: flash_light_energy (static: 0, total: 3)
Orphan StringName: _on_link_dissolved (static: 0, total: 4)
Orphan StringName: res://scripts/components/status_effect_component.gd (static: 0, total: 12)
Orphan StringName: WorldV2Heightmap (static: 0, total: 8)
Orphan StringName: _is_out_of_world (static: 0, total: 5)
Orphan StringName: WALL_PUSH_MIN_DOT (static: 0, total: 2)
Orphan StringName: interactable (static: 0, total: 3)
Orphan StringName: bush (static: 0, total: 2)
Orphan StringName: resource_name (static: 0, total: 1)
Orphan StringName: definition (static: 0, total: 13)
Orphan StringName: air_acceleration (static: 0, total: 6)
Orphan StringName: _framing_fov (static: 0, total: 4)
Orphan StringName: pas_metal (static: 0, total: 1)
Orphan StringName: is_grounded (static: 0, total: 4)
Orphan StringName: mark_received (static: 0, total: 4)
Orphan StringName: COL_GRASS (static: 0, total: 2)
Orphan StringName: gauge_background (static: 0, total: 3)
Orphan StringName: Grass_Common_Short (static: 0, total: 1)
Orphan StringName: fly_toggle_pressed (static: 0, total: 6)
Orphan StringName: _queue (static: 0, total: 3)
Orphan StringName: attack_speed (static: 0, total: 5)
Orphan StringName: arrows_changed (static: 0, total: 5)
Orphan StringName: fragility (static: 0, total: 6)
Orphan StringName: _on_hint_player_damaged (static: 0, total: 4)
Orphan StringName: tonemap_mode (static: 0, total: 1)
Orphan StringName: WALL_HOLD_GAIN (static: 0, total: 2)
Orphan StringName: RoomDressing (static: 0, total: 3)
Orphan StringName: parried (static: 0, total: 3)
Orphan StringName: AudioManager (static: 0, total: 2)
Orphan StringName: instigator (static: 0, total: 8)
Orphan StringName: focus_selected (static: 0, total: 4)
Orphan StringName: Pine_1 (static: 0, total: 1)
Orphan StringName: Pine_3 (static: 0, total: 1)
Orphan StringName: Pine_4 (static: 0, total: 1)
Orphan StringName: has_move (static: 0, total: 5)
Orphan StringName: switch_target (static: 0, total: 4)
Orphan StringName: CapsuleMesh (static: 0, total: 1)
Orphan StringName: maximum (static: 0, total: 6)
Orphan StringName: collide_with_areas (static: 0, total: 2)
Orphan StringName: probe_mask (static: 0, total: 10)
Orphan StringName: _on_died (static: 0, total: 8)
Orphan StringName: is_wet (static: 0, total: 5)
Orphan StringName: update (static: 0, total: 16)
Orphan StringName: recompute (static: 0, total: 5)
Orphan StringName: WET_LAKE_BAND (static: 0, total: 2)
Orphan StringName: CLOUD_SLATE (static: 0, total: 2)
Orphan StringName: focus_cycle (static: 0, total: 4)
Orphan StringName: _pulse_phase (static: 0, total: 4)
Orphan StringName: weapon_type (static: 0, total: 6)
Orphan StringName: @group_14_Feedback (§10.2, §10.7) — déclaré, consommé en C.2 (static: 0, total: 2)
Orphan StringName: AABB (static: 0, total: 1)
Orphan StringName: heal (static: 0, total: 4)
Orphan StringName: CATALOG (static: 0, total: 2)
Orphan StringName: heat (static: 0, total: 6)
Orphan StringName: sprint_drain (static: 0, total: 6)
Orphan StringName: CharacterAnimSet (static: 0, total: 4)
Orphan StringName: BUCKET_CELL_M (static: 0, total: 2)
Orphan StringName: set_capture_enabled (static: 0, total: 4)
Orphan StringName: dress (static: 0, total: 4)
Orphan StringName: _weapon (static: 0, total: 4)
Orphan StringName: charge (static: 0, total: 4)
Orphan StringName: resolve_now (static: 0, total: 3)
Orphan StringName: res://scripts/reaction/resonance_target_component.gd (static: 0, total: 6)
Orphan StringName: camera_ground_clearance (static: 0, total: 6)
Orphan StringName: _plan_horizontal (static: 0, total: 4)
Orphan StringName: WeaponDefinition (static: 0, total: 6)
Orphan StringName: blend_mode (static: 0, total: 1)
Orphan StringName: electrified (static: 0, total: 1)
Orphan StringName: _fill (static: 0, total: 4)
Orphan StringName: attack_pressed (static: 0, total: 9)
Orphan StringName: res://scripts/electricity/electric_node.gd (static: 0, total: 14)
Orphan StringName: ledge_depth_m (static: 0, total: 6)
Orphan StringName: res://scripts/world/kit_placement.gd (static: 0, total: 7)
Orphan StringName: _ui_stream (static: 0, total: 4)
Orphan StringName: _notification (static: 0, total: 3)
Orphan StringName: effect_tag (static: 0, total: 5)
Orphan StringName: _level (static: 0, total: 4)
Orphan StringName: is_surface_climbable (static: 0, total: 4)
Orphan StringName: _cell_sites (static: 0, total: 3)
Orphan StringName: Crown (static: 0, total: 1)
Orphan StringName: _build_dressing (static: 0, total: 4)
Orphan StringName: _bump (static: 0, total: 4)
Orphan StringName: probe_foot_height (static: 0, total: 6)
Orphan StringName: SceneFlow (static: 0, total: 1)
Orphan StringName: flammability (static: 0, total: 6)
Orphan StringName: hover (static: 0, total: 3)
Orphan StringName: recovery (static: 0, total: 7)
Orphan StringName: try_fire (static: 0, total: 4)
Orphan StringName: graph_recomputed (static: 0, total: 3)
Orphan StringName: GROUND_CLEARANCE (static: 0, total: 2)
Orphan StringName: region_tint (static: 0, total: 4)
Orphan StringName: res://scripts/interaction/scene_door.gd (static: 0, total: 4)
Orphan StringName: current (static: 0, total: 12)
Orphan StringName: _cooldown (static: 0, total: 4)
Orphan StringName: Components/ClimbingComponent (static: 0, total: 1)
Orphan StringName: _bolt_root (static: 0, total: 4)
Orphan StringName: flee (static: 0, total: 2)
Orphan StringName: ground_y (static: 0, total: 5)
Orphan StringName: STEP_LANDING_MARGIN (static: 0, total: 2)
Orphan StringName: _bow (static: 0, total: 3)
Orphan StringName: _box (static: 0, total: 4)
Orphan StringName: PROFILES (static: 0, total: 2)
Orphan StringName: REGION_PAINT (static: 0, total: 2)
Orphan StringName: open (static: 0, total: 1)
Orphan StringName: Components/ResonanceController (static: 0, total: 1)
Orphan StringName: grounded (static: 0, total: 3)
Orphan StringName: _collect_nodes (static: 0, total: 5)
Orphan StringName: camera_rig (static: 0, total: 3)
Orphan StringName: _on_flash_timer (static: 0, total: 4)
Orphan StringName: _try_tree (static: 0, total: 4)
Orphan StringName: _acquire_target (static: 0, total: 6)
Orphan StringName: _climb_tuning (static: 0, total: 8)
Orphan StringName: is_climbing (static: 0, total: 3)
Orphan StringName: _stamina (static: 0, total: 3)
Orphan StringName: content_margin_right (static: 0, total: 2)
Orphan StringName: HurtboxComponent (static: 0, total: 9)
Orphan StringName: generate_mipmaps (static: 0, total: 3)
Orphan StringName: _pitch_pivot (static: 0, total: 3)
Orphan StringName: is_connected (static: 0, total: 1)
Orphan StringName: drop (static: 0, total: 5)
Orphan StringName: flux (static: 0, total: 2)
Orphan StringName: material_states (static: 0, total: 2)
Orphan StringName: conducts (static: 0, total: 4)
Orphan StringName: RigidBody3D (static: 0, total: 10)
Orphan StringName: subie (static: 0, total: 1)
Orphan StringName: _apply_climb_motion (static: 0, total: 4)
Orphan StringName: _build_camera (static: 0, total: 4)
Orphan StringName: AncrageRecompense (static: 0, total: 1)
Orphan StringName: _potency (static: 0, total: 4)
Orphan StringName: glow_hdr_threshold (static: 0, total: 1)
Orphan StringName: seat (static: 0, total: 4)
Orphan StringName: _refresh_weapon_visual (static: 0, total: 5)
Orphan StringName: WET_MAIN_NEAR (static: 0, total: 2)
Orphan StringName: WORLD_STATIC (static: 0, total: 2)
Orphan StringName: map_depth (static: 0, total: 1)
Orphan StringName: BOULDER_COLLIDER_MIN_RADIUS_M (static: 0, total: 2)
Orphan StringName: erase (static: 0, total: 4)
Orphan StringName: charge_capacity (static: 0, total: 7)
Orphan StringName: seed (static: 0, total: 10)
Orphan StringName: LINK_MAX_SPAN (static: 0, total: 2)
Orphan StringName: _input_reader (static: 0, total: 3)
Orphan StringName: wall_distance_m (static: 0, total: 7)
Orphan StringName: _pulse_cooldown (static: 0, total: 4)
Orphan StringName: Riverside (static: 0, total: 1)
Orphan StringName: _link_first (static: 0, total: 4)
Orphan StringName: mark_dirty (static: 0, total: 8)
Orphan StringName: engaged (static: 0, total: 2)
Orphan StringName: _river_trib (static: 0, total: 3)
Orphan StringName: standing_point (static: 0, total: 4)
Orphan StringName: RewardAnchor.Verdict (static: 0, total: 1)
Orphan StringName: root/EventBus (static: 0, total: 4)
Orphan StringName: res://scripts/player/camera_rig.gd (static: 0, total: 26)
Orphan StringName: _on_poise_broken (static: 0, total: 4)
Orphan StringName: _update_weapon_pose (static: 0, total: 4)
Orphan StringName: sleep_for_activity_cap (static: 0, total: 4)
Orphan StringName: Pylon (static: 0, total: 1)
Orphan StringName: font_hover_color (static: 0, total: 1)
Orphan StringName: Cap (static: 0, total: 1)
Orphan StringName: _arc_step_active (static: 0, total: 4)
Orphan StringName: GRAIN_SEED (static: 0, total: 2)
Orphan StringName: climb_jump_cost (static: 0, total: 6)
Orphan StringName: hero_feet (static: 0, total: 1)
Orphan StringName: rock_floor_mesh (static: 0, total: 3)
Orphan StringName: parry (static: 0, total: 1)
Orphan StringName: transform (static: 0, total: 7)
Orphan StringName: jump_pressed (static: 0, total: 8)
Orphan StringName: is_instance_valid (static: 0, total: 29)
Orphan StringName: _body_material (static: 0, total: 8)
Orphan StringName: camera_pitch_max_deg (static: 0, total: 7)
Orphan StringName: StandardMaterial3D (static: 0, total: 22)
Orphan StringName: has_save (static: 0, total: 2)
Orphan StringName: link_pending (static: 0, total: 3)
Orphan StringName: advance (static: 0, total: 4)
Orphan StringName: MAX_MEALS (static: 0, total: 2)
Orphan StringName: BowTuning (static: 0, total: 4)
Orphan StringName: _family_state_name (static: 0, total: 4)
Orphan StringName: prompt_verb (static: 0, total: 7)
Orphan StringName: FLOAT_TOLERANCE (static: 0, total: 2)
Orphan StringName: _set_family (static: 0, total: 4)
Orphan StringName: _target_valid (static: 0, total: 5)
Orphan StringName: Clover_1 (static: 0, total: 1)
Orphan StringName: Clover_2 (static: 0, total: 1)
Orphan StringName: connection_changed (static: 0, total: 3)
Orphan StringName: r07_hauteurs_de_l_orient (static: 0, total: 4)
Orphan StringName: apply_tone (static: 0, total: 4)
Orphan StringName: elec_damage_multiplier (static: 0, total: 3)
Orphan StringName: BOLT_ORIGIN (static: 0, total: 2)
Orphan StringName: attack_damage_base (static: 0, total: 4)
Orphan StringName: MultiMesh (static: 0, total: 1)
Orphan StringName: trop_loin (static: 0, total: 1)
Orphan StringName: dress_prop (static: 0, total: 3)
Orphan StringName: PUSH_RESPONSE (static: 0, total: 2)
Orphan StringName: _refresh_buff_multipliers (static: 0, total: 5)
Orphan StringName: get_pitch (static: 0, total: 3)
Orphan StringName: endurance (static: 0, total: 2)
Orphan StringName: PuzzleHintTracker (static: 0, total: 5)
Orphan StringName: margin (static: 0, total: 2)
Orphan StringName: float (static: 0, total: 1)
Orphan StringName: STATE_CHARGED (static: 0, total: 2)
Orphan StringName: resonance_verdict (static: 0, total: 3)
Orphan StringName: _hit_was_blocked (static: 0, total: 4)
Orphan StringName: grounding (static: 0, total: 2)
Orphan StringName: KitScale (static: 0, total: 3)
Orphan StringName: _clarity_timer (static: 0, total: 4)
Orphan StringName: _arrows (static: 0, total: 4)
Orphan StringName: COL_CITADEL (static: 0, total: 2)
Orphan StringName: FORD_INFLUENCE_M (static: 0, total: 2)
Orphan StringName: COL_GRASS_ALBEDO (static: 0, total: 2)
Orphan StringName: set_current (static: 0, total: 3)
Orphan StringName: try_arc_step (static: 0, total: 4)
Orphan StringName: attack_multiplier (static: 0, total: 4)
Orphan StringName: floor (static: 0, total: 1)
Orphan StringName: PAINTERLY (static: 0, total: 4)
Orphan StringName: look_left (static: 0, total: 1)
Orphan StringName: roughness_value (static: 0, total: 2)
Orphan StringName: pylon_base (static: 0, total: 1)
Orphan StringName: try_attack (static: 0, total: 6)
Orphan StringName: GROUND_STARTUP (static: 0, total: 2)
Orphan StringName: res://resources/combat/attack_definition.gd (static: 0, total: 3)
Orphan StringName: IVORY_MUTED (static: 0, total: 2)
Orphan StringName: _attachment (static: 0, total: 4)
Orphan StringName: TREES_RIVERSIDE (static: 0, total: 2)
Orphan StringName: focus_held (static: 0, total: 9)
Orphan StringName: directional_shadow_max_distance (static: 0, total: 1)
Orphan StringName: known_ids (static: 0, total: 3)
Orphan StringName: _knockback_timer (static: 0, total: 4)
Orphan StringName: probe_chest_height (static: 0, total: 6)
Orphan StringName: @group_4_Accélérations (m/s²) (static: 0, total: 2)
Orphan StringName: height_at (static: 0, total: 10)
Orphan StringName: rescue_delay (static: 0, total: 5)
Orphan StringName: env.plant.bush (static: 0, total: 1)
Orphan StringName: relative (static: 0, total: 1)
Orphan StringName: r03_val_de_neris (static: 0, total: 4)
Orphan StringName: _stochastic_count (static: 0, total: 4)
Orphan StringName: _delay (static: 0, total: 4)
Orphan StringName: _framing_distance_target (static: 0, total: 4)
Orphan StringName: PackedScene (static: 0, total: 11)
Orphan StringName: _process_climb (static: 0, total: 4)
Orphan StringName: element (static: 0, total: 11)
Orphan StringName: max_floor_angle_deg (static: 0, total: 9)
Orphan StringName: floor_stop_on_slope (static: 0, total: 1)
Orphan StringName: COL_COPPER (static: 0, total: 4)
Orphan StringName: iframes_start (static: 0, total: 6)
Orphan StringName: @implicit_new (static: 0, total: 73)
Orphan StringName: set_boss_framing (static: 0, total: 3)
Orphan StringName: Dictionary (static: 1, total: 2)
Orphan StringName: land_soft (static: 0, total: 1)
Orphan StringName: resource_path (static: 0, total: 1)
Orphan StringName: mantle (static: 0, total: 6)
Orphan StringName: block_cost_factor (static: 0, total: 6)
Orphan StringName: mantle_finished (static: 0, total: 3)
Orphan StringName: token_holders (static: 0, total: 3)
Orphan StringName: REQUIRED_STATES (static: 0, total: 2)
Orphan StringName: _keep_camera_above_ground (static: 0, total: 4)
Orphan StringName: set_invulnerable (static: 0, total: 4)
Orphan StringName: polarity_engaged (static: 0, total: 3)
Orphan StringName: _nearest_port (static: 0, total: 4)
Orphan StringName: port_a (static: 0, total: 2)
Orphan StringName: GOLD_DARK (static: 0, total: 2)
Orphan StringName: _collect_model_materials (static: 0, total: 4)
Orphan StringName: res://scripts/reaction/resonance_controller.gd (static: 0, total: 33)
Orphan StringName: rerouted (static: 0, total: 1)
Orphan StringName: target_dead (static: 0, total: 1)
Orphan StringName: offset_right (static: 0, total: 1)
Orphan StringName: reset_delay (static: 0, total: 5)
Orphan StringName: get_yaw_basis (static: 0, total: 5)
Orphan StringName: enabled (static: 0, total: 6)
Orphan StringName: _append_model (static: 0, total: 5)
Orphan StringName: Texture2D (static: 0, total: 7)
Orphan StringName: combo_index (static: 0, total: 3)
Orphan StringName: set_intent_source (static: 0, total: 3)
Orphan StringName: CombatCoordinator (static: 0, total: 4)
Orphan StringName: Floor_UnevenBrick (static: 0, total: 1)
Orphan StringName: CollisionObject3D (static: 0, total: 1)
Orphan StringName: _ground_target (static: 0, total: 4)
Orphan StringName: large_navigation (static: 0, total: 1)
Orphan StringName: RewardAnchor (static: 0, total: 5)
Orphan StringName: vision_half_angle_deg (static: 0, total: 6)
Orphan StringName: res://resources/combat/dodge_definition.gd (static: 0, total: 2)
Orphan StringName: get_spring_arm (static: 0, total: 3)
Orphan StringName: COL_DARK_METAL (static: 0, total: 2)
Orphan StringName: @group_10_Régénération (static: 0, total: 2)
Orphan StringName: _process_attack (static: 0, total: 4)
Orphan StringName: OmniLight3D (static: 0, total: 8)
Orphan StringName: cliff_cornerLarge_rock (static: 0, total: 1)
Orphan StringName: _build_hero (static: 0, total: 4)
Orphan StringName: _purge (static: 0, total: 7)
Orphan StringName: DodgeDefinition (static: 0, total: 4)
Orphan StringName: los_grace (static: 0, total: 5)
Orphan StringName: ARC_STEP_SPEED (static: 0, total: 2)
Orphan StringName: weak_point_multiplier (static: 0, total: 7)
Orphan StringName: Projection (static: 0, total: 1)
Orphan StringName: _sample_path (static: 0, total: 4)
Orphan StringName: KNOCKBACK_TIME (static: 0, total: 2)
Orphan StringName: BOLT_CORE (static: 0, total: 2)
Orphan StringName: Willow_1 (static: 0, total: 1)
Orphan StringName: Willow_3 (static: 0, total: 1)
Orphan StringName: Willow_5 (static: 0, total: 1)
Orphan StringName: chest_hit (static: 0, total: 6)
Orphan StringName: node_id (static: 0, total: 10)
Orphan StringName: tonemap_white (static: 0, total: 1)
Orphan StringName: STAND_OFFSET (static: 0, total: 2)
Orphan StringName: _eat_quick_meal (static: 0, total: 4)
Orphan StringName: PLAYABLE_RADIUS_M (static: 0, total: 2)
Orphan StringName: flee_duration (static: 0, total: 6)
Orphan StringName: BodyMesh (static: 0, total: 4)
Orphan StringName: attach_visual (static: 0, total: 4)
Orphan StringName: _drive_polarity (static: 0, total: 4)
Orphan StringName: melee_holder_count (static: 0, total: 3)
Orphan StringName: TONE_CHARRED (static: 0, total: 2)
Orphan StringName: size (static: 0, total: 20)
Orphan StringName: _extinguish (static: 0, total: 4)
Orphan StringName: TONE_WOOD (static: 0, total: 2)
Orphan StringName: root/AudioManager (static: 0, total: 2)
Orphan StringName: mercy_invulnerability (static: 0, total: 6)
Orphan StringName: _is_shell (static: 0, total: 4)
Orphan StringName: _attack (static: 0, total: 6)
Orphan StringName: starting_arrows (static: 0, total: 5)
Orphan StringName: LEDGE_RISE_CLEARANCE (static: 0, total: 2)
Orphan StringName: combo_open_time (static: 0, total: 5)
Orphan StringName: damage_taken_multiplier (static: 0, total: 8)
Orphan StringName: GROUND_RANGE (static: 0, total: 2)
Orphan StringName: _grip_tuning_vector (static: 0, total: 4)
Orphan StringName: _mount_visual (static: 0, total: 4)
Orphan StringName: flat_material (static: 0, total: 4)
Orphan StringName: max_durability (static: 0, total: 7)
Orphan StringName: is_flashing (static: 0, total: 3)
Orphan StringName: _terrain (static: 0, total: 4)
Orphan StringName: meals_snapshot (static: 0, total: 3)
Orphan StringName: retreat_duration (static: 0, total: 6)
Orphan StringName: Rect2 (static: 0, total: 1)
Orphan StringName: reason (static: 0, total: 5)
Orphan StringName: place_at (static: 0, total: 5)
Orphan StringName: res://scripts/inventory/weapon_instance.gd (static: 0, total: 7)
Orphan StringName: PackedVector3Array (static: 0, total: 1)
Orphan StringName: shoot (static: 0, total: 1)
Orphan StringName: free (static: 0, total: 2)
Orphan StringName: set_graph (static: 0, total: 3)
Orphan StringName: _hop (static: 0, total: 5)
Orphan StringName: _show (static: 0, total: 4)
Orphan StringName: PackedInt32Array (static: 0, total: 1)
Orphan StringName: ui_accept (static: 0, total: 1)
Orphan StringName: Rect2i (static: 0, total: 1)
Orphan StringName: attack_started (static: 0, total: 4)
Orphan StringName: place_id (static: 0, total: 11)
Orphan StringName: polarity_stop (static: 0, total: 4)
Orphan StringName: YawPivot/PitchPivot (static: 0, total: 1)
Orphan StringName: RAMP_Y_END (static: 0, total: 2)
Orphan StringName: knockback (static: 0, total: 15)
Orphan StringName: RAMP_BLEND_W (static: 0, total: 2)
Orphan StringName: r08_steppe_du_nord (static: 0, total: 4)
Orphan StringName: res://scripts/world_v2/poi/world_v2_place_kit.gd (static: 0, total: 14)
Orphan StringName: weapon_count (static: 0, total: 3)
Orphan StringName: _timed_invulnerable_until (static: 0, total: 4)
Orphan StringName: source_power (static: 0, total: 7)
Orphan StringName: is_closed (static: 0, total: 3)
Orphan StringName: spawn_tag (static: 0, total: 6)
Orphan StringName: BaseMaterial3D (static: 0, total: 9)
Orphan StringName: load_invert_look_y (static: 0, total: 4)
Orphan StringName: gravity (static: 0, total: 8)
Orphan StringName: toggled (static: 0, total: 1)
Orphan StringName: _refuse_interaction (static: 0, total: 4)
Orphan StringName: invert_look_y (static: 0, total: 4)
Orphan StringName: r11_anneau_frontalier (static: 0, total: 5)
Orphan StringName: clover (static: 0, total: 2)
Orphan StringName: _camera_sights (static: 0, total: 3)
Orphan StringName: has_ground (static: 0, total: 5)
Orphan StringName: SLOPE_TAN (static: 0, total: 2)
Orphan StringName: _build_paint_grid (static: 0, total: 4)
Orphan StringName: land (static: 0, total: 7)
Orphan StringName: _hints_tracker (static: 0, total: 4)
Orphan StringName: last (static: 0, total: 4)
Orphan StringName: char.boss_guardian (static: 0, total: 1)
Orphan StringName: ambient_light_color (static: 0, total: 1)
Orphan StringName: _buffer_timer (static: 0, total: 4)
Orphan StringName: _add_bolt_segment (static: 0, total: 4)
Orphan StringName: hero_head (static: 0, total: 1)
Orphan StringName: pas_de_sol (static: 0, total: 1)
Orphan StringName: _restore_ground_settings (static: 0, total: 6)
Orphan StringName: use_colors (static: 0, total: 1)
Orphan StringName: source_id (static: 0, total: 7)
Orphan StringName: res://scripts/dungeon/pushable_block.gd (static: 0, total: 10)
Orphan StringName: interact (static: 0, total: 16)
Orphan StringName: unclimbable (static: 0, total: 1)
Orphan StringName: ledge_likely (static: 0, total: 6)
Orphan StringName: quick_meal (static: 0, total: 1)
Orphan StringName: ROUTE_SOFT_NEAR (static: 0, total: 2)
Orphan StringName: meal_count (static: 0, total: 3)
Orphan StringName: scale (static: 0, total: 5)
Orphan StringName: add_ingredient (static: 0, total: 3)
Orphan StringName: MEASURED (static: 0, total: 2)
Orphan StringName: interact_focus_changed (static: 0, total: 3)
Orphan StringName: ReferenceCamera (static: 0, total: 1)
Orphan StringName: _charge (static: 0, total: 4)
Orphan StringName: res://scripts/components/climbing_component.gd (static: 0, total: 6)
Orphan StringName: shake_scale (static: 0, total: 4)
Orphan StringName: ground_deceleration (static: 0, total: 7)
Orphan StringName: PostureComponent (static: 0, total: 5)
Orphan StringName: LockOnComponent (static: 0, total: 6)
Orphan StringName: _segments_near_chunk (static: 0, total: 4)
Orphan StringName: _a_port (static: 0, total: 4)
Orphan StringName: STATE_WET (static: 0, total: 2)
Orphan StringName: hors_limites (static: 0, total: 1)
Orphan StringName: font_color (static: 0, total: 3)
Orphan StringName: AnimationPlayer (static: 0, total: 5)
Orphan StringName: direction (static: 0, total: 9)
Orphan StringName: noise_listeners (static: 0, total: 2)
Orphan StringName: @group_11_Présentation (Phase H) et attaques (static: 0, total: 2)
Orphan StringName: PackedInt64Array (static: 0, total: 1)
Orphan StringName: electric (static: 0, total: 7)
Orphan StringName: VisualRoot (static: 0, total: 5)
Orphan StringName: _physics_process (static: 2, total: 47)
Orphan StringName: set_pending_spawn (static: 0, total: 1)
Orphan StringName: @group_4_Table §11.1 (static: 0, total: 2)
Orphan StringName: ENEMY_LAYER (static: 0, total: 2)
Orphan StringName: TREE_MAX_SLOPE_DEG (static: 0, total: 2)
Orphan StringName: cancel_link (static: 0, total: 4)
Orphan StringName: ReactionSystem (static: 0, total: 4)
Orphan StringName: telegraph_color (static: 0, total: 4)
Orphan StringName: current_state (static: 0, total: 3)
Orphan StringName: Marker3D (static: 0, total: 3)
Orphan StringName: pressed (static: 0, total: 6)
Orphan StringName: stone_block (static: 0, total: 3)
Orphan StringName: res://scripts/player/hero_signs.gd (static: 0, total: 4)
Orphan StringName: Pebble_Round_2 (static: 0, total: 1)
Orphan StringName: Pebble_Round_4 (static: 0, total: 1)
Orphan StringName: axis_lock_angular_x (static: 0, total: 1)
Orphan StringName: axis_lock_angular_y (static: 0, total: 1)
Orphan StringName: axis_lock_angular_z (static: 0, total: 1)
Orphan StringName: res://scripts/components/hitbox_component.gd (static: 0, total: 11)
Orphan StringName: _instigator (static: 0, total: 7)
Orphan StringName: save_room_state (static: 0, total: 3)
Orphan StringName: changed (static: 0, total: 6)
Orphan StringName: walk (static: 0, total: 8)
Orphan StringName: StormCell (static: 0, total: 3)
Orphan StringName: _already_hit (static: 0, total: 3)
Orphan StringName: _is_skipped (static: 0, total: 4)
Orphan StringName: _feedback_bases (static: 0, total: 3)
Orphan StringName: snapshot (static: 0, total: 3)
Orphan StringName: FOCUS_RANGE (static: 0, total: 2)
Orphan StringName: attach_from_table (static: 0, total: 3)
Orphan StringName: TONE_DARK_STONE (static: 0, total: 2)
Orphan StringName: _closest_bucketed (static: 0, total: 6)
Orphan StringName: FOCUS_CONE_DOT (static: 0, total: 2)
Orphan StringName: SURFACES (static: 0, total: 2)
Orphan StringName: _main_seg_t0 (static: 0, total: 3)
Orphan StringName: _main_seg_t1 (static: 0, total: 3)
Orphan StringName: load_room_state (static: 0, total: 3)
Orphan StringName: grant_fragment (static: 0, total: 3)
Orphan StringName: _consume (static: 0, total: 5)
Orphan StringName: Kind (static: 0, total: 4)
Orphan StringName: camera_stick_speed (static: 0, total: 6)
Orphan StringName: lock_on_targets (static: 0, total: 2)
Orphan StringName: STATE_OVERLOADED (static: 0, total: 2)
Orphan StringName: target (static: 0, total: 9)
Orphan StringName: rescued (staERROR: Pages in use exist at exit in PagedAllocator: N12VariantPools12BucketMediumE
   at: ~PagedAllocator (./core/templates/paged_allocator.h:170)
ERROR: Pages in use exist at exit in PagedAllocator: N12VariantPools11BucketSmallE
   at: ~PagedAllocator (./core/templates/paged_allocator.h:170)
tic: 0, total: 4)
Orphan StringName: shadow_floor (static: 0, total: 1)
Orphan StringName: too_shallow (static: 0, total: 1)
Orphan StringName: confirm (static: 0, total: 1)
Orphan StringName: RAMP_Y_START (static: 0, total: 2)
Orphan StringName: _attack_cooldown (static: 0, total: 4)
Orphan StringName: shadow_bias (static: 0, total: 1)
Orphan StringName: SECTION (static: 0, total: 2)
Orphan StringName: r02_prairie_mille_fleurs (static: 0, total: 4)
Orphan StringName: res://scripts/ui/hud_style.gd (static: 0, total: 15)
Orphan StringName: _visual (static: 0, total: 4)
Orphan StringName: STAMINA_REGEN_MULTIPLIER (static: 0, total: 2)
Orphan StringName: collision_layer (static: 0, total: 7)
Orphan StringName: style_button (static: 0, total: 3)
Orphan StringName: EventBus (static: 0, total: 4)
Orphan StringName: _exclude (static: 0, total: 3)
Orphan StringName: _find_block (static: 0, total: 4)
Orphan StringName: _flower_patch (static: 0, total: 4)
Orphan StringName: block_knockback_factor (static: 0, total: 6)
Orphan StringName: res://scripts/core/latency_probe.gd (static: 0, total: 7)
Orphan StringName: _slab (static: 0, total: 7)
StringName: 2324 unclaimed string names at exit.
