Godot Engine v4.7.1.stable.official.a13da4feb - https://godotengine.org
WARNING: Could not set V-Sync mode, as changing V-Sync mode is not supported by the graphics driver.
     at: set_use_vsync (platform/linuxbsd/x11/gl_manager_x11.cpp:372)
OpenGL API 4.5 (Core Profile) Mesa 25.2.8-0ubuntu0.24.04.2 - Compatibility - Using Device: Mesa - llvmpipe (LLVM 20.1.2, 256 bits)
ALSA lib confmisc.c:855:(parse_card) cannot find card '0'
ALSA lib conf.c:5208:(_snd_config_evaluate) function snd_func_card_inum returned error: No such file or directory
ALSA lib confmisc.c:422:(snd_func_concat) error evaluating strings
ALSA lib conf.c:5208:(_snd_config_evaluate) function snd_func_concat returned error: No such file or directory
ALSA lib confmisc.c:1342:(snd_func_refer) error evaluating name
ALSA lib conf.c:5208:(_snd_config_evaluate) function snd_func_refer returned error: No such file or directory
ALSA lib conf.c:5731:(snd_config_expand) Evaluate error: No such file or directory
ALSA lib pcm.c:2721:(snd_pcm_open_noupdate) Unknown PCM default
ERROR: Condition "status < 0" is true. Returning: ERR_CANT_OPEN
   at: init_output_device (drivers/alsa/audio_driver_alsa.cpp:97)
WARNING: All audio drivers failed, falling back to the dummy driver.
     at: initialize (servers/audio/audio_server.cpp:258)

[boot] Godot            : 4.7.1-stable (official)
[boot] renderer         : forward_plus
[boot] physique 3D      : Jolt Physics
[boot] tick physique    : 60 Hz
[boot] pilote de rendu  : X11
[boot] autoloads        : GameState, EventBus, SaveSystem, AudioManager, SceneFlow
[boot] flux             : BOOT
[boot] fondation vérifiée — Phase A.
[boot] transition vers le menu principal.
ERROR: [world_v2] kit : modèle inconnu Cauldron
   at: push_error (core/variant/variant_utility.cpp:1023)
ERROR: [world_v2] kit : modèle inconnu Bucket_Wooden_1
   at: push_error (core/variant/variant_utility.cpp:1023)
ERROR: [world_v2] kit : modèle inconnu Floor_WoodDark
   at: push_error (core/variant/variant_utility.cpp:1023)
ERROR: [world_v2] kit : modèle inconnu Floor_WoodDark
   at: push_error (core/variant/variant_utility.cpp:1023)
ERROR: [world_v2] kit : modèle inconnu Floor_WoodDark
   at: push_error (core/variant/variant_utility.cpp:1023)
ERROR: [world_v2] kit : modèle inconnu Floor_WoodDark
   at: push_error (core/variant/variant_utility.cpp:1023)
ERROR: [world_v2] kit : modèle inconnu Corner_Exterior_Wood
   at: push_error (core/variant/variant_utility.cpp:1023)
ERROR: [world_v2] kit : modèle inconnu Corner_Exterior_Wood
   at: push_error (core/variant/variant_utility.cpp:1023)
ERROR: [world_v2] kit : modèle inconnu Corner_Exterior_Wood
   at: push_error (core/variant/variant_utility.cpp:1023)
ERROR: [world_v2] kit : modèle inconnu Corner_Exterior_Wood
   at: push_error (core/variant/variant_utility.cpp:1023)
ERROR: [world_v2] kit : modèle inconnu Roof_Wooden_2x1_L
   at: push_error (core/variant/variant_utility.cpp:1023)
ERROR: [world_v2] kit : modèle inconnu Roof_Wooden_2x1_R
   at: push_error (core/variant/variant_utility.cpp:1023)
ERROR: [world_v2] kit : modèle inconnu Roof_Wooden_2x1_L
   at: push_error (core/variant/variant_utility.cpp:1023)
ERROR: [world_v2] kit : modèle inconnu Roof_Wooden_2x1_R
   at: push_error (core/variant/variant_utility.cpp:1023)
ERROR: [world_v2] kit : modèle inconnu Bed_Twin1
   at: push_error (core/variant/variant_utility.cpp:1023)
ERROR: [world_v2] kit : modèle inconnu Bag
   at: push_error (core/variant/variant_utility.cpp:1023)
ERROR: [world_v2] kit : modèle inconnu Rope_1
   at: push_error (core/variant/variant_utility.cpp:1023)
ERROR: [world_v2] kit : modèle inconnu Prop_Wagon
   at: push_error (core/variant/variant_utility.cpp:1023)
ERROR: [world_v2] kit : modèle inconnu Stall_Cart_Empty
   at: push_error (core/variant/variant_utility.cpp:1023)
ERROR: [world_v2] kit : modèle inconnu WeaponStand
   at: push_error (core/variant/variant_utility.cpp:1023)
ERROR: [world_v2] kit : modèle inconnu Crate_Wooden
   at: push_error (core/variant/variant_utility.cpp:1023)
ERROR: [world_v2] kit : modèle inconnu Crate_Wooden
   at: push_error (core/variant/variant_utility.cpp:1023)
ERROR: [world_v2] kit : modèle inconnu Barrel
   at: push_error (core/variant/variant_utility.cpp:1023)
ERROR: [world_v2] kit : modèle inconnu Barrel_Apples
   at: push_error (core/variant/variant_utility.cpp:1023)
ERROR: [world_v2] kit : modèle inconnu Table_Large
   at: push_error (core/variant/variant_utility.cpp:1023)
ERROR: [world_v2] kit : modèle inconnu Stool
   at: push_error (core/variant/variant_utility.cpp:1023)
ERROR: [world_v2] kit : modèle inconnu Banner_1
   at: push_error (core/variant/variant_utility.cpp:1023)
ERROR: [world_v2] kit : modèle inconnu Banner_1
   at: push_error (core/variant/variant_utility.cpp:1023)
ERROR: [world_v2] kit : modèle inconnu RockPath_Round_Small_1
   at: push_error (core/variant/variant_utility.cpp:1023)
ERROR: [world_v2] kit : modèle inconnu RockPath_Round_Small_1
   at: push_error (core/variant/variant_utility.cpp:1023)
ERROR: [world_v2] kit : modèle inconnu RockPath_Round_Small_1
   at: push_error (core/variant/variant_utility.cpp:1023)
ERROR: [world_v2] kit : modèle inconnu RockPath_Round_Small_1
   at: push_error (core/variant/variant_utility.cpp:1023)
ERROR: [world_v2] kit : modèle inconnu RockPath_Round_Small_1
   at: push_error (core/variant/variant_utility.cpp:1023)
ERROR: [world_v2] kit : modèle inconnu RockPath_Round_Small_1
   at: push_error (core/variant/variant_utility.cpp:1023)
ERROR: [world_v2] kit : modèle inconnu Floor_WoodLight
   at: push_error (core/variant/variant_utility.cpp:1023)
ERROR: [world_v2] kit : modèle inconnu Floor_WoodLight
   at: push_error (core/variant/variant_utility.cpp:1023)
ERROR: [world_v2] kit : modèle inconnu Floor_WoodLight
   at: push_error (core/variant/variant_utility.cpp:1023)
ERROR: [world_v2] kit : modèle inconnu Floor_WoodLight
   at: push_error (core/variant/variant_utility.cpp:1023)
ERROR: [world_v2] kit : modèle inconnu Floor_WoodLight
   at: push_error (core/variant/variant_utility.cpp:1023)
ERROR: [world_v2] kit : modèle inconnu Floor_WoodLight
   at: push_error (core/variant/variant_utility.cpp:1023)
ERROR: [world_v2] kit : modèle inconnu Floor_WoodLight
   at: push_error (core/variant/variant_utility.cpp:1023)
ERROR: [world_v2] kit : modèle inconnu Floor_WoodLight
   at: push_error (core/variant/variant_utility.cpp:1023)
ERROR: [world_v2] kit : modèle inconnu Floor_WoodLight
   at: push_error (core/variant/variant_utility.cpp:1023)
ERROR: [world_v2] kit : modèle inconnu Floor_WoodLight
   at: push_error (core/variant/variant_utility.cpp:1023)
ERROR: [world_v2] kit : modèle inconnu Floor_WoodLight
   at: push_error (core/variant/variant_utility.cpp:1023)
ERROR: [world_v2] kit : modèle inconnu Floor_WoodLight
   at: push_error (core/variant/variant_utility.cpp:1023)
ERROR: [world_v2] kit : modèle inconnu Wall_Plaster_Straight
   at: push_error (core/variant/variant_utility.cpp:1023)
ERROR: [world_v2] kit : modèle inconnu Wall_Plaster_Window_Wide_Round
   at: push_error (core/variant/variant_utility.cpp:1023)
ERROR: [world_v2] kit : modèle inconnu Wall_Plaster_Door_Round
   at: push_error (core/variant/variant_utility.cpp:1023)
ERROR: [world_v2] kit : modèle inconnu Wall_Plaster_Straight
   at: push_error (core/variant/variant_utility.cpp:1023)
ERROR: [world_v2] kit : modèle inconnu Wall_Plaster_Straight
   at: push_error (core/variant/variant_utility.cpp:1023)
ERROR: [world_v2] kit : modèle inconnu Wall_Plaster_Window_Wide_Round
   at: push_error (core/variant/variant_utility.cpp:1023)
ERROR: [world_v2] kit : modèle inconnu Wall_Plaster_Straight
   at: push_error (core/variant/variant_utility.cpp:1023)
ERROR: [world_v2] kit : modèle inconnu Wall_Plaster_Window_Wide_Round
   at: push_error (core/variant/variant_utility.cpp:1023)
ERROR: [world_v2] kit : modèle inconnu Wall_Plaster_Window_Wide_Round
   at: push_error (core/variant/variant_utility.cpp:1023)
ERROR: [world_v2] kit : modèle inconnu Wall_Plaster_Straight
   at: push_error (core/variant/variant_utility.cpp:1023)
ERROR: [world_v2] kit : modèle inconnu Wall_Plaster_Straight
   at: push_error (core/variant/variant_utility.cpp:1023)
ERROR: [world_v2] kit : modèle inconnu Wall_Plaster_Window_Wide_Round
   at: push_error (core/variant/variant_utility.cpp:1023)
ERROR: [world_v2] kit : modèle inconnu Wall_Plaster_Window_Wide_Round
   at: push_error (core/variant/variant_utility.cpp:1023)
ERROR: [world_v2] kit : modèle inconnu Wall_Plaster_Straight
   at: push_error (core/variant/variant_utility.cpp:1023)
ERROR: [world_v2] kit : modèle inconnu Corner_Exterior_Wood
   at: push_error (core/variant/variant_utility.cpp:1023)
ERROR: [world_v2] kit : modèle inconnu Corner_Exterior_Wood
   at: push_error (core/variant/variant_utility.cpp:1023)
ERROR: [world_v2] kit : modèle inconnu Corner_Exterior_Wood
   at: push_error (core/variant/variant_utility.cpp:1023)
ERROR: [world_v2] kit : modèle inconnu Corner_Exterior_Wood
   at: push_error (core/variant/variant_utility.cpp:1023)
ERROR: [world_v2] kit : modèle inconnu Floor_WoodLight
   at: push_error (core/variant/variant_utility.cpp:1023)
ERROR: [world_v2] kit : modèle inconnu Floor_WoodLight
   at: push_error (core/variant/variant_utility.cpp:1023)
ERROR: [world_v2] kit : modèle inconnu Floor_WoodLight
   at: push_error (core/variant/variant_utility.cpp:1023)
ERROR: [world_v2] kit : modèle inconnu Floor_WoodLight
   at: push_error (core/variant/variant_utility.cpp:1023)
ERROR: [world_v2] kit : modèle inconnu Floor_WoodLight
   at: push_error (core/variant/variant_utility.cpp:1023)
ERROR: [world_v2] kit : modèle inconnu Floor_WoodLight
   at: push_error (core/variant/variant_utility.cpp:1023)
ERROR: [world_v2] kit : modèle inconnu Floor_WoodLight
   at: push_error (core/variant/variant_utility.cpp:1023)
ERROR: [world_v2] kit : modèle inconnu Floor_WoodLight
   at: push_error (core/variant/variant_utility.cpp:1023)
ERROR: [world_v2] kit : modèle inconnu Floor_WoodLight
   at: push_error (core/variant/variant_utility.cpp:1023)
ERROR: [world_v2] kit : modèle inconnu Floor_WoodLight
   at: push_error (core/variant/variant_utility.cpp:1023)
ERROR: [world_v2] kit : modèle inconnu Floor_WoodLight
   at: push_error (core/variant/variant_utility.cpp:1023)
ERROR: [world_v2] kit : modèle inconnu Floor_WoodLight
   at: push_error (core/variant/variant_utility.cpp:1023)
ERROR: [world_v2] kit : modèle inconnu Wall_Plaster_Window_Wide_Round
   at: push_error (core/variant/variant_utility.cpp:1023)
ERROR: [world_v2] kit : modèle inconnu Wall_Plaster_Window_Wide_Round
   at: push_error (core/variant/variant_utility.cpp:1023)
ERROR: [world_v2] kit : modèle inconnu Wall_Plaster_Window_Wide_Round
   at: push_error (core/variant/variant_utility.cpp:1023)
ERROR: [world_v2] kit : modèle inconnu Wall_Plaster_Window_Wide_Round
   at: push_error (core/variant/variant_utility.cpp:1023)
ERROR: [world_v2] kit : modèle inconnu Wall_Plaster_Window_Wide_Round
   at: push_error (core/variant/variant_utility.cpp:1023)
ERROR: [world_v2] kit : modèle inconnu Wall_Plaster_Window_Wide_Round
   at: push_error (core/variant/variant_utility.cpp:1023)
ERROR: [world_v2] kit : modèle inconnu Wall_Plaster_Straight
   at: push_error (core/variant/variant_utility.cpp:1023)
ERROR: [world_v2] kit : modèle inconnu Wall_Plaster_Window_Wide_Round
   at: push_error (core/variant/variant_utility.cpp:1023)
ERROR: [world_v2] kit : modèle inconnu Wall_Plaster_Window_Wide_Round
   at: push_error (core/variant/variant_utility.cpp:1023)
ERROR: [world_v2] kit : modèle inconnu Wall_Plaster_Straight
   at: push_error (core/variant/variant_utility.cpp:1023)
ERROR: [world_v2] kit : modèle inconnu Wall_Plaster_Straight
   at: push_error (core/variant/variant_utility.cpp:1023)
ERROR: [world_v2] kit : modèle inconnu Wall_Plaster_Window_Wide_Round
   at: push_error (core/variant/variant_utility.cpp:1023)
ERROR: [world_v2] kit : modèle inconnu Wall_Plaster_Window_Wide_Round
   at: push_error (core/variant/variant_utility.cpp:1023)
ERROR: [world_v2] kit : modèle inconnu Wall_Plaster_Straight
   at: push_error (core/variant/variant_utility.cpp:1023)
ERROR: [world_v2] kit : modèle inconnu Corner_Exterior_Wood
   at: push_error (core/variant/variant_utility.cpp:1023)
ERROR: [world_v2] kit : modèle inconnu Corner_Exterior_Wood
   at: push_error (core/variant/variant_utility.cpp:1023)
ERROR: [world_v2] kit : modèle inconnu Corner_Exterior_Wood
   at: push_error (core/variant/variant_utility.cpp:1023)
ERROR: [world_v2] kit : modèle inconnu Corner_Exterior_Wood
   at: push_error (core/variant/variant_utility.cpp:1023)
ERROR: [world_v2] kit : modèle inconnu Roof_RoundTiles_6x8
   at: push_error (core/variant/variant_utility.cpp:1023)
ERROR: [world_v2] kit : modèle inconnu Roof_Front_Brick6
   at: push_error (core/variant/variant_utility.cpp:1023)
ERROR: [world_v2] kit : modèle inconnu Roof_Front_Brick6
   at: push_error (core/variant/variant_utility.cpp:1023)
ERROR: [world_v2] kit : modèle inconnu Overhang_Plaster_Long
   at: push_error (core/variant/variant_utility.cpp:1023)
ERROR: [world_v2] kit : modèle inconnu Prop_Chimney
   at: push_error (core/variant/variant_utility.cpp:1023)
ERROR: [world_v2] kit : modèle inconnu Balcony_Simple_Straight
   at: push_error (core/variant/variant_utility.cpp:1023)
ERROR: [world_v2] kit : modèle inconnu Balcony_Simple_Straight
   at: push_error (core/variant/variant_utility.cpp:1023)
ERROR: [world_v2] kit : modèle inconnu Cauldron
   at: push_error (core/variant/variant_utility.cpp:1023)
ERROR: [world_v2] kit : modèle inconnu Bucket_Wooden_1
   at: push_error (core/variant/variant_utility.cpp:1023)
ERROR: [world_v2] kit : modèle inconnu Pot_1
   at: push_error (core/variant/variant_utility.cpp:1023)
ERROR: [world_v2] kit : modèle inconnu Shelf_Simple
   at: push_error (core/variant/variant_utility.cpp:1023)
ERROR: [world_v2] kit : modèle inconnu Shelf_Arch
   at: push_error (core/variant/variant_utility.cpp:1023)
ERROR: [world_v2] kit : modèle inconnu Table_Large
   at: push_error (core/variant/variant_utility.cpp:1023)
ERROR: [world_v2] kit : modèle inconnu Bench
   at: push_error (core/variant/variant_utility.cpp:1023)
ERROR: [world_v2] kit : modèle inconnu Bench
   at: push_error (core/variant/variant_utility.cpp:1023)
ERROR: [world_v2] kit : modèle inconnu Stool
   at: push_error (core/variant/variant_utility.cpp:1023)
ERROR: [world_v2] kit : modèle inconnu Stool
   at: push_error (core/variant/variant_utility.cpp:1023)
ERROR: [world_v2] kit : modèle inconnu Chair_1
   at: push_error (core/variant/variant_utility.cpp:1023)
ERROR: [world_v2] kit : modèle inconnu Mug
   at: push_error (core/variant/variant_utility.cpp:1023)
ERROR: [world_v2] kit : modèle inconnu Mug
   at: push_error (core/variant/variant_utility.cpp:1023)
ERROR: [world_v2] kit : modèle inconnu Bottle_1
   at: push_error (core/variant/variant_utility.cpp:1023)
ERROR: [world_v2] kit : modèle inconnu CandleStick
   at: push_error (core/variant/variant_utility.cpp:1023)
ERROR: [world_v2] kit : modèle inconnu Book_Stack_1
   at: push_error (core/variant/variant_utility.cpp:1023)
ERROR: [world_v2] kit : modèle inconnu Barrel_Holder
   at: push_error (core/variant/variant_utility.cpp:1023)
ERROR: [world_v2] kit : modèle inconnu Barrel
   at: push_error (core/variant/variant_utility.cpp:1023)
ERROR: [world_v2] kit : modèle inconnu Crate_Wooden
   at: push_error (core/variant/variant_utility.cpp:1023)
ERROR: [world_v2] kit : modèle inconnu FarmCrate_Apple
   at: push_error (core/variant/variant_utility.cpp:1023)
ERROR: [world_v2] kit : modèle inconnu Chest_Wood
   at: push_error (core/variant/variant_utility.cpp:1023)
ERROR: [world_v2] kit : modèle inconnu Stair_Interior_Simple
   at: push_error (core/variant/variant_utility.cpp:1023)
ERROR: [world_v2] kit : modèle inconnu Bed_Twin1
   at: push_error (core/variant/variant_utility.cpp:1023)
ERROR: [world_v2] kit : modèle inconnu Bed_Twin1
   at: push_error (core/variant/variant_utility.cpp:1023)
ERROR: [world_v2] kit : modèle inconnu Chest_Wood
   at: push_error (core/variant/variant_utility.cpp:1023)
ERROR: [world_v2] kit : modèle inconnu Lantern_Wall
   at: push_error (core/variant/variant_utility.cpp:1023)
ERROR: [world_v2] kit : modèle inconnu Floor_Brick
   at: push_error (core/variant/variant_utility.cpp:1023)
ERROR: [world_v2] kit : modèle inconnu Floor_Brick
   at: push_error (core/variant/variant_utility.cpp:1023)
ERROR: [world_v2] kit : modèle inconnu Floor_Brick
   at: push_error (core/variant/variant_utility.cpp:1023)
ERROR: [world_v2] kit : modèle inconnu Floor_Brick
   at: push_error (core/variant/variant_utility.cpp:1023)
ERROR: [world_v2] kit : modèle inconnu Floor_Brick
   at: push_error (core/variant/variant_utility.cpp:1023)
ERROR: [world_v2] kit : modèle inconnu Floor_Brick
   at: push_error (core/variant/variant_utility.cpp:1023)
ERROR: [world_v2] kit : modèle inconnu Wall_UnevenBrick_Straight
   at: push_error (core/variant/variant_utility.cpp:1023)
ERROR: [world_v2] kit : modèle inconnu Wall_UnevenBrick_Window_Wide_Round
   at: push_error (core/variant/variant_utility.cpp:1023)
ERROR: [world_v2] kit : modèle inconnu Wall_UnevenBrick_Door_Round
   at: push_error (core/variant/variant_utility.cpp:1023)
ERROR: [world_v2] kit : modèle inconnu Wall_UnevenBrick_Straight
   at: push_error (core/variant/variant_utility.cpp:1023)
ERROR: [world_v2] kit : modèle inconnu Wall_UnevenBrick_Straight
   at: push_error (core/variant/variant_utility.cpp:1023)
ERROR: [world_v2] kit : modèle inconnu Wall_UnevenBrick_Window_Wide_Round
   at: push_error (core/variant/variant_utility.cpp:1023)
ERROR: [world_v2] kit : modèle inconnu Wall_UnevenBrick_Window_Wide_Round
   at: push_error (core/variant/variant_utility.cpp:1023)
ERROR: [world_v2] kit : modèle inconnu Wall_UnevenBrick_Straight
   at: push_error (core/variant/variant_utility.cpp:1023)
ERROR: [world_v2] kit : modèle inconnu Wall_UnevenBrick_Straight
   at: push_error (core/variant/variant_utility.cpp:1023)
ERROR: [world_v2] kit : modèle inconnu Wall_UnevenBrick_Window_Wide_Round
   at: push_error (core/variant/variant_utility.cpp:1023)
ERROR: [world_v2] kit : modèle inconnu Corner_Exterior_Wood
   at: push_error (core/variant/variant_utility.cpp:1023)
ERROR: [world_v2] kit : modèle inconnu Corner_Exterior_Wood
   at: push_error (core/variant/variant_utility.cpp:1023)
ERROR: [world_v2] kit : modèle inconnu Corner_Exterior_Wood
   at: push_error (core/variant/variant_utility.cpp:1023)
ERROR: [world_v2] kit : modèle inconnu Corner_Exterior_Wood
   at: push_error (core/variant/variant_utility.cpp:1023)
ERROR: [world_v2] kit : modèle inconnu Roof_RoundTiles_4x6
   at: push_error (core/variant/variant_utility.cpp:1023)
ERROR: [world_v2] kit : modèle inconnu Roof_Front_Brick4
   at: push_error (core/variant/variant_utility.cpp:1023)
ERROR: [world_v2] kit : modèle inconnu Roof_Front_Brick4
   at: push_error (core/variant/variant_utility.cpp:1023)
ERROR: [world_v2] kit : modèle inconnu Overhang_UnevenBrick_Long
   at: push_error (core/variant/variant_utility.cpp:1023)
ERROR: [world_v2] kit : modèle inconnu Prop_Chimney
   at: push_error (core/variant/variant_utility.cpp:1023)
ERROR: [world_v2] kit : modèle inconnu Wall_UnevenBrick_Straight
   at: push_error (core/variant/variant_utility.cpp:1023)
ERROR: [world_v2] kit : modèle inconnu Wall_UnevenBrick_Straight
   at: push_error (core/variant/variant_utility.cpp:1023)
ERROR: [world_v2] kit : modèle inconnu Wall_UnevenBrick_Straight
   at: push_error (core/variant/variant_utility.cpp:1023)
ERROR: [world_v2] kit : modèle inconnu Overhang_Roof_UnevenBricks
   at: push_error (core/variant/variant_utility.cpp:1023)
ERROR: [world_v2] kit : modèle inconnu Overhang_Roof_UnevenBricks
   at: push_error (core/variant/variant_utility.cpp:1023)
ERROR: [world_v2] kit : modèle inconnu Overhang_Roof_UnevenBricks
   at: push_error (core/variant/variant_utility.cpp:1023)
ERROR: [world_v2] kit : modèle inconnu Overhang_Roof_UnevenBricks
   at: push_error (core/variant/variant_utility.cpp:1023)
ERROR: [world_v2] kit : modèle inconnu Overhang_Roof_UnevenBricks
   at: push_error (core/variant/variant_utility.cpp:1023)
ERROR: [world_v2] kit : modèle inconnu Overhang_Roof_UnevenBricks
   at: push_error (core/variant/variant_utility.cpp:1023)
ERROR: [world_v2] kit : modèle inconnu Overhang_Roof_UnevenBricks
   at: push_error (core/variant/variant_utility.cpp:1023)
ERROR: [world_v2] kit : modèle inconnu Overhang_Roof_UnevenBricks
   at: push_error (core/variant/variant_utility.cpp:1023)
ERROR: [world_v2] kit : modèle inconnu Overhang_Roof_UnevenBricks
   at: push_error (core/variant/variant_utility.cpp:1023)
ERROR: [world_v2] kit : modèle inconnu Anvil_Log
   at: push_error (core/variant/variant_utility.cpp:1023)
ERROR: [world_v2] kit : modèle inconnu Anvil
   at: push_error (core/variant/variant_utility.cpp:1023)
ERROR: [world_v2] kit : modèle inconnu Workbench
   at: push_error (core/variant/variant_utility.cpp:1023)
ERROR: [world_v2] kit : modèle inconnu Whetstone
   at: push_error (core/variant/variant_utility.cpp:1023)
ERROR: [world_v2] kit : modèle inconnu Barrel_Holder
   at: push_error (core/variant/variant_utility.cpp:1023)
ERROR: [world_v2] kit : modèle inconnu Crate_Wooden
   at: push_error (core/variant/variant_utility.cpp:1023)
ERROR: [world_v2] kit : modèle inconnu FarmCrate_Carrot
   at: push_error (core/variant/variant_utility.cpp:1023)
ERROR: [world_v2] kit : modèle inconnu Axe_Bronze
   at: push_error (core/variant/variant_utility.cpp:1023)
ERROR: [world_v2] kit : modèle inconnu Torch_Metal
   at: push_error (core/variant/variant_utility.cpp:1023)
ERROR: [world_v2] kit : modèle inconnu RockPath_Square_Wide
   at: push_error (core/variant/variant_utility.cpp:1023)
ERROR: [world_v2] kit : modèle inconnu RockPath_Square_Wide
   at: push_error (core/variant/variant_utility.cpp:1023)
ERROR: [world_v2] kit : modèle inconnu RockPath_Square_Wide
   at: push_error (core/variant/variant_utility.cpp:1023)
ERROR: [world_v2] kit : modèle inconnu RockPath_Square_Wide
   at: push_error (core/variant/variant_utility.cpp:1023)
ERROR: [world_v2] kit : modèle inconnu RockPath_Square_Wide
   at: push_error (core/variant/variant_utility.cpp:1023)
ERROR: [world_v2] kit : modèle inconnu RockPath_Square_Wide
   at: push_error (core/variant/variant_utility.cpp:1023)
ERROR: [world_v2] kit : modèle inconnu RockPath_Square_Wide
   at: push_error (core/variant/variant_utility.cpp:1023)
ERROR: [world_v2] kit : modèle inconnu RockPath_Square_Wide
   at: push_error (core/variant/variant_utility.cpp:1023)
ERROR: [world_v2] kit : modèle inconnu RockPath_Square_Wide
   at: push_error (core/variant/variant_utility.cpp:1023)
ERROR: [world_v2] kit : modèle inconnu RockPath_Square_Wide
   at: push_error (core/variant/variant_utility.cpp:1023)
ERROR: [world_v2] kit : modèle inconnu RockPath_Square_Wide
   at: push_error (core/variant/variant_utility.cpp:1023)
ERROR: [world_v2] kit : modèle inconnu RockPath_Square_Wide
   at: push_error (core/variant/variant_utility.cpp:1023)
ERROR: [world_v2] kit : modèle inconnu RockPath_Square_Wide
   at: push_error (core/variant/variant_utility.cpp:1023)
ERROR: [world_v2] kit : modèle inconnu RockPath_Square_Wide
   at: push_error (core/variant/variant_utility.cpp:1023)
ERROR: [world_v2] kit : modèle inconnu RockPath_Square_Wide
   at: push_error (core/variant/variant_utility.cpp:1023)
ERROR: [world_v2] kit : modèle inconnu RockPath_Square_Wide
   at: push_error (core/variant/variant_utility.cpp:1023)
ERROR: [world_v2] kit : modèle inconnu RockPath_Square_Wide
   at: push_error (core/variant/variant_utility.cpp:1023)
ERROR: [world_v2] kit : modèle inconnu RockPath_Square_Wide
   at: push_error (core/variant/variant_utility.cpp:1023)
ERROR: [world_v2] kit : modèle inconnu RockPath_Square_Wide
   at: push_error (core/variant/variant_utility.cpp:1023)
ERROR: [world_v2] kit : modèle inconnu RockPath_Square_Wide
   at: push_error (core/variant/variant_utility.cpp:1023)
ERROR: [world_v2] kit : modèle inconnu RockPath_Round_Wide
   at: push_error (core/variant/variant_utility.cpp:1023)
ERROR: [world_v2] kit : modèle inconnu RockPath_Round_Wide
   at: push_error (core/variant/variant_utility.cpp:1023)
ERROR: [world_v2] kit : modèle inconnu RockPath_Round_Wide
   at: push_error (core/variant/variant_utility.cpp:1023)
ERROR: [world_v2] kit : modèle inconnu RockPath_Round_Wide
   at: push_error (core/variant/variant_utility.cpp:1023)
ERROR: [world_v2] kit : modèle inconnu RockPath_Round_Wide
   at: push_error (core/variant/variant_utility.cpp:1023)
ERROR: [world_v2] kit : modèle inconnu RockPath_Round_Wide
   at: push_error (core/variant/variant_utility.cpp:1023)
ERROR: [world_v2] kit : modèle inconnu Bucket_Metal
   at: push_error (core/variant/variant_utility.cpp:1023)
ERROR: [world_v2] kit : modèle inconnu Stall_Cart_Empty
   at: push_error (core/variant/variant_utility.cpp:1023)
ERROR: [world_v2] kit : modèle inconnu FarmCrate_Apple
   at: push_error (core/variant/variant_utility.cpp:1023)
ERROR: [world_v2] kit : modèle inconnu Barrel_Apples
   at: push_error (core/variant/variant_utility.cpp:1023)
ERROR: [world_v2] kit : modèle inconnu Bench
   at: push_error (core/variant/variant_utility.cpp:1023)
ERROR: [world_v2] kit : modèle inconnu Banner_1
   at: push_error (core/variant/variant_utility.cpp:1023)
ERROR: [world_v2] kit : modèle inconnu Prop_Wagon
   at: push_error (core/variant/variant_utility.cpp:1023)
ERROR: [world_v2] kit : modèle inconnu Overhang_Roof_UnevenBricks
   at: push_error (core/variant/variant_utility.cpp:1023)
ERROR: [world_v2] kit : modèle inconnu Overhang_Roof_UnevenBricks
   at: push_error (core/variant/variant_utility.cpp:1023)
ERROR: [world_v2] kit : modèle inconnu Crate_Metal
   at: push_error (core/variant/variant_utility.cpp:1023)
ERROR: [world_v2] kit : modèle inconnu Rope_1
   at: push_error (core/variant/variant_utility.cpp:1023)
ERROR: [world_v2] kit : modèle inconnu Barrel
   at: push_error (core/variant/variant_utility.cpp:1023)
ERROR: [world_v2] kit : modèle inconnu Barrel
   at: push_error (core/variant/variant_utility.cpp:1023)
ERROR: [world_v2] kit : modèle inconnu Chain_Coil
   at: push_error (core/variant/variant_utility.cpp:1023)
ERROR: [world_v2] kit : modèle inconnu Bucket_Wooden_1
   at: push_error (core/variant/variant_utility.cpp:1023)
ERROR: [world_v2] kit : modèle inconnu FarmCrate_Empty
   at: push_error (core/variant/variant_utility.cpp:1023)
ERROR: [world_v2] kit : modèle inconnu Prop_WoodenFence_Single
   at: push_error (core/variant/variant_utility.cpp:1023)
ERROR: [world_v2] kit : modèle inconnu RockPath_Round_Wide
   at: push_error (core/variant/variant_utility.cpp:1023)
ERROR: [world_v2] kit : modèle inconnu RockPath_Round_Wide
   at: push_error (core/variant/variant_utility.cpp:1023)
ERROR: [world_v2] kit : modèle inconnu RockPath_Round_Wide
   at: push_error (core/variant/variant_utility.cpp:1023)
ERROR: [world_v2] kit : modèle inconnu RockPath_Round_Wide
   at: push_error (core/variant/variant_utility.cpp:1023)
ERROR: [world_v2] kit : modèle inconnu RockPath_Round_Wide
   at: push_error (core/variant/variant_utility.cpp:1023)
ERROR: [world_v2] kit : modèle inconnu RockPath_Round_Wide
   at: push_error (core/variant/variant_utility.cpp:1023)
ERROR: [world_v2] kit : modèle inconnu RockPath_Round_Wide
   at: push_error (core/variant/variant_utility.cpp:1023)
ERROR: [world_v2] kit : modèle inconnu RockPath_Round_Wide
   at: push_error (core/variant/variant_utility.cpp:1023)
ERROR: [world_v2] kit : modèle inconnu RockPath_Round_Wide
   at: push_error (core/variant/variant_utility.cpp:1023)
ERROR: [world_v2] kit : modèle inconnu RockPath_Round_Wide
   at: push_error (core/variant/variant_utility.cpp:1023)
ERROR: [world_v2] kit : modèle inconnu RockPath_Round_Wide
   at: push_error (core/variant/variant_utility.cpp:1023)
ERROR: [world_v2] kit : modèle inconnu RockPath_Round_Wide
   at: push_error (core/variant/variant_utility.cpp:1023)
ERROR: [world_v2] kit : modèle inconnu RockPath_Round_Wide
   at: push_error (core/variant/variant_utility.cpp:1023)
ERROR: [world_v2] kit : modèle inconnu RockPath_Round_Wide
   at: push_error (core/variant/variant_utility.cpp:1023)
ERROR: [world_v2] kit : modèle inconnu RockPath_Round_Wide
   at: push_error (core/variant/variant_utility.cpp:1023)
ERROR: [world_v2] kit : modèle inconnu RockPath_Round_Wide
   at: push_error (core/variant/variant_utility.cpp:1023)
ERROR: [world_v2] kit : modèle inconnu RockPath_Round_Wide
   at: push_error (core/variant/variant_utility.cpp:1023)
ERROR: [world_v2] kit : modèle inconnu RockPath_Round_Wide
   at: push_error (core/variant/variant_utility.cpp:1023)
ERROR: [world_v2] kit : modèle inconnu RockPath_Round_Thin
   at: push_error (core/variant/variant_utility.cpp:1023)
ERROR: [world_v2] kit : modèle inconnu RockPath_Round_Thin
   at: push_error (core/variant/variant_utility.cpp:1023)
ERROR: [world_v2] kit : modèle inconnu RockPath_Round_Thin
   at: push_error (core/variant/variant_utility.cpp:1023)
ERROR: [world_v2] kit : modèle inconnu RockPath_Round_Thin
   at: push_error (core/variant/variant_utility.cpp:1023)
ERROR: [world_v2] kit : modèle inconnu RockPath_Round_Thin
   at: push_error (core/variant/variant_utility.cpp:1023)
ERROR: [world_v2] kit : modèle inconnu RockPath_Round_Thin
   at: push_error (core/variant/variant_utility.cpp:1023)
ERROR: [world_v2] kit : modèle inconnu RockPath_Round_Thin
   at: push_error (core/variant/variant_utility.cpp:1023)
ERROR: [world_v2] kit : modèle inconnu RockPath_Round_Thin
   at: push_error (core/variant/variant_utility.cpp:1023)
ERROR: [world_v2] kit : modèle inconnu RockPath_Round_Thin
   at: push_error (core/variant/variant_utility.cpp:1023)
ERROR: [world_v2] kit : modèle inconnu RockPath_Round_Thin
   at: push_error (core/variant/variant_utility.cpp:1023)
ERROR: [world_v2] kit : modèle inconnu Prop_WoodenFence_Single
   at: push_error (core/variant/variant_utility.cpp:1023)
ERROR: [world_v2] kit : modèle inconnu Prop_WoodenFence_Single
   at: push_error (core/variant/variant_utility.cpp:1023)
ERROR: [world_v2] kit : modèle inconnu Crate_Wooden
   at: push_error (core/variant/variant_utility.cpp:1023)
ERROR: [hameau] IMPLANTATION : SechoirFaitiere FLOTTE : dessous à 3.09 m du sol, rien dessous
   at: push_error (core/variant/variant_utility.cpp:1023)
ERROR: [world_v2] kit : modèle inconnu Floor_Brick
   at: push_error (core/variant/variant_utility.cpp:1023)
ERROR: [world_v2] kit : modèle inconnu Floor_Brick
   at: push_error (core/variant/variant_utility.cpp:1023)
ERROR: [world_v2] kit : modèle inconnu Floor_Brick
   at: push_error (core/variant/variant_utility.cpp:1023)
ERROR: [world_v2] kit : modèle inconnu Floor_Brick
   at: push_error (core/variant/variant_utility.cpp:1023)
ERROR: [world_v2] kit : modèle inconnu Wall_UnevenBrick_Window_Thin_Round
   at: push_error (core/variant/variant_utility.cpp:1023)
ERROR: [world_v2] kit : modèle inconnu Wall_UnevenBrick_Straight
   at: push_error (core/variant/variant_utility.cpp:1023)
ERROR: [world_v2] kit : modèle inconnu Wall_UnevenBrick_Straight
   at: push_error (core/variant/variant_utility.cpp:1023)
ERROR: [world_v2] kit : modèle inconnu Wall_UnevenBrick_Straight
   at: push_error (core/variant/variant_utility.cpp:1023)
ERROR: [world_v2] kit : modèle inconnu Wall_UnevenBrick_Door_Round
   at: push_error (core/variant/variant_utility.cpp:1023)
ERROR: [world_v2] kit : modèle inconnu Wall_UnevenBrick_Straight
   at: push_error (core/variant/variant_utility.cpp:1023)
ERROR: [world_v2] kit : modèle inconnu Wall_UnevenBrick_Window_Thin_Round
   at: push_error (core/variant/variant_utility.cpp:1023)
ERROR: [world_v2] kit : modèle inconnu Wall_UnevenBrick_Straight
   at: push_error (core/variant/variant_utility.cpp:1023)
ERROR: [world_v2] kit : modèle inconnu Corner_Exterior_Brick
   at: push_error (core/variant/variant_utility.cpp:1023)
ERROR: [world_v2] kit : modèle inconnu Corner_Exterior_Brick
   at: push_error (core/variant/variant_utility.cpp:1023)
ERROR: [world_v2] kit : modèle inconnu Corner_Exterior_Brick
   at: push_error (core/variant/variant_utility.cpp:1023)
ERROR: [world_v2] kit : modèle inconnu Door_1_Round
   at: push_error (core/variant/variant_utility.cpp:1023)
ERROR: [world_v2] kit : modèle inconnu Prop_Vine1
   at: push_error (core/variant/variant_utility.cpp:1023)
ERROR: [world_v2] kit : modèle inconnu Prop_Vine2
   at: push_error (core/variant/variant_utility.cpp:1023)
ERROR: [world_v2] kit : modèle inconnu Prop_WoodenFence_Single
   at: push_error (core/variant/variant_utility.cpp:1023)
ERROR: [world_v2] kit : modèle inconnu Prop_WoodenFence_Single
   at: push_error (core/variant/variant_utility.cpp:1023)
ERROR: [world_v2] kit : modèle inconnu Prop_WoodenFence_Single
   at: push_error (core/variant/variant_utility.cpp:1023)
ERROR: [world_v2] kit : modèle inconnu Prop_WoodenFence_Single
   at: push_error (core/variant/variant_utility.cpp:1023)
ERROR: [world_v2] kit : modèle inconnu Prop_WoodenFence_Single
   at: push_error (core/variant/variant_utility.cpp:1023)
ERROR: [world_v2] kit : modèle inconnu Prop_WoodenFence_Single
   at: push_error (core/variant/variant_utility.cpp:1023)
ERROR: [world_v2] kit : modèle inconnu Prop_WoodenFence_Single
   at: push_error (core/variant/variant_utility.cpp:1023)
ERROR: [world_v2] kit : modèle inconnu Prop_WoodenFence_Single
   at: push_error (core/variant/variant_utility.cpp:1023)
ERROR: [world_v2] kit : modèle inconnu Prop_Wagon
   at: push_error (core/variant/variant_utility.cpp:1023)
ERROR: [world_v2] kit : modèle inconnu FarmCrate_Empty
   at: push_error (core/variant/variant_utility.cpp:1023)
ERROR: [world_v2] kit : modèle inconnu FarmCrate_Apple
   at: push_error (core/variant/variant_utility.cpp:1023)
ERROR: [world_v2] kit : modèle inconnu CommonTree_4
   at: push_error (core/variant/variant_utility.cpp:1023)
ERROR: [world_v2] kit : modèle inconnu CommonTree_4
   at: push_error (core/variant/variant_utility.cpp:1023)
ERROR: [world_v2] kit : modèle inconnu CommonTree_4
   at: push_error (core/variant/variant_utility.cpp:1023)
ERROR: [world_v2] kit : modèle inconnu CommonTree_4
   at: push_error (core/variant/variant_utility.cpp:1023)
ERROR: [world_v2] kit : modèle inconnu Prop_WoodenFence_Single
   at: push_error (core/variant/variant_utility.cpp:1023)
ERROR: [world_v2] kit : modèle inconnu Bush_Common_Flowers
   at: push_error (core/variant/variant_utility.cpp:1023)
ERROR: [world_v2] kit : modèle inconnu Bush_Common
   at: push_error (core/variant/variant_utility.cpp:1023)
ERROR: [world_v2] kit : modèle inconnu Mushroom_Common
   at: push_error (core/variant/variant_utility.cpp:1023)
ERROR: [world_v2] kit : modèle inconnu Mushroom_Common
   at: push_error (core/variant/variant_utility.cpp:1023)
ERROR: [world_v2] kit : modèle inconnu Fern_1
   at: push_error (core/variant/variant_utility.cpp:1023)
ERROR: [world_v2] kit : modèle inconnu Fern_1
   at: push_error (core/variant/variant_utility.cpp:1023)
ERROR: [world_v2] kit : modèle inconnu Bush_Common_Flowers
   at: push_error (core/variant/variant_utility.cpp:1023)
ERROR: [world_v2] kit : modèle inconnu Bush_Common
   at: push_error (core/variant/variant_utility.cpp:1023)
ERROR: [world_v2] kit : modèle inconnu Plant_1
   at: push_error (core/variant/variant_utility.cpp:1023)
ERROR: [world_v2] kit : modèle inconnu Prop_WoodenFence_Single
   at: push_error (core/variant/variant_utility.cpp:1023)
ERROR: [world_v2] kit : modèle inconnu Corner_Exterior_Wood
   at: push_error (core/variant/variant_utility.cpp:1023)
ERROR: [world_v2] kit : modèle inconnu Prop_WoodenFence_Single
   at: push_error (core/variant/variant_utility.cpp:1023)
ERROR: [world_v2] kit : modèle inconnu Prop_WoodenFence_Single
   at: push_error (core/variant/variant_utility.cpp:1023)
ERROR: [world_v2] kit : modèle inconnu SM_Dungeon_RubbleLarge
   at: push_error (core/variant/variant_utility.cpp:1023)
ERROR: [world_v2] kit : modèle inconnu Prop_WoodenFence_Single
   at: push_error (core/variant/variant_utility.cpp:1023)
ERROR: [world_v2] kit : modèle inconnu Prop_WoodenFence_Single
   at: push_error (core/variant/variant_utility.cpp:1023)
ERROR: [world_v2] kit : modèle inconnu Prop_WoodenFence_Single
   at: push_error (core/variant/variant_utility.cpp:1023)
ERROR: [world_v2] kit : modèle inconnu SM_Dungeon_RubbleLarge
   at: push_error (core/variant/variant_utility.cpp:1023)
ERROR: [world_v2] kit : modèle inconnu Prop_WoodenFence_Single
   at: push_error (core/variant/variant_utility.cpp:1023)
ERROR: [world_v2] kit : modèle inconnu Prop_WoodenFence_Single
   at: push_error (core/variant/variant_utility.cpp:1023)
ERROR: [world_v2] kit : modèle inconnu Prop_WoodenFence_Single
   at: push_error (core/variant/variant_utility.cpp:1023)
ERROR: [world_v2] kit : modèle inconnu SM_Dungeon_RubbleLarge
   at: push_error (core/variant/variant_utility.cpp:1023)
ERROR: [world_v2] kit : modèle inconnu Prop_WoodenFence_Single
   at: push_error (core/variant/variant_utility.cpp:1023)
ERROR: [world_v2] kit : modèle inconnu Corner_Exterior_Wood
   at: push_error (core/variant/variant_utility.cpp:1023)
ERROR: [world_v2] kit : modèle inconnu Prop_WoodenFence_Single
   at: push_error (core/variant/variant_utility.cpp:1023)
ERROR: [world_v2] kit : modèle inconnu Prop_WoodenFence_Single
   at: push_error (core/variant/variant_utility.cpp:1023)
ERROR: [world_v2] kit : modèle inconnu SM_Dungeon_RubbleLarge
   at: push_error (core/variant/variant_utility.cpp:1023)
ERROR: [world_v2] kit : modèle inconnu RockPath_Round_Wide
   at: push_error (core/variant/variant_utility.cpp:1023)
ERROR: [world_v2] kit : modèle inconnu RockPath_Round_Wide
   at: push_error (core/variant/variant_utility.cpp:1023)
ERROR: [world_v2] kit : modèle inconnu RockPath_Round_Wide
   at: push_error (core/variant/variant_utility.cpp:1023)
ERROR: [world_v2] kit : modèle inconnu RockPath_Round_Wide
   at: push_error (core/variant/variant_utility.cpp:1023)
ERROR: [world_v2] kit : modèle inconnu Corner_Exterior_Wood
   at: push_error (core/variant/variant_utility.cpp:1023)
ERROR: [world_v2] kit : modèle inconnu Corner_Exterior_Wood
   at: push_error (core/variant/variant_utility.cpp:1023)
ERROR: [world_v2] kit : modèle inconnu SM_Dungeon_RubbleSmall
   at: push_error (core/variant/variant_utility.cpp:1023)
ERROR: [world_v2] kit : modèle inconnu Cauldron
   at: push_error (core/variant/variant_utility.cpp:1023)
ERROR: [world_v2] kit : modèle inconnu Corner_Exterior_Wood
   at: push_error (core/variant/variant_utility.cpp:1023)
ERROR: [world_v2] kit : modèle inconnu Corner_Exterior_Wood
   at: push_error (core/variant/variant_utility.cpp:1023)
ERROR: [world_v2] kit : modèle inconnu Roof_Wooden_2x1
   at: push_error (core/variant/variant_utility.cpp:1023)
ERROR: [world_v2] kit : modèle inconnu Bag
   at: push_error (core/variant/variant_utility.cpp:1023)
ERROR: [world_v2] kit : modèle inconnu Corner_Exterior_Wood
   at: push_error (core/variant/variant_utility.cpp:1023)
ERROR: [world_v2] kit : modèle inconnu Corner_Exterior_Wood
   at: push_error (core/variant/variant_utility.cpp:1023)
ERROR: [world_v2] kit : modèle inconnu Corner_Exterior_Wood
   at: push_error (core/variant/variant_utility.cpp:1023)
ERROR: [world_v2] kit : modèle inconnu Corner_Exterior_Wood
   at: push_error (core/variant/variant_utility.cpp:1023)
ERROR: [world_v2] kit : modèle inconnu Floor_WoodDark
   at: push_error (core/variant/variant_utility.cpp:1023)
ERROR: [world_v2] kit : modèle inconnu Prop_WoodenFence_Single
   at: push_error (core/variant/variant_utility.cpp:1023)
ERROR: [world_v2] kit : modèle inconnu Prop_WoodenFence_Single
   at: push_error (core/variant/variant_utility.cpp:1023)
ERROR: [world_v2] kit : modèle inconnu Crate_Wooden
   at: push_error (core/variant/variant_utility.cpp:1023)
ERROR: [world_v2] kit : modèle inconnu Prop_Wagon
   at: push_error (core/variant/variant_utility.cpp:1023)
ERROR: [world_v2] kit : modèle inconnu WeaponStand
   at: push_error (core/variant/variant_utility.cpp:1023)
ERROR: [world_v2] kit : modèle inconnu Banner_2_Cloth
   at: push_error (core/variant/variant_utility.cpp:1023)
ERROR: [world_v2] kit : modèle inconnu DeadTree_1
   at: push_error (core/variant/variant_utility.cpp:1023)
ERROR: [world_v2] kit : modèle inconnu DeadTree_2
   at: push_error (core/variant/variant_utility.cpp:1023)
ERROR: [world_v2] kit : modèle inconnu Prop_ExteriorBorder_Straight1
   at: push_error (core/variant/variant_utility.cpp:1023)
ERROR: [world_v2] kit : modèle inconnu RockPath_Square_Small_1
   at: push_error (core/variant/variant_utility.cpp:1023)
ERROR: [world_v2] kit : modèle inconnu Prop_ExteriorBorder_Straight1
   at: push_error (core/variant/variant_utility.cpp:1023)
ERROR: [world_v2] kit : modèle inconnu RockPath_Square_Small_1
   at: push_error (core/variant/variant_utility.cpp:1023)
ERROR: [world_v2] kit : modèle inconnu RockPath_Square_Small_1
   at: push_error (core/variant/variant_utility.cpp:1023)
ERROR: [world_v2] kit : modèle inconnu Prop_ExteriorBorder_Straight1
   at: push_error (core/variant/variant_utility.cpp:1023)
ERROR: [world_v2] kit : modèle inconnu RockPath_Square_Small_1
   at: push_error (core/variant/variant_utility.cpp:1023)
ERROR: [world_v2] kit : modèle inconnu RockPath_Square_Small_1
   at: push_error (core/variant/variant_utility.cpp:1023)
ERROR: [world_v2] kit : modèle inconnu Prop_ExteriorBorder_Straight1
   at: push_error (core/variant/variant_utility.cpp:1023)
ERROR: [world_v2] kit : modèle inconnu RockPath_Square_Small_1
   at: push_error (core/variant/variant_utility.cpp:1023)
ERROR: [world_v2] kit : modèle inconnu RockPath_Square_Small_1
   at: push_error (core/variant/variant_utility.cpp:1023)
ERROR: [world_v2] kit : modèle inconnu Prop_ExteriorBorder_Straight1
   at: push_error (core/variant/variant_utility.cpp:1023)
ERROR: [world_v2] kit : modèle inconnu RockPath_Square_Small_1
   at: push_error (core/variant/variant_utility.cpp:1023)
ERROR: [world_v2] kit : modèle inconnu Prop_ExteriorBorder_Straight1
   at: push_error (core/variant/variant_utility.cpp:1023)
ERROR: [world_v2] kit : modèle inconnu RockPath_Square_Small_1
   at: push_error (core/variant/variant_utility.cpp:1023)
ERROR: [world_v2] kit : modèle inconnu Prop_ExteriorBorder_Straight1
   at: push_error (core/variant/variant_utility.cpp:1023)
ERROR: [world_v2] kit : modèle inconnu RockPath_Square_Small_1
   at: push_error (core/variant/variant_utility.cpp:1023)
ERROR: [world_v2] kit : modèle inconnu RockPath_Square_Small_1
   at: push_error (core/variant/variant_utility.cpp:1023)
ERROR: [world_v2] kit : modèle inconnu Prop_ExteriorBorder_Straight1
   at: push_error (core/variant/variant_utility.cpp:1023)
ERROR: [world_v2] kit : modèle inconnu RockPath_Square_Small_1
   at: push_error (core/variant/variant_utility.cpp:1023)
ERROR: [world_v2] kit : modèle inconnu RockPath_Square_Small_1
   at: push_error (core/variant/variant_utility.cpp:1023)
ERROR: [world_v2] kit : modèle inconnu Prop_ExteriorBorder_Straight1
   at: push_error (core/variant/variant_utility.cpp:1023)
ERROR: [world_v2] kit : modèle inconnu RockPath_Square_Small_1
   at: push_error (core/variant/variant_utility.cpp:1023)
ERROR: [world_v2] kit : modèle inconnu RockPath_Square_Small_1
   at: push_error (core/variant/variant_utility.cpp:1023)
ERROR: [world_v2] kit : modèle inconnu Prop_ExteriorBorder_Straight1
   at: push_error (core/variant/variant_utility.cpp:1023)
ERROR: [world_v2] kit : modèle inconnu RockPath_Square_Small_1
   at: push_error (core/variant/variant_utility.cpp:1023)
ERROR: [world_v2] kit : modèle inconnu RockPath_Square_Small_1
   at: push_error (core/variant/variant_utility.cpp:1023)
ERROR: [world_v2] kit : modèle inconnu RockPath_Square_Small_1
   at: push_error (core/variant/variant_utility.cpp:1023)
ERROR: [world_v2] kit : modèle inconnu RockPath_Square_Small_1
   at: push_error (core/variant/variant_utility.cpp:1023)
ERROR: [world_v2] kit : modèle inconnu SM_Dungeon_PillarStub
   at: push_error (core/variant/variant_utility.cpp:1023)
ERROR: [world_v2] kit : modèle inconnu SM_Dungeon_PillarStub
   at: push_error (core/variant/variant_utility.cpp:1023)
ERROR: [world_v2] kit : modèle inconnu RockPath_Square_Small_1
   at: push_error (core/variant/variant_utility.cpp:1023)
ERROR: [world_v2] kit : modèle inconnu RockPath_Square_Small_1
   at: push_error (core/variant/variant_utility.cpp:1023)
ERROR: [world_v2] kit : modèle inconnu RockPath_Square_Wide
   at: push_error (core/variant/variant_utility.cpp:1023)
ERROR: [world_v2] kit : modèle inconnu RockPath_Square_Wide
   at: push_error (core/variant/variant_utility.cpp:1023)
ERROR: [world_v2] kit : modèle inconnu SM_Dungeon_PillarStub
   at: push_error (core/variant/variant_utility.cpp:1023)
ERROR: [world_v2] kit : modèle inconnu SM_Dungeon_PillarStub
   at: push_error (core/variant/variant_utility.cpp:1023)
ERROR: [world_v2] kit : modèle inconnu Prop_ExteriorBorder_Straight1
   at: push_error (core/variant/variant_utility.cpp:1023)
ERROR: [world_v2] kit : modèle inconnu SM_Dungeon_ArchBlock
   at: push_error (core/variant/variant_utility.cpp:1023)
ERROR: [world_v2] kit : modèle inconnu Prop_ExteriorBorder_Straight1
   at: push_error (core/variant/variant_utility.cpp:1023)
ERROR: [world_v2] kit : modèle inconnu Prop_ExteriorBorder_Straight1
   at: push_error (core/variant/variant_utility.cpp:1023)
ERROR: [world_v2] kit : modèle inconnu RockPath_Round_Thin
   at: push_error (core/variant/variant_utility.cpp:1023)
ERROR: [world_v2] kit : modèle inconnu Prop_ExteriorBorder_Straight1
   at: push_error (core/variant/variant_utility.cpp:1023)
ERROR: [world_v2] kit : modèle inconnu Prop_ExteriorBorder_Straight1
   at: push_error (core/variant/variant_utility.cpp:1023)
ERROR: [world_v2] kit : modèle inconnu RockPath_Round_Thin
   at: push_error (core/variant/variant_utility.cpp:1023)
ERROR: [world_v2] kit : modèle inconnu SM_Dungeon_RubbleSmall
   at: push_error (core/variant/variant_utility.cpp:1023)
ERROR: [world_v2] kit : modèle inconnu SM_Dungeon_RubbleLarge
   at: push_error (core/variant/variant_utility.cpp:1023)
ERROR: [world_v2] kit : modèle inconnu Prop_Brick1
   at: push_error (core/variant/variant_utility.cpp:1023)
ERROR: [world_v2] kit : modèle inconnu Prop_Brick1
   at: push_error (core/variant/variant_utility.cpp:1023)
ERROR: [world_v2] kit : modèle inconnu RockPath_Square_Small_1
   at: push_error (core/variant/variant_utility.cpp:1023)
ERROR: [world_v2] kit : modèle inconnu RockPath_Square_Small_1
   at: push_error (core/variant/variant_utility.cpp:1023)
ERROR: [world_v2] kit : modèle inconnu Chain_Coil
   at: push_error (core/variant/variant_utility.cpp:1023)
ERROR: [world_v2] kit : modèle inconnu Prop_ExteriorBorder_Straight1
   at: push_error (core/variant/variant_utility.cpp:1023)
ERROR: [world_v2] kit : modèle inconnu Prop_ExteriorBorder_Straight1
   at: push_error (core/variant/variant_utility.cpp:1023)
ERROR: [world_v2] kit : modèle inconnu RockPath_Round_Thin
   at: push_error (core/variant/variant_utility.cpp:1023)
ERROR: [world_v2] kit : modèle inconnu Prop_ExteriorBorder_Straight1
   at: push_error (core/variant/variant_utility.cpp:1023)
ERROR: [world_v2] kit : modèle inconnu Prop_ExteriorBorder_Straight1
   at: push_error (core/variant/variant_utility.cpp:1023)
ERROR: [world_v2] kit : modèle inconnu RockPath_Round_Thin
   at: push_error (core/variant/variant_utility.cpp:1023)
ERROR: [world_v2] kit : modèle inconnu RockPath_Square_Wide
   at: push_error (core/variant/variant_utility.cpp:1023)
ERROR: [world_v2] kit : modèle inconnu RockPath_Square_Wide
   at: push_error (core/variant/variant_utility.cpp:1023)
ERROR: [world_v2] kit : modèle inconnu Wall_Arch
   at: push_error (core/variant/variant_utility.cpp:1023)
ERROR: [world_v2] kit : modèle inconnu RockPath_Square_Wide
   at: push_error (core/variant/variant_utility.cpp:1023)
ERROR: [world_v2] kit : modèle inconnu RockPath_Square_Wide
   at: push_error (core/variant/variant_utility.cpp:1023)
ERROR: [world_v2] kit : modèle inconnu RockPath_Square_Wide
   at: push_error (core/variant/variant_utility.cpp:1023)
ERROR: [world_v2] kit : modèle inconnu Plant_1
   at: push_error (core/variant/variant_utility.cpp:1023)
ERROR: [world_v2] kit : modèle inconnu Grass_Common_Tall
   at: push_error (core/variant/variant_utility.cpp:1023)
ERROR: [world_v2] kit : modèle inconnu Plant_1
   at: push_error (core/variant/variant_utility.cpp:1023)
ERROR: [world_v2] kit : modèle inconnu Fern_1
   at: push_error (core/variant/variant_utility.cpp:1023)
ERROR: [world_v2] kit : modèle inconnu RockPath_Square_Wide
   at: push_error (core/variant/variant_utility.cpp:1023)
ERROR: [world_v2] kit : modèle inconnu RockPath_Square_Wide
   at: push_error (core/variant/variant_utility.cpp:1023)
ERROR: [world_v2] kit : modèle inconnu RockPath_Square_Wide
   at: push_error (core/variant/variant_utility.cpp:1023)
ERROR: [world_v2] kit : modèle inconnu RockPath_Square_Wide
   at: push_error (core/variant/variant_utility.cpp:1023)
ERROR: [world_v2] kit : modèle inconnu Pot_1
   at: push_error (core/variant/variant_utility.cpp:1023)
ERROR: [world_v2] kit : modèle inconnu Rope_1
   at: push_error (core/variant/variant_utility.cpp:1023)
ERROR: [world_v2] kit : modèle inconnu Floor_UnevenBrick
   at: push_error (core/variant/variant_utility.cpp:1023)
ERROR: [world_v2] kit : modèle inconnu Floor_UnevenBrick
   at: push_error (core/variant/variant_utility.cpp:1023)
ERROR: [world_v2] kit : modèle inconnu Rock_Medium_2
   at: push_error (core/variant/variant_utility.cpp:1023)
ERROR: [world_v2] kit : modèle inconnu Prop_Vine1
   at: push_error (core/variant/variant_utility.cpp:1023)
ERROR: [world_v2] kit : modèle inconnu Bush_Common
   at: push_error (core/variant/variant_utility.cpp:1023)
ERROR: [world_v2] kit : modèle inconnu Bush_Common
   at: push_error (core/variant/variant_utility.cpp:1023)
ERROR: [world_v2] kit : modèle inconnu Grass_Common_Tall
   at: push_error (core/variant/variant_utility.cpp:1023)
ERROR: [world_v2] kit : modèle inconnu Rock_Medium_1
   at: push_error (core/variant/variant_utility.cpp:1023)
ERROR: [world_v2] kit : modèle inconnu Rock_Medium_2
   at: push_error (core/variant/variant_utility.cpp:1023)
ERROR: [world_v2] kit : modèle inconnu RockPath_Square_Small_1
   at: push_error (core/variant/variant_utility.cpp:1023)
ERROR: [world_v2] kit : modèle inconnu Rock_Medium_3
   at: push_error (core/variant/variant_utility.cpp:1023)
ERROR: [world_v2] kit : modèle inconnu Rock_Medium_1
   at: push_error (core/variant/variant_utility.cpp:1023)
ERROR: [world_v2] kit : modèle inconnu Bush_Common
   at: push_error (core/variant/variant_utility.cpp:1023)
ERROR: [world_v2] kit : modèle inconnu Bush_Common
   at: push_error (core/variant/variant_utility.cpp:1023)
ERROR: [world_v2] kit : modèle inconnu RockPath_Round_Small_1
   at: push_error (core/variant/variant_utility.cpp:1023)
ERROR: [world_v2] kit : modèle inconnu RockPath_Square_Small_1
   at: push_error (core/variant/variant_utility.cpp:1023)
ERROR: [world_v2] kit : modèle inconnu Fern_1
   at: push_error (core/variant/variant_utility.cpp:1023)
ERROR: [world_v2] kit : modèle inconnu Fern_1
   at: push_error (core/variant/variant_utility.cpp:1023)
ERROR: [world_v2] kit : modèle inconnu Bush_Common
   at: push_error (core/variant/variant_utility.cpp:1023)
ERROR: [world_v2] kit : modèle inconnu Floor_UnevenBrick
   at: push_error (core/variant/variant_utility.cpp:1023)
ERROR: [world_v2] kit : modèle inconnu Floor_UnevenBrick
   at: push_error (core/variant/variant_utility.cpp:1023)
ERROR: [world_v2] kit : modèle inconnu Bush_Common
   at: push_error (core/variant/variant_utility.cpp:1023)
ERROR: [world_v2] kit : modèle inconnu Bush_Common
   at: push_error (core/variant/variant_utility.cpp:1023)
ERROR: [world_v2] kit : modèle inconnu Bush_Common
   at: push_error (core/variant/variant_utility.cpp:1023)
ERROR: [world_v2] kit : modèle inconnu Bush_Common
   at: push_error (core/variant/variant_utility.cpp:1023)
ERROR: [world_v2] kit : modèle inconnu Bush_Common
   at: push_error (core/variant/variant_utility.cpp:1023)
ERROR: [world_v2] kit : modèle inconnu Bush_Common
   at: push_error (core/variant/variant_utility.cpp:1023)
ERROR: [world_v2] kit : modèle inconnu Fern_1
   at: push_error (core/variant/variant_utility.cpp:1023)
ERROR: [world_v2] kit : modèle inconnu Fern_1
   at: push_error (core/variant/variant_utility.cpp:1023)
ERROR: [world_v2] kit : modèle inconnu Fern_1
   at: push_error (core/variant/variant_utility.cpp:1023)
ERROR: [world_v2] kit : modèle inconnu Fern_1
   at: push_error (core/variant/variant_utility.cpp:1023)
ERROR: [world_v2] kit : modèle inconnu Mushroom_Common
   at: push_error (core/variant/variant_utility.cpp:1023)
ERROR: [world_v2] kit : modèle inconnu Mushroom_Laetiporus
   at: push_error (core/variant/variant_utility.cpp:1023)
ERROR: [world_v2] kit : modèle inconnu Pine_3
   at: push_error (core/variant/variant_utility.cpp:1023)
ERROR: [world_v2] kit : modèle inconnu Pine_3
   at: push_error (core/variant/variant_utility.cpp:1023)
ERROR: [world_v2] kit : modèle inconnu CommonTree_3
   at: push_error (core/variant/variant_utility.cpp:1023)
ERROR: [world_v2] kit : modèle inconnu Rock_Medium_1
   at: push_error (core/variant/variant_utility.cpp:1023)
ERROR: [world_v2] kit : modèle inconnu Rock_Medium_3
   at: push_error (core/variant/variant_utility.cpp:1023)
ERROR: [world_v2] kit : modèle inconnu Rock_Medium_2
   at: push_error (core/variant/variant_utility.cpp:1023)
ERROR: [world_v2] kit : modèle inconnu Rock_Medium_2
   at: push_error (core/variant/variant_utility.cpp:1023)
ERROR: [world_v2] kit : modèle inconnu Rock_Medium_1
   at: push_error (core/variant/variant_utility.cpp:1023)
ERROR: [world_v2] kit : modèle inconnu Rock_Medium_3
   at: push_error (core/variant/variant_utility.cpp:1023)
ERROR: [world_v2] kit : modèle inconnu Grass_Common_Tall
   at: push_error (core/variant/variant_utility.cpp:1023)
ERROR: [world_v2] kit : modèle inconnu Grass_Common_Tall
   at: push_error (core/variant/variant_utility.cpp:1023)
ERROR: [world_v2] kit : modèle inconnu Grass_Common_Tall
   at: push_error (core/variant/variant_utility.cpp:1023)
ERROR: [world_v2] kit : modèle inconnu Rock_Medium_3
   at: push_error (core/variant/variant_utility.cpp:1023)
ERROR: [world_v2] kit : modèle inconnu Rock_Medium_1
   at: push_error (core/variant/variant_utility.cpp:1023)
ERROR: [flower_field] modèle de dalle inconnu RockPath_Square_Small_1
   at: push_error (core/variant/variant_utility.cpp:1023)
ERROR: [flower_field] modèle de dalle inconnu RockPath_Round_Small_1
   at: push_error (core/variant/variant_utility.cpp:1023)
ERROR: [world_v2] kit : modèle inconnu Bush_Common_Flowers
   at: push_error (core/variant/variant_utility.cpp:1023)
ERROR: [world_v2] kit : modèle inconnu Bush_Common_Flowers
   at: push_error (core/variant/variant_utility.cpp:1023)
ERROR: [world_v2] kit : modèle inconnu CommonTree_3
   at: push_error (core/variant/variant_utility.cpp:1023)
ERROR: [flower_field] modèle inconnu Flower_3_Group
   at: push_error (core/variant/variant_utility.cpp:1023)
ERROR: [flower_field] modèle inconnu Flower_4_Group
   at: push_error (core/variant/variant_utility.cpp:1023)
ERROR: [flower_field] modèle inconnu Flower_3_Group
   at: push_error (core/variant/variant_utility.cpp:1023)
ERROR: [flower_field] modèle inconnu Grass_Wispy_Tall
   at: push_error (core/variant/variant_utility.cpp:1023)
WARNING: [world_v2] modèle végétal introuvable : DeadTree_2
     at: push_warning (core/variant/variant_utility.cpp:1033)
WARNING: [world_v2] modèle végétal introuvable : Rock_Medium_3
     at: push_warning (core/variant/variant_utility.cpp:1033)
WARNING: [world_v2] modèle végétal introuvable : Rock_Medium_1
     at: push_warning (core/variant/variant_utility.cpp:1033)
WARNING: [world_v2] modèle végétal introuvable : Pebble_Square_1
     at: push_warning (core/variant/variant_utility.cpp:1033)
WARNING: [world_v2] modèle végétal introuvable : Pebble_Round_4
     at: push_warning (core/variant/variant_utility.cpp:1033)
WARNING: [world_v2] modèle végétal introuvable : Pebble_Round_2
     at: push_warning (core/variant/variant_utility.cpp:1033)
WARNING: [world_v2] modèle végétal introuvable : DeadTree_2
     at: push_warning (core/variant/variant_utility.cpp:1033)
WARNING: [world_v2] modèle végétal introuvable : Rock_Medium_2
     at: push_warning (core/variant/variant_utility.cpp:1033)
WARNING: [world_v2] modèle végétal introuvable : Rock_Medium_1
     at: push_warning (core/variant/variant_utility.cpp:1033)
WARNING: [world_v2] modèle végétal introuvable : Rock_Medium_3
     at: push_warning (core/variant/variant_utility.cpp:1033)
WARNING: [world_v2] modèle végétal introuvable : Pebble_Round_4
     at: push_warning (core/variant/variant_utility.cpp:1033)
WARNING: [world_v2] modèle végétal introuvable : Rock_Medium_1
     at: push_warning (core/variant/variant_utility.cpp:1033)
WARNING: [world_v2] modèle végétal introuvable : Rock_Medium_2
     at: push_warning (core/variant/variant_utility.cpp:1033)
WARNING: [world_v2] modèle végétal introuvable : Pebble_Round_2
     at: push_warning (core/variant/variant_utility.cpp:1033)
WARNING: [world_v2] modèle végétal introuvable : DeadTree_1
     at: push_warning (core/variant/variant_utility.cpp:1033)
WARNING: [world_v2] modèle végétal introuvable : Pebble_Round_2
     at: push_warning (core/variant/variant_utility.cpp:1033)
WARNING: [world_v2] modèle végétal introuvable : Rock_Medium_3
     at: push_warning (core/variant/variant_utility.cpp:1033)
WARNING: [world_v2] modèle végétal introuvable : Pebble_Round_4
     at: push_warning (core/variant/variant_utility.cpp:1033)
WARNING: [world_v2] modèle végétal introuvable : TwistedTree_3
     at: push_warning (core/variant/variant_utility.cpp:1033)
WARNING: [world_v2] modèle végétal introuvable : Pebble_Round_2
     at: push_warning (core/variant/variant_utility.cpp:1033)
WARNING: [world_v2] modèle végétal introuvable : Rock_Medium_3
     at: push_warning (core/variant/variant_utility.cpp:1033)
WARNING: [world_v2] modèle végétal introuvable : Pebble_Square_1
     at: push_warning (core/variant/variant_utility.cpp:1033)
WARNING: [world_v2] modèle végétal introuvable : DeadTree_2
     at: push_warning (core/variant/variant_utility.cpp:1033)
WARNING: [world_v2] modèle végétal introuvable : Rock_Medium_2
     at: push_warning (core/variant/variant_utility.cpp:1033)
WARNING: [world_v2] modèle végétal introuvable : Pebble_Round_4
     at: push_warning (core/variant/variant_utility.cpp:1033)
WARNING: [world_v2] modèle végétal introuvable : Rock_Medium_3
     at: push_warning (core/variant/variant_utility.cpp:1033)
WARNING: [world_v2] modèle végétal introuvable : DeadTree_1
     at: push_warning (core/variant/variant_utility.cpp:1033)
WARNING: [world_v2] modèle végétal introuvable : Rock_Medium_2
     at: push_warning (core/variant/variant_utility.cpp:1033)
WARNING: [world_v2] modèle végétal introuvable : Pebble_Round_4
     at: push_warning (core/variant/variant_utility.cpp:1033)
WARNING: [world_v2] modèle végétal introuvable : TwistedTree_3
     at: push_warning (core/variant/variant_utility.cpp:1033)
WARNING: [world_v2] modèle végétal introuvable : Rock_Medium_3
     at: push_warning (core/variant/variant_utility.cpp:1033)
WARNING: [world_v2] modèle végétal introuvable : Pebble_Round_4
     at: push_warning (core/variant/variant_utility.cpp:1033)
WARNING: [world_v2] modèle végétal introuvable : Pebble_Square_1
     at: push_warning (core/variant/variant_utility.cpp:1033)
WARNING: [world_v2] modèle végétal introuvable : Pebble_Square_1
     at: push_warning (core/variant/variant_utility.cpp:1033)
WARNING: [world_v2] modèle végétal introuvable : Pebble_Round_4
     at: push_warning (core/variant/variant_utility.cpp:1033)
WARNING: [world_v2] modèle végétal introuvable : Pebble_Round_2
     at: push_warning (core/variant/variant_utility.cpp:1033)
WARNING: [world_v2] modèle végétal introuvable : TwistedTree_1
     at: push_warning (core/variant/variant_utility.cpp:1033)
WARNING: [world_v2] modèle végétal introuvable : Pebble_Square_1
     at: push_warning (core/variant/variant_utility.cpp:1033)
WARNING: [world_v2] modèle végétal introuvable : Rock_Medium_3
     at: push_warning (core/variant/variant_utility.cpp:1033)
WARNING: [world_v2] modèle végétal introuvable : Pebble_Round_4
     at: push_warning (core/variant/variant_utility.cpp:1033)
WARNING: [world_v2] modèle végétal introuvable : Rock_Medium_1
     at: push_warning (core/variant/variant_utility.cpp:1033)
WARNING: [world_v2] modèle végétal introuvable : Pebble_Round_4
     at: push_warning (core/variant/variant_utility.cpp:1033)
WARNING: [world_v2] modèle végétal introuvable : Pebble_Round_2
     at: push_warning (core/variant/variant_utility.cpp:1033)
WARNING: [world_v2] modèle végétal introuvable : Rock_Medium_1
     at: push_warning (core/variant/variant_utility.cpp:1033)
WARNING: [world_v2] modèle végétal introuvable : TwistedTree_3
     at: push_warning (core/variant/variant_utility.cpp:1033)
WARNING: [world_v2] modèle végétal introuvable : Pebble_Square_1
     at: push_warning (core/variant/variant_utility.cpp:1033)
WARNING: [world_v2] modèle végétal introuvable : Pebble_Round_4
     at: push_warning (core/variant/variant_utility.cpp:1033)
WARNING: [world_v2] modèle végétal introuvable : Rock_Medium_2
     at: push_warning (core/variant/variant_utility.cpp:1033)
WARNING: [world_v2] modèle végétal introuvable : Pebble_Square_1
     at: push_warning (core/variant/variant_utility.cpp:1033)
WARNING: [world_v2] modèle végétal introuvable : Pebble_Round_2
     at: push_warning (core/variant/variant_utility.cpp:1033)
WARNING: [world_v2] modèle végétal introuvable : Rock_Medium_2
     at: push_warning (core/variant/variant_utility.cpp:1033)
WARNING: [world_v2] modèle végétal introuvable : Rock_Medium_3
     at: push_warning (core/variant/variant_utility.cpp:1033)
WARNING: [world_v2] modèle végétal introuvable : Pebble_Round_4
     at: push_warning (core/variant/variant_utility.cpp:1033)
WARNING: [world_v2] modèle végétal introuvable : Rock_Medium_1
     at: push_warning (core/variant/variant_utility.cpp:1033)
WARNING: [world_v2] modèle végétal introuvable : Pebble_Square_1
     at: push_warning (core/variant/variant_utility.cpp:1033)
WARNING: [world_v2] modèle végétal introuvable : Pebble_Round_2
     at: push_warning (core/variant/variant_utility.cpp:1033)
WARNING: [world_v2] modèle végétal introuvable : Rock_Medium_2
     at: push_warning (core/variant/variant_utility.cpp:1033)
WARNING: [world_v2] modèle végétal introuvable : Pebble_Square_1
     at: push_warning (core/variant/variant_utility.cpp:1033)
WARNING: [world_v2] modèle végétal introuvable : Pebble_Round_2
     at: push_warning (core/variant/variant_utility.cpp:1033)
WARNING: [world_v2] modèle végétal introuvable : Pebble_Square_1
     at: push_warning (core/variant/variant_utility.cpp:1033)
WARNING: [world_v2] modèle végétal introuvable : DeadTree_2
     at: push_warning (core/variant/variant_utility.cpp:1033)
WARNING: [world_v2] modèle végétal introuvable : Rock_Medium_3
     at: push_warning (core/variant/variant_utility.cpp:1033)
WARNING: [world_v2] modèle végétal introuvable : Pebble_Round_4
     at: push_warning (core/variant/variant_utility.cpp:1033)
WARNING: [world_v2] modèle végétal introuvable : Pebble_Square_1
     at: push_warning (core/variant/variant_utility.cpp:1033)
WARNING: [world_v2] modèle végétal introuvable : Pebble_Round_2
     at: push_warning (core/variant/variant_utility.cpp:1033)
WARNING: [world_v2] modèle végétal introuvable : Pebble_Round_4
     at: push_warning (core/variant/variant_utility.cpp:1033)
WARNING: [world_v2] modèle végétal introuvable : Rock_Medium_1
     at: push_warning (core/variant/variant_utility.cpp:1033)
WARNING: [world_v2] modèle végétal introuvable : Rock_Medium_2
     at: push_warning (core/variant/variant_utility.cpp:1033)
WARNING: [world_v2] modèle végétal introuvable : Pebble_Round_2
     at: push_warning (core/variant/variant_utility.cpp:1033)
WARNING: [world_v2] modèle végétal introuvable : Rock_Medium_2
     at: push_warning (core/variant/variant_utility.cpp:1033)
WARNING: [world_v2] modèle végétal introuvable : Pebble_Square_1
     at: push_warning (core/variant/variant_utility.cpp:1033)
WARNING: [world_v2] modèle végétal introuvable : Rock_Medium_1
     at: push_warning (core/variant/variant_utility.cpp:1033)
WARNING: [world_v2] modèle végétal introuvable : Rock_Medium_3
     at: push_warning (core/variant/variant_utility.cpp:1033)
WARNING: [world_v2] modèle végétal introuvable : Rock_Medium_1
     at: push_warning (core/variant/variant_utility.cpp:1033)
WARNING: [world_v2] modèle végétal introuvable : Pebble_Round_4
     at: push_warning (core/variant/variant_utility.cpp:1033)
WARNING: [world_v2] modèle végétal introuvable : Pebble_Round_2
     at: push_warning (core/variant/variant_utility.cpp:1033)
WARNING: [world_v2] modèle végétal introuvable : Pebble_Round_2
     at: push_warning (core/variant/variant_utility.cpp:1033)
WARNING: [world_v2] modèle végétal introuvable : Pebble_Square_1
     at: push_warning (core/variant/variant_utility.cpp:1033)
WARNING: [world_v2] modèle végétal introuvable : Rock_Medium_1
     at: push_warning (core/variant/variant_utility.cpp:1033)
WARNING: [world_v2] modèle végétal introuvable : DeadTree_1
     at: push_warning (core/variant/variant_utility.cpp:1033)
WARNING: [world_v2] modèle végétal introuvable : Rock_Medium_1
     at: push_warning (core/variant/variant_utility.cpp:1033)
WARNING: [world_v2] modèle végétal introuvable : Rock_Medium_3
     at: push_warning (core/variant/variant_utility.cpp:1033)
WARNING: [world_v2] modèle végétal introuvable : Pebble_Square_1
     at: push_warning (core/variant/variant_utility.cpp:1033)
WARNING: [world_v2] modèle végétal introuvable : Pebble_Round_2
     at: push_warning (core/variant/variant_utility.cpp:1033)
WARNING: [world_v2] modèle végétal introuvable : Pebble_Round_4
     at: push_warning (core/variant/variant_utility.cpp:1033)
WARNING: [world_v2] modèle végétal introuvable : Pebble_Square_1
     at: push_warning (core/variant/variant_utility.cpp:1033)
WARNING: [world_v2] modèle végétal introuvable : Pebble_Round_2
     at: push_warning (core/variant/variant_utility.cpp:1033)
WARNING: [world_v2] modèle végétal introuvable : Rock_Medium_1
     at: push_warning (core/variant/variant_utility.cpp:1033)
WARNING: [world_v2] modèle végétal introuvable : Pebble_Round_4
     at: push_warning (core/variant/variant_utility.cpp:1033)
WARNING: [world_v2] modèle végétal introuvable : TwistedTree_3
     at: push_warning (core/variant/variant_utility.cpp:1033)
WARNING: [world_v2] modèle végétal introuvable : Rock_Medium_3
     at: push_warning (core/variant/variant_utility.cpp:1033)
WARNING: [world_v2] modèle végétal introuvable : Pebble_Round_4
     at: push_warning (core/variant/variant_utility.cpp:1033)
WARNING: [world_v2] modèle végétal introuvable : Pebble_Round_2
     at: push_warning (core/variant/variant_utility.cpp:1033)
WARNING: [world_v2] modèle végétal introuvable : Rock_Medium_1
     at: push_warning (core/variant/variant_utility.cpp:1033)
WARNING: [world_v2] modèle végétal introuvable : Rock_Medium_3
     at: push_warning (core/variant/variant_utility.cpp:1033)
WARNING: [world_v2] modèle végétal introuvable : Pebble_Square_1
     at: push_warning (core/variant/variant_utility.cpp:1033)
WARNING: [world_v2] modèle végétal introuvable : Pebble_Round_4
     at: push_warning (core/variant/variant_utility.cpp:1033)
WARNING: [world_v2] modèle végétal introuvable : Pebble_Round_2
     at: push_warning (core/variant/variant_utility.cpp:1033)
WARNING: [world_v2] modèle végétal introuvable : Rock_Medium_2
     at: push_warning (core/variant/variant_utility.cpp:1033)
WARNING: [world_v2] modèle végétal introuvable : TwistedTree_2
     at: push_warning (core/variant/variant_utility.cpp:1033)
WARNING: [world_v2] modèle végétal introuvable : Rock_Medium_3
     at: push_warning (core/variant/variant_utility.cpp:1033)
WARNING: [world_v2] modèle végétal introuvable : Pebble_Square_1
     at: push_warning (core/variant/variant_utility.cpp:1033)
WARNING: [world_v2] modèle végétal introuvable : Pebble_Round_2
     at: push_warning (core/variant/variant_utility.cpp:1033)
WARNING: [world_v2] modèle végétal introuvable : Rock_Medium_2
     at: push_warning (core/variant/variant_utility.cpp:1033)
WARNING: [world_v2] modèle végétal introuvable : Pebble_Square_1
     at: push_warning (core/variant/variant_utility.cpp:1033)
WARNING: [world_v2] modèle végétal introuvable : Pebble_Round_4
     at: push_warning (core/variant/variant_utility.cpp:1033)
WARNING: [world_v2] modèle végétal introuvable : TwistedTree_2
     at: push_warning (core/variant/variant_utility.cpp:1033)
WARNING: [world_v2] modèle végétal introuvable : Pebble_Square_1
     at: push_warning (core/variant/variant_utility.cpp:1033)
WARNING: [world_v2] modèle végétal introuvable : Rock_Medium_1
     at: push_warning (core/variant/variant_utility.cpp:1033)
WARNING: [world_v2] modèle végétal introuvable : Rock_Medium_3
     at: push_warning (core/variant/variant_utility.cpp:1033)
WARNING: [world_v2] modèle végétal introuvable : CommonTree_5
     at: push_warning (core/variant/variant_utility.cpp:1033)
WARNING: [world_v2] modèle végétal introuvable : Pebble_Square_1
     at: push_warning (core/variant/variant_utility.cpp:1033)
WARNING: [world_v2] modèle végétal introuvable : Rock_Medium_1
     at: push_warning (core/variant/variant_utility.cpp:1033)
WARNING: [world_v2] modèle végétal introuvable : Pebble_Round_2
     at: push_warning (core/variant/variant_utility.cpp:1033)
WARNING: [world_v2] modèle végétal introuvable : Pebble_Square_1
     at: push_warning (core/variant/variant_utility.cpp:1033)
WARNING: [world_v2] modèle végétal introuvable : CommonTree_1
     at: push_warning (core/variant/variant_utility.cpp:1033)
WARNING: [world_v2] modèle végétal introuvable : Pebble_Round_2
     at: push_warning (core/variant/variant_utility.cpp:1033)
WARNING: [world_v2] modèle végétal introuvable : Pebble_Round_4
     at: push_warning (core/variant/variant_utility.cpp:1033)
WARNING: [world_v2] modèle végétal introuvable : Rock_Medium_3
     at: push_warning (core/variant/variant_utility.cpp:1033)
WARNING: [world_v2] modèle végétal introuvable : Rock_Medium_2
     at: push_warning (core/variant/variant_utility.cpp:1033)
WARNING: [world_v2] modèle végétal introuvable : Pebble_Square_1
     at: push_warning (core/variant/variant_utility.cpp:1033)
WARNING: [world_v2] modèle végétal introuvable : Rock_Medium_1
     at: push_warning (core/variant/variant_utility.cpp:1033)
WARNING: [world_v2] modèle végétal introuvable : Pebble_Round_4
     at: push_warning (core/variant/variant_utility.cpp:1033)
WARNING: [world_v2] modèle végétal introuvable : Pebble_Square_1
     at: push_warning (core/variant/variant_utility.cpp:1033)
WARNING: [world_v2] modèle végétal introuvable : TwistedTree_2
     at: push_warning (core/variant/variant_utility.cpp:1033)
WARNING: [world_v2] modèle végétal introuvable : Pebble_Round_2
     at: push_warning (core/variant/variant_utility.cpp:1033)
WARNING: [world_v2] modèle végétal introuvable : Rock_Medium_3
     at: push_warning (core/variant/variant_utility.cpp:1033)
WARNING: [world_v2] modèle végétal introuvable : Rock_Medium_2
     at: push_warning (core/variant/variant_utility.cpp:1033)
WARNING: [world_v2] modèle végétal introuvable : Pebble_Round_4
     at: push_warning (core/variant/variant_utility.cpp:1033)
WARNING: [world_v2] modèle végétal introuvable : TwistedTree_1
     at: push_warning (core/variant/variant_utility.cpp:1033)
WARNING: [world_v2] modèle végétal introuvable : Pebble_Square_1
     at: push_warning (core/variant/variant_utility.cpp:1033)
WARNING: [world_v2] modèle végétal introuvable : Pebble_Round_4
     at: push_warning (core/variant/variant_utility.cpp:1033)
WARNING: [world_v2] modèle végétal introuvable : Rock_Medium_1
     at: push_warning (core/variant/variant_utility.cpp:1033)
WARNING: [world_v2] modèle végétal introuvable : Rock_Medium_3
     at: push_warning (core/variant/variant_utility.cpp:1033)
WARNING: [world_v2] modèle végétal introuvable : TwistedTree_1
     at: push_warning (core/variant/variant_utility.cpp:1033)
WARNING: [world_v2] modèle végétal introuvable : Rock_Medium_1
     at: push_warning (core/variant/variant_utility.cpp:1033)
WARNING: [world_v2] modèle végétal introuvable : Rock_Medium_2
     at: push_warning (core/variant/variant_utility.cpp:1033)
WARNING: [world_v2] modèle végétal introuvable : Pebble_Round_4
     at: push_warning (core/variant/variant_utility.cpp:1033)
WARNING: [world_v2] modèle végétal introuvable : Rock_Medium_3
     at: push_warning (core/variant/variant_utility.cpp:1033)
WARNING: [world_v2] modèle végétal introuvable : Pebble_Round_2
     at: push_warning (core/variant/variant_utility.cpp:1033)
WARNING: [world_v2] modèle végétal introuvable : Pebble_Square_1
     at: push_warning (core/variant/variant_utility.cpp:1033)
WARNING: [world_v2] modèle végétal introuvable : TwistedTree_1
     at: push_warning (core/variant/variant_utility.cpp:1033)
WARNING: [world_v2] modèle végétal introuvable : Pebble_Round_4
     at: push_warning (core/variant/variant_utility.cpp:1033)
WARNING: [world_v2] modèle végétal introuvable : Rock_Medium_1
     at: push_warning (core/variant/variant_utility.cpp:1033)
WARNING: [world_v2] modèle végétal introuvable : Rock_Medium_3
     at: push_warning (core/variant/variant_utility.cpp:1033)
WARNING: [world_v2] modèle végétal introuvable : Pebble_Square_1
     at: push_warning (core/variant/variant_utility.cpp:1033)
WARNING: [world_v2] modèle végétal introuvable : Pebble_Round_2
     at: push_warning (core/variant/variant_utility.cpp:1033)
WARNING: [world_v2] modèle végétal introuvable : Pine_4
     at: push_warning (core/variant/variant_utility.cpp:1033)
WARNING: [world_v2] modèle végétal introuvable : Rock_Medium_3
     at: push_warning (core/variant/variant_utility.cpp:1033)
WARNING: [world_v2] modèle végétal introuvable : Rock_Medium_2
     at: push_warning (core/variant/variant_utility.cpp:1033)
WARNING: [world_v2] modèle végétal introuvable : Pebble_Round_4
     at: push_warning (core/variant/variant_utility.cpp:1033)
WARNING: [world_v2] modèle végétal introuvable : Pebble_Square_1
     at: push_warning (core/variant/variant_utility.cpp:1033)
WARNING: [world_v2] modèle végétal introuvable : Pebble_Square_1
     at: push_warning (core/variant/variant_utility.cpp:1033)
WARNING: [world_v2] modèle végétal introuvable : Rock_Medium_2
     at: push_warning (core/variant/variant_utility.cpp:1033)
WARNING: [world_v2] modèle végétal introuvable : TwistedTree_2
     at: push_warning (core/variant/variant_utility.cpp:1033)
WARNING: [world_v2] modèle végétal introuvable : Pebble_Round_4
     at: push_warning (core/variant/variant_utility.cpp:1033)
WARNING: [world_v2] modèle végétal introuvable : Pebble_Square_1
     at: push_warning (core/variant/variant_utility.cpp:1033)
WARNING: [world_v2] modèle végétal introuvable : Rock_Medium_1
     at: push_warning (core/variant/variant_utility.cpp:1033)
WARNING: [world_v2] modèle végétal introuvable : Rock_Medium_1
     at: push_warning (core/variant/variant_utility.cpp:1033)
WARNING: [world_v2] modèle végétal introuvable : Pebble_Round_2
     at: push_warning (core/variant/variant_utility.cpp:1033)
WARNING: [world_v2] modèle végétal introuvable : Pebble_Square_1
     at: push_warning (core/variant/variant_utility.cpp:1033)
WARNING: [world_v2] modèle végétal introuvable : Rock_Medium_3
     at: push_warning (core/variant/variant_utility.cpp:1033)
WARNING: [world_v2] modèle végétal introuvable : Pebble_Round_4
     at: push_warning (core/variant/variant_utility.cpp:1033)
WARNING: [world_v2] modèle végétal introuvable : Rock_Medium_2
     at: push_warning (core/variant/variant_utility.cpp:1033)
WARNING: [world_v2] modèle végétal introuvable : Pebble_Square_1
     at: push_warning (core/variant/variant_utility.cpp:1033)
WARNING: [world_v2] modèle végétal introuvable : TwistedTree_2
     at: push_warning (core/variant/variant_utility.cpp:1033)
WARNING: [world_v2] modèle végétal introuvable : Rock_Medium_1
     at: push_warning (core/variant/variant_utility.cpp:1033)
WARNING: [world_v2] modèle végétal introuvable : Rock_Medium_2
     at: push_warning (core/variant/variant_utility.cpp:1033)
WARNING: [world_v2] modèle végétal introuvable : Pebble_Square_1
     at: push_warning (core/variant/variant_utility.cpp:1033)
WARNING: [world_v2] modèle végétal introuvable : Pebble_Round_2
     at: push_warning (core/variant/variant_utility.cpp:1033)
WARNING: [world_v2] modèle végétal introuvable : CommonTree_5
     at: push_warning (core/variant/variant_utility.cpp:1033)
WARNING: [world_v2] modèle végétal introuvable : Pebble_Round_2
     at: push_warning (core/variant/variant_utility.cpp:1033)
WARNING: [world_v2] modèle végétal introuvable : Rock_Medium_2
     at: push_warning (core/variant/variant_utility.cpp:1033)
WARNING: [world_v2] modèle végétal introuvable : Pebble_Round_4
     at: push_warning (core/variant/variant_utility.cpp:1033)
WARNING: [world_v2] modèle végétal introuvable : CommonTree_5
     at: push_warning (core/variant/variant_utility.cpp:1033)
WARNING: [world_v2] modèle végétal introuvable : Pebble_Round_4
     at: push_warning (core/variant/variant_utility.cpp:1033)
WARNING: [world_v2] modèle végétal introuvable : Rock_Medium_2
     at: push_warning (core/variant/variant_utility.cpp:1033)
WARNING: [world_v2] modèle végétal introuvable : Pebble_Round_2
     at: push_warning (core/variant/variant_utility.cpp:1033)
WARNING: [world_v2] modèle végétal introuvable : Pebble_Round_2
     at: push_warning (core/variant/variant_utility.cpp:1033)
WARNING: [world_v2] modèle végétal introuvable : Rock_Medium_2
     at: push_warning (core/variant/variant_utility.cpp:1033)
WARNING: [world_v2] modèle végétal introuvable : Pebble_Square_1
     at: push_warning (core/variant/variant_utility.cpp:1033)
WARNING: [world_v2] modèle végétal introuvable : Rock_Medium_3
     at: push_warning (core/variant/variant_utility.cpp:1033)
WARNING: [world_v2] modèle végétal introuvable : Pebble_Round_4
     at: push_warning (core/variant/variant_utility.cpp:1033)
WARNING: [world_v2] modèle végétal introuvable : Pebble_Round_4
     at: push_warning (core/variant/variant_utility.cpp:1033)
WARNING: [world_v2] modèle végétal introuvable : Rock_Medium_2
     at: push_warning (core/variant/variant_utility.cpp:1033)
WARNING: [world_v2] modèle végétal introuvable : Pebble_Round_2
     at: push_warning (core/variant/variant_utility.cpp:1033)
WARNING: [world_v2] modèle végétal introuvable : Pebble_Square_1
     at: push_warning (core/variant/variant_utility.cpp:1033)
WARNING: [world_v2] modèle végétal introuvable : TwistedTree_2
     at: push_warning (core/variant/variant_utility.cpp:1033)
WARNING: [world_v2] modèle végétal introuvable : Pebble_Round_2
     at: push_warning (core/variant/variant_utility.cpp:1033)
WARNING: [world_v2] modèle végétal introuvable : Pebble_Round_4
     at: push_warning (core/variant/variant_utility.cpp:1033)
WARNING: [world_v2] modèle végétal introuvable : Rock_Medium_1
     at: push_warning (core/variant/variant_utility.cpp:1033)
WARNING: [world_v2] modèle végétal introuvable : Pebble_Square_1
     at: push_warning (core/variant/variant_utility.cpp:1033)
WARNING: [world_v2] modèle végétal introuvable : TwistedTree_1
     at: push_warning (core/variant/variant_utility.cpp:1033)
WARNING: [world_v2] modèle végétal introuvable : TwistedTree_2
     at: push_warning (core/variant/variant_utility.cpp:1033)
WARNING: [world_v2] modèle végétal introuvable : Pebble_Round_4
     at: push_warning (core/variant/variant_utility.cpp:1033)
WARNING: [world_v2] modèle végétal introuvable : Pebble_Round_2
     at: push_warning (core/variant/variant_utility.cpp:1033)
WARNING: [world_v2] modèle végétal introuvable : Rock_Medium_1
     at: push_warning (core/variant/variant_utility.cpp:1033)
WARNING: [world_v2] modèle végétal introuvable : Rock_Medium_2
     at: push_warning (core/variant/variant_utility.cpp:1033)
WARNING: [world_v2] modèle végétal introuvable : Pebble_Square_1
     at: push_warning (core/variant/variant_utility.cpp:1033)
WARNING: [world_v2] modèle végétal introuvable : TwistedTree_2
     at: push_warning (core/variant/variant_utility.cpp:1033)
WARNING: [world_v2] modèle végétal introuvable : Pebble_Round_4
     at: push_warning (core/variant/variant_utility.cpp:1033)
WARNING: [world_v2] modèle végétal introuvable : Pebble_Round_2
     at: push_warning (core/variant/variant_utility.cpp:1033)
WARNING: [world_v2] modèle végétal introuvable : Rock_Medium_2
     at: push_warning (core/variant/variant_utility.cpp:1033)
WARNING: [world_v2] modèle végétal introuvable : Pebble_Square_1
     at: push_warning (core/variant/variant_utility.cpp:1033)
WARNING: [world_v2] modèle végétal introuvable : Rock_Medium_1
     at: push_warning (core/variant/variant_utility.cpp:1033)
WARNING: [world_v2] modèle végétal introuvable : TwistedTree_1
     at: push_warning (core/variant/variant_utility.cpp:1033)
WARNING: [world_v2] modèle végétal introuvable : Pebble_Round_4
     at: push_warning (core/variant/variant_utility.cpp:1033)
WARNING: [world_v2] modèle végétal introuvable : Rock_Medium_2
     at: push_warning (core/variant/variant_utility.cpp:1033)
WARNING: [world_v2] modèle végétal introuvable : Pebble_Round_2
     at: push_warning (core/variant/variant_utility.cpp:1033)
WARNING: [world_v2] modèle végétal introuvable : Rock_Medium_1
     at: push_warning (core/variant/variant_utility.cpp:1033)
WARNING: [world_v2] modèle végétal introuvable : Pebble_Square_1
     at: push_warning (core/variant/variant_utility.cpp:1033)
WARNING: [world_v2] modèle végétal introuvable : Rock_Medium_3
     at: push_warning (core/variant/variant_utility.cpp:1033)
WARNING: [world_v2] modèle végétal introuvable : Rock_Medium_1
     at: push_warning (core/variant/variant_utility.cpp:1033)
WARNING: [world_v2] modèle végétal introuvable : Rock_Medium_2
     at: push_warning (core/variant/variant_utility.cpp:1033)
WARNING: [world_v2] modèle végétal introuvable : Pebble_Round_4
     at: push_warning (core/variant/variant_utility.cpp:1033)
WARNING: [world_v2] modèle végétal introuvable : Rock_Medium_3
     at: push_warning (core/variant/variant_utility.cpp:1033)
WARNING: [world_v2] modèle végétal introuvable : Pebble_Round_2
     at: push_warning (core/variant/variant_utility.cpp:1033)
WARNING: [world_v2] modèle végétal introuvable : Pebble_Square_1
     at: push_warning (core/variant/variant_utility.cpp:1033)
WARNING: [world_v2] modèle végétal introuvable : Flower_4_Group
     at: push_warning (core/variant/variant_utility.cpp:1033)
WARNING: [world_v2] modèle végétal introuvable : CommonTree_2
     at: push_warning (core/variant/variant_utility.cpp:1033)
WARNING: [world_v2] modèle végétal introuvable : Pebble_Round_2
     at: push_warning (core/variant/variant_utility.cpp:1033)
WARNING: [world_v2] modèle végétal introuvable : Pebble_Square_1
     at: push_warning (core/variant/variant_utility.cpp:1033)
WARNING: [world_v2] modèle végétal introuvable : Rock_Medium_2
     at: push_warning (core/variant/variant_utility.cpp:1033)
WARNING: [world_v2] modèle végétal introuvable : Flower_4_Group
     at: push_warning (core/variant/variant_utility.cpp:1033)
WARNING: [world_v2] modèle végétal introuvable : Pebble_Round_2
     at: push_warning (core/variant/variant_utility.cpp:1033)
WARNING: [world_v2] modèle végétal introuvable : Pebble_Round_4
     at: push_warning (core/variant/variant_utility.cpp:1033)
WARNING: [world_v2] modèle végétal introuvable : Rock_Medium_2
     at: push_warning (core/variant/variant_utility.cpp:1033)
WARNING: [world_v2] modèle végétal introuvable : Flower_4_Group
     at: push_warning (core/variant/variant_utility.cpp:1033)
WARNING: [world_v2] modèle végétal introuvable : CommonTree_4
     at: push_warning (core/variant/variant_utility.cpp:1033)
WARNING: [world_v2] modèle végétal introuvable : TwistedTree_1
     at: push_warning (core/variant/variant_utility.cpp:1033)
WARNING: [world_v2] modèle végétal introuvable : CommonTree_2
     at: push_warning (core/variant/variant_utility.cpp:1033)
WARNING: [world_v2] modèle végétal introuvable : Pebble_Round_4
     at: push_warning (core/variant/variant_utility.cpp:1033)
WARNING: [world_v2] modèle végétal introuvable : Rock_Medium_3
     at: push_warning (core/variant/variant_utility.cpp:1033)
WARNING: [world_v2] modèle végétal introuvable : Pebble_Square_1
     at: push_warning (core/variant/variant_utility.cpp:1033)
WARNING: [world_v2] modèle végétal introuvable : Pebble_Round_2
     at: push_warning (core/variant/variant_utility.cpp:1033)
WARNING: [world_v2] modèle végétal introuvable : Flower_3_Group
     at: push_warning (core/variant/variant_utility.cpp:1033)
WARNING: [world_v2] modèle végétal introuvable : TwistedTree_1
     at: push_warning (core/variant/variant_utility.cpp:1033)
WARNING: [world_v2] modèle végétal introuvable : CommonTree_2
     at: push_warning (core/variant/variant_utility.cpp:1033)
WARNING: [world_v2] modèle végétal introuvable : CommonTree_4
     at: push_warning (core/variant/variant_utility.cpp:1033)
WARNING: [world_v2] modèle végétal introuvable : Rock_Medium_1
     at: push_warning (core/variant/variant_utility.cpp:1033)
WARNING: [world_v2] modèle végétal introuvable : Pebble_Square_1
     at: push_warning (core/variant/variant_utility.cpp:1033)
WARNING: [world_v2] modèle végétal introuvable : Rock_Medium_3
     at: push_warning (core/variant/variant_utility.cpp:1033)
WARNING: [world_v2] modèle végétal introuvable : Pebble_Round_2
     at: push_warning (core/variant/variant_utility.cpp:1033)
WARNING: [world_v2] modèle végétal introuvable : Pebble_Round_4
     at: push_warning (core/variant/variant_utility.cpp:1033)
WARNING: [world_v2] modèle végétal introuvable : CommonTree_4
     at: push_warning (core/variant/variant_utility.cpp:1033)
WARNING: [world_v2] modèle végétal introuvable : Rock_Medium_2
     at: push_warning (core/variant/variant_utility.cpp:1033)
WARNING: [world_v2] modèle végétal introuvable : Pebble_Square_1
     at: push_warning (core/variant/variant_utility.cpp:1033)
WARNING: [world_v2] modèle végétal introuvable : Pebble_Round_4
     at: push_warning (core/variant/variant_utility.cpp:1033)
WARNING: [world_v2] modèle végétal introuvable : Rock_Medium_3
     at: push_warning (core/variant/variant_utility.cpp:1033)
WARNING: [world_v2] modèle végétal introuvable : Pebble_Round_2
     at: push_warning (core/variant/variant_utility.cpp:1033)
WARNING: [world_v2] modèle végétal introuvable : Flower_4_Group
     at: push_warning (core/variant/variant_utility.cpp:1033)
WARNING: [world_v2] modèle végétal introuvable : Pine_4
     at: push_warning (core/variant/variant_utility.cpp:1033)
WARNING: [world_v2] modèle végétal introuvable : Pebble_Square_1
     at: push_warning (core/variant/variant_utility.cpp:1033)
WARNING: [world_v2] modèle végétal introuvable : Rock_Medium_1
     at: push_warning (core/variant/variant_utility.cpp:1033)
WARNING: [world_v2] modèle végétal introuvable : Pebble_Round_2
     at: push_warning (core/variant/variant_utility.cpp:1033)
WARNING: [world_v2] modèle végétal introuvable : Flower_4_Group
     at: push_warning (core/variant/variant_utility.cpp:1033)
WARNING: [world_v2] modèle végétal introuvable : CommonTree_2
     at: push_warning (core/variant/variant_utility.cpp:1033)
WARNING: [world_v2] modèle végétal introuvable : Pebble_Square_1
     at: push_warning (core/variant/variant_utility.cpp:1033)
WARNING: [world_v2] modèle végétal introuvable : Rock_Medium_1
     at: push_warning (core/variant/variant_utility.cpp:1033)
WARNING: [world_v2] modèle végétal introuvable : Pebble_Round_2
     at: push_warning (core/variant/variant_utility.cpp:1033)
WARNING: [world_v2] modèle végétal introuvable : Flower_4_Group
     at: push_warning (core/variant/variant_utility.cpp:1033)
WARNING: [world_v2] modèle végétal introuvable : CommonTree_4
     at: push_warning (core/variant/variant_utility.cpp:1033)
WARNING: [world_v2] modèle végétal introuvable : Pebble_Round_4
     at: push_warning (core/variant/variant_utility.cpp:1033)
WARNING: [world_v2] modèle végétal introuvable : Pebble_Round_2
     at: push_warning (core/variant/variant_utility.cpp:1033)
WARNING: [world_v2] modèle végétal introuvable : Pebble_Square_1
     at: push_warning (core/variant/variant_utility.cpp:1033)
WARNING: [world_v2] modèle végétal introuvable : Rock_Medium_1
     at: push_warning (core/variant/variant_utility.cpp:1033)
WARNING: [world_v2] modèle végétal introuvable : Pebble_Round_2
     at: push_warning (core/variant/variant_utility.cpp:1033)
WARNING: [world_v2] modèle végétal introuvable : Pebble_Square_1
     at: push_warning (core/variant/variant_utility.cpp:1033)
WARNING: [world_v2] modèle végétal introuvable : Pebble_Round_4
     at: push_warning (core/variant/variant_utility.cpp:1033)
WARNING: [world_v2] modèle végétal introuvable : TwistedTree_1
     at: push_warning (core/variant/variant_utility.cpp:1033)
WARNING: [world_v2] modèle végétal introuvable : Rock_Medium_3
     at: push_warning (core/variant/variant_utility.cpp:1033)
WARNING: [world_v2] modèle végétal introuvable : Pebble_Round_4
     at: push_warning (core/variant/variant_utility.cpp:1033)
WARNING: [world_v2] modèle végétal introuvable : Rock_Medium_2
     at: push_warning (core/variant/variant_utility.cpp:1033)
WARNING: [world_v2] modèle végétal introuvable : Pebble_Square_1
     at: push_warning (core/variant/variant_utility.cpp:1033)
WARNING: [world_v2] modèle végétal introuvable : Rock_Medium_1
     at: push_warning (core/variant/variant_utility.cpp:1033)
WARNING: [world_v2] modèle végétal introuvable : TwistedTree_2
     at: push_warning (core/variant/variant_utility.cpp:1033)
WARNING: [world_v2] modèle végétal introuvable : Pebble_Square_1
     at: push_warning (core/variant/variant_utility.cpp:1033)
WARNING: [world_v2] modèle végétal introuvable : Rock_Medium_3
     at: push_warning (core/variant/variant_utility.cpp:1033)
WARNING: [world_v2] modèle végétal introuvable : Pebble_Round_2
     at: push_warning (core/variant/variant_utility.cpp:1033)
WARNING: [world_v2] modèle végétal introuvable : Pebble_Round_4
     at: push_warning (core/variant/variant_utility.cpp:1033)
WARNING: [world_v2] modèle végétal introuvable : Rock_Medium_1
     at: push_warning (core/variant/variant_utility.cpp:1033)
WARNING: [world_v2] modèle végétal introuvable : TwistedTree_2
     at: push_warning (core/variant/variant_utility.cpp:1033)
WARNING: [world_v2] modèle végétal introuvable : TwistedTree_1
     at: push_warning (core/variant/variant_utility.cpp:1033)
WARNING: [world_v2] modèle végétal introuvable : Rock_Medium_3
     at: push_warning (core/variant/variant_utility.cpp:1033)
WARNING: [world_v2] modèle végétal introuvable : Rock_Medium_1
     at: push_warning (core/variant/variant_utility.cpp:1033)
WARNING: [world_v2] modèle végétal introuvable : Pebble_Square_1
     at: push_warning (core/variant/variant_utility.cpp:1033)
WARNING: [world_v2] modèle végétal introuvable : Pebble_Round_2
     at: push_warning (core/variant/variant_utility.cpp:1033)
WARNING: [world_v2] modèle végétal introuvable : Pebble_Round_4
     at: push_warning (core/variant/variant_utility.cpp:1033)
WARNING: [world_v2] modèle végétal introuvable : Rock_Medium_2
     at: push_warning (core/variant/variant_utility.cpp:1033)
WARNING: [world_v2] modèle végétal introuvable : Pebble_Round_4
     at: push_warning (core/variant/variant_utility.cpp:1033)
WARNING: [world_v2] modèle végétal introuvable : Pebble_Square_1
     at: push_warning (core/variant/variant_utility.cpp:1033)
WARNING: [world_v2] modèle végétal introuvable : Pebble_Round_2
     at: push_warning (core/variant/variant_utility.cpp:1033)
WARNING: [world_v2] modèle végétal introuvable : Rock_Medium_3
     at: push_warning (core/variant/variant_utility.cpp:1033)
WARNING: [world_v2] modèle végétal introuvable : Flower_4_Group
     at: push_warning (core/variant/variant_utility.cpp:1033)
WARNING: [world_v2] modèle végétal introuvable : CommonTree_2
     at: push_warning (core/variant/variant_utility.cpp:1033)
WARNING: [world_v2] modèle végétal introuvable : CommonTree_4
     at: push_warning (core/variant/variant_utility.cpp:1033)
WARNING: [world_v2] modèle végétal introuvable : Rock_Medium_1
     at: push_warning (core/variant/variant_utility.cpp:1033)
WARNING: [world_v2] modèle végétal introuvable : Rock_Medium_2
     at: push_warning (core/variant/variant_utility.cpp:1033)
WARNING: [world_v2] modèle végétal introuvable : Pebble_Round_2
     at: push_warning (core/variant/variant_utility.cpp:1033)
WARNING: [world_v2] modèle végétal introuvable : Pebble_Round_4
     at: push_warning (core/variant/variant_utility.cpp:1033)
WARNING: [world_v2] modèle végétal introuvable : Pebble_Square_1
     at: push_warning (core/variant/variant_utility.cpp:1033)
WARNING: [world_v2] modèle végétal introuvable : Flower_4_Group
     at: push_warning (core/variant/variant_utility.cpp:1033)
WARNING: [world_v2] modèle végétal introuvable : CommonTree_4
     at: push_warning (core/variant/variant_utility.cpp:1033)
WARNING: [world_v2] modèle végétal introuvable : CommonTree_2
     at: push_warning (core/variant/variant_utility.cpp:1033)
WARNING: [world_v2] modèle végétal introuvable : Pebble_Round_2
     at: push_warning (core/variant/variant_utility.cpp:1033)
WARNING: [world_v2] modèle végétal introuvable : Pebble_Round_4
     at: push_warning (core/variant/variant_utility.cpp:1033)
WARNING: [world_v2] modèle végétal introuvable : Rock_Medium_1
     at: push_warning (core/variant/variant_utility.cpp:1033)
WARNING: [world_v2] modèle végétal introuvable : Pebble_Square_1
     at: push_warning (core/variant/variant_utility.cpp:1033)
WARNING: [world_v2] modèle végétal introuvable : Rock_Medium_3
     at: push_warning (core/variant/variant_utility.cpp:1033)
WARNING: [world_v2] modèle végétal introuvable : Flower_4_Group
     at: push_warning (core/variant/variant_utility.cpp:1033)
WARNING: [world_v2] modèle végétal introuvable : CommonTree_2
     at: push_warning (core/variant/variant_utility.cpp:1033)
WARNING: [world_v2] modèle végétal introuvable : Rock_Medium_2
     at: push_warning (core/variant/variant_utility.cpp:1033)
WARNING: [world_v2] modèle végétal introuvable : Rock_Medium_3
     at: push_warning (core/variant/variant_utility.cpp:1033)
WARNING: [world_v2] modèle végétal introuvable : Pebble_Round_2
     at: push_warning (core/variant/variant_utility.cpp:1033)
WARNING: [world_v2] modèle végétal introuvable : Pebble_Round_4
     at: push_warning (core/variant/variant_utility.cpp:1033)
WARNING: [world_v2] modèle végétal introuvable : Flower_4_Group
     at: push_warning (core/variant/variant_utility.cpp:1033)
WARNING: [world_v2] modèle végétal introuvable : CommonTree_2
     at: push_warning (core/variant/variant_utility.cpp:1033)
WARNING: [world_v2] modèle végétal introuvable : CommonTree_4
     at: push_warning (core/variant/variant_utility.cpp:1033)
WARNING: [world_v2] modèle végétal introuvable : Pebble_Round_2
     at: push_warning (core/variant/variant_utility.cpp:1033)
WARNING: [world_v2] modèle végétal introuvable : Pebble_Square_1
     at: push_warning (core/variant/variant_utility.cpp:1033)
WARNING: [world_v2] modèle végétal introuvable : Rock_Medium_1
     at: push_warning (core/variant/variant_utility.cpp:1033)
WARNING: [world_v2] modèle végétal introuvable : Pebble_Round_4
     at: push_warning (core/variant/variant_utility.cpp:1033)
WARNING: [world_v2] modèle végétal introuvable : Flower_4_Group
     at: push_warning (core/variant/variant_utility.cpp:1033)
WARNING: [world_v2] modèle végétal introuvable : CommonTree_4
     at: push_warning (core/variant/variant_utility.cpp:1033)
WARNING: [world_v2] modèle végétal introuvable : CommonTree_2
     at: push_warning (core/variant/variant_utility.cpp:1033)
WARNING: [world_v2] modèle végétal introuvable : Pebble_Round_2
     at: push_warning (core/variant/variant_utility.cpp:1033)
WARNING: [world_v2] modèle végétal introuvable : Pebble_Round_4
     at: push_warning (core/variant/variant_utility.cpp:1033)
WARNING: [world_v2] modèle végétal introuvable : Flower_4_Group
     at: push_warning (core/variant/variant_utility.cpp:1033)
WARNING: [world_v2] modèle végétal introuvable : CommonTree_4
     at: push_warning (core/variant/variant_utility.cpp:1033)
WARNING: [world_v2] modèle végétal introuvable : Rock_Medium_2
     at: push_warning (core/variant/variant_utility.cpp:1033)
WARNING: [world_v2] modèle végétal introuvable : Rock_Medium_3
     at: push_warning (core/variant/variant_utility.cpp:1033)
WARNING: [world_v2] modèle végétal introuvable : Pebble_Round_4
     at: push_warning (core/variant/variant_utility.cpp:1033)
WARNING: [world_v2] modèle végétal introuvable : Pebble_Round_2
     at: push_warning (core/variant/variant_utility.cpp:1033)
WARNING: [world_v2] modèle végétal introuvable : Flower_4_Group
     at: push_warning (core/variant/variant_utility.cpp:1033)
WARNING: [world_v2] modèle végétal introuvable : CommonTree_4
     at: push_warning (core/variant/variant_utility.cpp:1033)
WARNING: [world_v2] modèle végétal introuvable : CommonTree_2
     at: push_warning (core/variant/variant_utility.cpp:1033)
WARNING: [world_v2] modèle végétal introuvable : Pebble_Square_1
     at: push_warning (core/variant/variant_utility.cpp:1033)
WARNING: [world_v2] modèle végétal introuvable : Pebble_Round_2
     at: push_warning (core/variant/variant_utility.cpp:1033)
WARNING: [world_v2] modèle végétal introuvable : Rock_Medium_3
     at: push_warning (core/variant/variant_utility.cpp:1033)
WARNING: [world_v2] modèle végétal introuvable : Pebble_Round_4
     at: push_warning (core/variant/variant_utility.cpp:1033)
WARNING: [world_v2] modèle végétal introuvable : Flower_4_Group
     at: push_warning (core/variant/variant_utility.cpp:1033)
WARNING: [world_v2] modèle végétal introuvable : CommonTree_4
     at: push_warning (core/variant/variant_utility.cpp:1033)
WARNING: [world_v2] modèle végétal introuvable : CommonTree_2
     at: push_warning (core/variant/variant_utility.cpp:1033)
WARNING: [world_v2] modèle végétal introuvable : Pebble_Square_1
     at: push_warning (core/variant/variant_utility.cpp:1033)
WARNING: [world_v2] modèle végétal introuvable : Pebble_Round_4
     at: push_warning (core/variant/variant_utility.cpp:1033)
WARNING: [world_v2] modèle végétal introuvable : Pebble_Round_2
     at: push_warning (core/variant/variant_utility.cpp:1033)
WARNING: [world_v2] modèle végétal introuvable : Rock_Medium_3
     at: push_warning (core/variant/variant_utility.cpp:1033)
WARNING: [world_v2] modèle végétal introuvable : Pebble_Round_2
     at: push_warning (core/variant/variant_utility.cpp:1033)
WARNING: [world_v2] modèle végétal introuvable : Rock_Medium_1
     at: push_warning (core/variant/variant_utility.cpp:1033)
WARNING: [world_v2] modèle végétal introuvable : Rock_Medium_2
     at: push_warning (core/variant/variant_utility.cpp:1033)
WARNING: [world_v2] modèle végétal introuvable : Pebble_Square_1
     at: push_warning (core/variant/variant_utility.cpp:1033)
WARNING: [world_v2] modèle végétal introuvable : Pebble_Round_4
     at: push_warning (core/variant/variant_utility.cpp:1033)
WARNING: [world_v2] modèle végétal introuvable : Pebble_Round_2
     at: push_warning (core/variant/variant_utility.cpp:1033)
WARNING: [world_v2] modèle végétal introuvable : Rock_Medium_3
     at: push_warning (core/variant/variant_utility.cpp:1033)
WARNING: [world_v2] modèle végétal introuvable : Pebble_Round_4
     at: push_warning (core/variant/variant_utility.cpp:1033)
WARNING: [world_v2] modèle végétal introuvable : Rock_Medium_2
     at: push_warning (core/variant/variant_utility.cpp:1033)
WARNING: [world_v2] modèle végétal introuvable : Pebble_Round_2
     at: push_warning (core/variant/variant_utility.cpp:1033)
WARNING: [world_v2] modèle végétal introuvable : Pebble_Round_4
     at: push_warning (core/variant/variant_utility.cpp:1033)
WARNING: [world_v2] modèle végétal introuvable : Rock_Medium_3
     at: push_warning (core/variant/variant_utility.cpp:1033)
WARNING: [world_v2] modèle végétal introuvable : Pebble_Square_1
     at: push_warning (core/variant/variant_utility.cpp:1033)
WARNING: [world_v2] modèle végétal introuvable : TwistedTree_2
     at: push_warning (core/variant/variant_utility.cpp:1033)
WARNING: [world_v2] modèle végétal introuvable : Pebble_Round_4
     at: push_warning (core/variant/variant_utility.cpp:1033)
WARNING: [world_v2] modèle végétal introuvable : Rock_Medium_2
     at: push_warning (core/variant/variant_utility.cpp:1033)
WARNING: [world_v2] modèle végétal introuvable : Rock_Medium_3
     at: push_warning (core/variant/variant_utility.cpp:1033)
WARNING: [world_v2] modèle végétal introuvable : Pebble_Square_1
     at: push_warning (core/variant/variant_utility.cpp:1033)
WARNING: [world_v2] modèle végétal introuvable : Pebble_Round_2
     at: push_warning (core/variant/variant_utility.cpp:1033)
WARNING: [world_v2] modèle végétal introuvable : Rock_Medium_1
     at: push_warning (core/variant/variant_utility.cpp:1033)
WARNING: [world_v2] modèle végétal introuvable : Rock_Medium_3
     at: push_warning (core/variant/variant_utility.cpp:1033)
WARNING: [world_v2] modèle végétal introuvable : Pebble_Round_2
     at: push_warning (core/variant/variant_utility.cpp:1033)
WARNING: [world_v2] modèle végétal introuvable : Pebble_Square_1
     at: push_warning (core/variant/variant_utility.cpp:1033)
WARNING: [world_v2] modèle végétal introuvable : Pebble_Round_4
     at: push_warning (core/variant/variant_utility.cpp:1033)
WARNING: [world_v2] modèle végétal introuvable : Pebble_Round_2
     at: push_warning (core/variant/variant_utility.cpp:1033)
WARNING: [world_v2] modèle végétal introuvable : Pebble_Square_1
     at: push_warning (core/variant/variant_utility.cpp:1033)
WARNING: [world_v2] modèle végétal introuvable : Rock_Medium_3
     at: push_warning (core/variant/variant_utility.cpp:1033)
WARNING: [world_v2] modèle végétal introuvable : Rock_Medium_1
     at: push_warning (core/variant/variant_utility.cpp:1033)
WARNING: [world_v2] modèle végétal introuvable : Rock_Medium_1
     at: push_warning (core/variant/variant_utility.cpp:1033)
WARNING: [world_v2] modèle végétal introuvable : Pebble_Round_4
     at: push_warning (core/variant/variant_utility.cpp:1033)
WARNING: [world_v2] modèle végétal introuvable : Pebble_Square_1
     at: push_warning (core/variant/variant_utility.cpp:1033)
WARNING: [world_v2] modèle végétal introuvable : Rock_Medium_3
     at: push_warning (core/variant/variant_utility.cpp:1033)
WARNING: [world_v2] modèle végétal introuvable : Pebble_Round_4
     at: push_warning (core/variant/variant_utility.cpp:1033)
WARNING: [world_v2] modèle végétal introuvable : Rock_Medium_2
     at: push_warning (core/variant/variant_utility.cpp:1033)
WARNING: [world_v2] modèle végétal introuvable : Pebble_Round_2
     at: push_warning (core/variant/variant_utility.cpp:1033)
WARNING: [world_v2] modèle végétal introuvable : Rock_Medium_3
     at: push_warning (core/variant/variant_utility.cpp:1033)
WARNING: [world_v2] modèle végétal introuvable : Pebble_Square_1
     at: push_warning (core/variant/variant_utility.cpp:1033)
WARNING: [world_v2] modèle végétal introuvable : Pebble_Round_2
     at: push_warning (core/variant/variant_utility.cpp:1033)
WARNING: [world_v2] modèle végétal introuvable : Flower_4_Group
     at: push_warning (core/variant/variant_utility.cpp:1033)
WARNING: [world_v2] modèle végétal introuvable : CommonTree_1
     at: push_warning (core/variant/variant_utility.cpp:1033)
WARNING: [world_v2] modèle végétal introuvable : Rock_Medium_1
     at: push_warning (core/variant/variant_utility.cpp:1033)
WARNING: [world_v2] modèle végétal introuvable : Pebble_Round_4
     at: push_warning (core/variant/variant_utility.cpp:1033)
WARNING: [world_v2] modèle végétal introuvable : Flower_4_Group
     at: push_warning (core/variant/variant_utility.cpp:1033)
WARNING: [world_v2] modèle végétal introuvable : Rock_Medium_3
     at: push_warning (core/variant/variant_utility.cpp:1033)
WARNING: [world_v2] modèle végétal introuvable : Rock_Medium_2
     at: push_warning (core/variant/variant_utility.cpp:1033)
WARNING: [world_v2] modèle végétal introuvable : Pebble_Round_4
     at: push_warning (core/variant/variant_utility.cpp:1033)
WARNING: [world_v2] modèle végétal introuvable : Pebble_Round_2
     at: push_warning (core/variant/variant_utility.cpp:1033)
WARNING: [world_v2] modèle végétal introuvable : Pebble_Square_1
     at: push_warning (core/variant/variant_utility.cpp:1033)
WARNING: [world_v2] modèle végétal introuvable : Flower_4_Group
     at: push_warning (core/variant/variant_utility.cpp:1033)
WARNING: [world_v2] modèle végétal introuvable : Pine_3
     at: push_warning (core/variant/variant_utility.cpp:1033)
WARNING: [world_v2] modèle végétal introuvable : Pine_1
     at: push_warning (core/variant/variant_utility.cpp:1033)
WARNING: [world_v2] modèle végétal introuvable : CommonTree_4
     at: push_warning (core/variant/variant_utility.cpp:1033)
WARNING: [world_v2] modèle végétal introuvable : Pebble_Round_4
     at: push_warning (core/variant/variant_utility.cpp:1033)
WARNING: [world_v2] modèle végétal introuvable : Pebble_Square_1
     at: push_warning (core/variant/variant_utility.cpp:1033)
WARNING: [world_v2] modèle végétal introuvable : Rock_Medium_3
     at: push_warning (core/variant/variant_utility.cpp:1033)
WARNING: [world_v2] modèle végétal introuvable : Flower_4_Group
     at: push_warning (core/variant/variant_utility.cpp:1033)
WARNING: [world_v2] modèle végétal introuvable : Pine_1
     at: push_warning (core/variant/variant_utility.cpp:1033)
WARNING: [world_v2] modèle végétal introuvable : Pine_3
     at: push_warning (core/variant/variant_utility.cpp:1033)
WARNING: [world_v2] modèle végétal introuvable : CommonTree_2
     at: push_warning (core/variant/variant_utility.cpp:1033)
WARNING: [world_v2] modèle végétal introuvable : CommonTree_4
     at: push_warning (core/variant/variant_utility.cpp:1033)
WARNING: [world_v2] modèle végétal introuvable : Pebble_Square_1
     at: push_warning (core/variant/variant_utility.cpp:1033)
WARNING: [world_v2] modèle végétal introuvable : Pebble_Round_2
     at: push_warning (core/variant/variant_utility.cpp:1033)
WARNING: [world_v2] modèle végétal introuvable : Rock_Medium_3
     at: push_warning (core/variant/variant_utility.cpp:1033)
WARNING: [world_v2] modèle végétal introuvable : Pine_3
     at: push_warning (core/variant/variant_utility.cpp:1033)
WARNING: [world_v2] modèle végétal introuvable : CommonTree_4
     at: push_warning (core/variant/variant_utility.cpp:1033)
WARNING: [world_v2] modèle végétal introuvable : CommonTree_1
     at: push_warning (core/variant/variant_utility.cpp:1033)
WARNING: [world_v2] modèle végétal introuvable : Rock_Medium_1
     at: push_warning (core/variant/variant_utility.cpp:1033)
WARNING: [world_v2] modèle végétal introuvable : Pebble_Square_1
     at: push_warning (core/variant/variant_utility.cpp:1033)
WARNING: [world_v2] modèle végétal introuvable : Rock_Medium_3
     at: push_warning (core/variant/variant_utility.cpp:1033)
WARNING: [world_v2] modèle végétal introuvable : Rock_Medium_2
     at: push_warning (core/variant/variant_utility.cpp:1033)
WARNING: [world_v2] modèle végétal introuvable : CommonTree_2
     at: push_warning (core/variant/variant_utility.cpp:1033)
WARNING: [world_v2] modèle végétal introuvable : Rock_Medium_1
     at: push_warning (core/variant/variant_utility.cpp:1033)
WARNING: [world_v2] modèle végétal introuvable : Pebble_Square_1
     at: push_warning (core/variant/variant_utility.cpp:1033)
WARNING: [world_v2] modèle végétal introuvable : Pebble_Round_2
     at: push_warning (core/variant/variant_utility.cpp:1033)
WARNING: [world_v2] modèle végétal introuvable : TwistedTree_1
     at: push_warning (core/variant/variant_utility.cpp:1033)
WARNING: [world_v2] modèle végétal introuvable : TwistedTree_2
     at: push_warning (core/variant/variant_utility.cpp:1033)
WARNING: [world_v2] modèle végétal introuvable : Rock_Medium_3
     at: push_warning (core/variant/variant_utility.cpp:1033)
WARNING: [world_v2] modèle végétal introuvable : Pebble_Round_2
     at: push_warning (core/variant/variant_utility.cpp:1033)
WARNING: [world_v2] modèle végétal introuvable : Rock_Medium_2
     at: push_warning (core/variant/variant_utility.cpp:1033)
WARNING: [world_v2] modèle végétal introuvable : Rock_Medium_1
     at: push_warning (core/variant/variant_utility.cpp:1033)
WARNING: [world_v2] modèle végétal introuvable : Pebble_Square_1
     at: push_warning (core/variant/variant_utility.cpp:1033)
WARNING: [world_v2] modèle végétal introuvable : Pebble_Round_2
     at: push_warning (core/variant/variant_utility.cpp:1033)
WARNING: [world_v2] modèle végétal introuvable : Pebble_Round_4
     at: push_warning (core/variant/variant_utility.cpp:1033)
WARNING: [world_v2] modèle végétal introuvable : Pebble_Square_1
     at: push_warning (core/variant/variant_utility.cpp:1033)
WARNING: [world_v2] modèle végétal introuvable : Rock_Medium_1
     at: push_warning (core/variant/variant_utility.cpp:1033)
WARNING: [world_v2] modèle végétal introuvable : Pebble_Round_4
     at: push_warning (core/variant/variant_utility.cpp:1033)
WARNING: [world_v2] modèle végétal introuvable : Rock_Medium_2
     at: push_warning (core/variant/variant_utility.cpp:1033)
WARNING: [world_v2] modèle végétal introuvable : Rock_Medium_1
     at: push_warning (core/variant/variant_utility.cpp:1033)
WARNING: [world_v2] modèle végétal introuvable : Pebble_Round_2
     at: push_warning (core/variant/variant_utility.cpp:1033)
WARNING: [world_v2] modèle végétal introuvable : Pebble_Round_4
     at: push_warning (core/variant/variant_utility.cpp:1033)
WARNING: [world_v2] modèle végétal introuvable : Rock_Medium_1
     at: push_warning (core/variant/variant_utility.cpp:1033)
WARNING: [world_v2] modèle végétal introuvable : Rock_Medium_2
     at: push_warning (core/variant/variant_utility.cpp:1033)
WARNING: [world_v2] modèle végétal introuvable : Pebble_Round_2
     at: push_warning (core/variant/variant_utility.cpp:1033)
WARNING: [world_v2] modèle végétal introuvable : Pebble_Square_1
     at: push_warning (core/variant/variant_utility.cpp:1033)
WARNING: [world_v2] modèle végétal introuvable : Pebble_Round_4
     at: push_warning (core/variant/variant_utility.cpp:1033)
WARNING: [world_v2] modèle végétal introuvable : Flower_3_Group
     at: push_warning (core/variant/variant_utility.cpp:1033)
WARNING: [world_v2] modèle végétal introuvable : Flower_4_Group
     at: push_warning (core/variant/variant_utility.cpp:1033)
WARNING: [world_v2] modèle végétal introuvable : CommonTree_1
     at: push_warning (core/variant/variant_utility.cpp:1033)
WARNING: [world_v2] modèle végétal introuvable : CommonTree_3
     at: push_warning (core/variant/variant_utility.cpp:1033)
WARNING: [world_v2] modèle végétal introuvable : Pebble_Round_2
     at: push_warning (core/variant/variant_utility.cpp:1033)
WARNING: [world_v2] modèle végétal introuvable : Rock_Medium_1
     at: push_warning (core/variant/variant_utility.cpp:1033)
WARNING: [world_v2] modèle végétal introuvable : Pebble_Round_4
     at: push_warning (core/variant/variant_utility.cpp:1033)
WARNING: [world_v2] modèle végétal introuvable : Flower_4_Group
     at: push_warning (core/variant/variant_utility.cpp:1033)
WARNING: [world_v2] modèle végétal introuvable : Flower_3_Group
     at: push_warning (core/variant/variant_utility.cpp:1033)
WARNING: [world_v2] modèle végétal introuvable : CommonTree_5
     at: push_warning (core/variant/variant_utility.cpp:1033)
WARNING: [world_v2] modèle végétal introuvable : Pebble_Round_4
     at: push_warning (core/variant/variant_utility.cpp:1033)
WARNING: [world_v2] modèle végétal introuvable : Flower_4_Group
     at: push_warning (core/variant/variant_utility.cpp:1033)
WARNING: [world_v2] modèle végétal introuvable : CommonTree_1
     at: push_warning (core/variant/variant_utility.cpp:1033)
WARNING: [world_v2] modèle végétal introuvable : Rock_Medium_1
     at: push_warning (core/variant/variant_utility.cpp:1033)
WARNING: [world_v2] modèle végétal introuvable : Flower_4_Group
     at: push_warning (core/variant/variant_utility.cpp:1033)
WARNING: [world_v2] modèle végétal introuvable : Flower_4_Group
     at: push_warning (core/variant/variant_utility.cpp:1033)
WARNING: [world_v2] modèle végétal introuvable : Flower_3_Group
     at: push_warning (core/variant/variant_utility.cpp:1033)
WARNING: [world_v2] modèle végétal introuvable : CommonTree_1
     at: push_warning (core/variant/variant_utility.cpp:1033)
WARNING: [world_v2] modèle végétal introuvable : Pebble_Square_1
     at: push_warning (core/variant/variant_utility.cpp:1033)
WARNING: [world_v2] modèle végétal introuvable : Pine_3
     at: push_warning (core/variant/variant_utility.cpp:1033)
WARNING: [world_v2] modèle végétal introuvable : CommonTree_4
     at: push_warning (core/variant/variant_utility.cpp:1033)
WARNING: [world_v2] modèle végétal introuvable : Pine_1
     at: push_warning (core/variant/variant_utility.cpp:1033)
WARNING: [world_v2] modèle végétal introuvable : CommonTree_2
     at: push_warning (core/variant/variant_utility.cpp:1033)
WARNING: [world_v2] modèle végétal introuvable : CommonTree_1
     at: push_warning (core/variant/variant_utility.cpp:1033)
WARNING: [world_v2] modèle végétal introuvable : Pebble_Round_2
     at: push_warning (core/variant/variant_utility.cpp:1033)
WARNING: [world_v2] modèle végétal introuvable : Pebble_Square_1
     at: push_warning (core/variant/variant_utility.cpp:1033)
WARNING: [world_v2] modèle végétal introuvable : Flower_4_Group
     at: push_warning (core/variant/variant_utility.cpp:1033)
WARNING: [world_v2] modèle végétal introuvable : CommonTree_4
     at: push_warning (core/variant/variant_utility.cpp:1033)
WARNING: [world_v2] modèle végétal introuvable : Pine_3
     at: push_warning (core/variant/variant_utility.cpp:1033)
WARNING: [world_v2] modèle végétal introuvable : CommonTree_2
     at: push_warning (core/variant/variant_utility.cpp:1033)
WARNING: [world_v2] modèle végétal introuvable : CommonTree_1
     at: push_warning (core/variant/variant_utility.cpp:1033)
WARNING: [world_v2] modèle végétal introuvable : Pebble_Round_2
     at: push_warning (core/variant/variant_utility.cpp:1033)
WARNING: [world_v2] modèle végétal introuvable : Pebble_Round_4
     at: push_warning (core/variant/variant_utility.cpp:1033)
WARNING: [world_v2] modèle végétal introuvable : Pebble_Square_1
     at: push_warning (core/variant/variant_utility.cpp:1033)
WARNING: [world_v2] modèle végétal introuvable : Flower_4_Group
     at: push_warning (core/variant/variant_utility.cpp:1033)
WARNING: [world_v2] modèle végétal introuvable : Pine_3
     at: push_warning (core/variant/variant_utility.cpp:1033)
WARNING: [world_v2] modèle végétal introuvable : Pebble_Round_2
     at: push_warning (core/variant/variant_utility.cpp:1033)
WARNING: [world_v2] modèle végétal introuvable : Pebble_Square_1
     at: push_warning (core/variant/variant_utility.cpp:1033)
WARNING: [world_v2] modèle végétal introuvable : Flower_4_Group
     at: push_warning (core/variant/variant_utility.cpp:1033)
WARNING: [world_v2] modèle végétal introuvable : CommonTree_1
     at: push_warning (core/variant/variant_utility.cpp:1033)
WARNING: [world_v2] modèle végétal introuvable : Pine_3
     at: push_warning (core/variant/variant_utility.cpp:1033)
WARNING: [world_v2] modèle végétal introuvable : Pine_1
     at: push_warning (core/variant/variant_utility.cpp:1033)
WARNING: [world_v2] modèle végétal introuvable : CommonTree_4
     at: push_warning (core/variant/variant_utility.cpp:1033)
WARNING: [world_v2] modèle végétal introuvable : Pebble_Round_2
     at: push_warning (core/variant/variant_utility.cpp:1033)
WARNING: [world_v2] modèle végétal introuvable : Pebble_Round_4
     at: push_warning (core/variant/variant_utility.cpp:1033)
WARNING: [world_v2] modèle végétal introuvable : Pebble_Square_1
     at: push_warning (core/variant/variant_utility.cpp:1033)
WARNING: [world_v2] modèle végétal introuvable : Pebble_Round_2
     at: push_warning (core/variant/variant_utility.cpp:1033)
WARNING: [world_v2] modèle végétal introuvable : Pebble_Round_4
     at: push_warning (core/variant/variant_utility.cpp:1033)
WARNING: [world_v2] modèle végétal introuvable : Rock_Medium_3
     at: push_warning (core/variant/variant_utility.cpp:1033)
WARNING: [world_v2] modèle végétal introuvable : Pebble_Square_1
     at: push_warning (core/variant/variant_utility.cpp:1033)
WARNING: [world_v2] modèle végétal introuvable : Rock_Medium_1
     at: push_warning (core/variant/variant_utility.cpp:1033)
WARNING: [world_v2] modèle végétal introuvable : Rock_Medium_2
     at: push_warning (core/variant/variant_utility.cpp:1033)
WARNING: [world_v2] modèle végétal introuvable : Pebble_Round_2
     at: push_warning (core/variant/variant_utility.cpp:1033)
WARNING: [world_v2] modèle végétal introuvable : Rock_Medium_3
     at: push_warning (core/variant/variant_utility.cpp:1033)
WARNING: [world_v2] modèle végétal introuvable : Pebble_Square_1
     at: push_warning (core/variant/variant_utility.cpp:1033)
WARNING: [world_v2] modèle végétal introuvable : Pebble_Round_2
     at: push_warning (core/variant/variant_utility.cpp:1033)
WARNING: [world_v2] modèle végétal introuvable : Rock_Medium_2
     at: push_warning (core/variant/variant_utility.cpp:1033)
WARNING: [world_v2] modèle végétal introuvable : Pebble_Round_4
     at: push_warning (core/variant/variant_utility.cpp:1033)
WARNING: [world_v2] modèle végétal introuvable : Rock_Medium_1
     at: push_warning (core/variant/variant_utility.cpp:1033)
WARNING: [world_v2] modèle végétal introuvable : Pebble_Square_1
     at: push_warning (core/variant/variant_utility.cpp:1033)
WARNING: [world_v2] modèle végétal introuvable : Flower_4_Group
     at: push_warning (core/variant/variant_utility.cpp:1033)
WARNING: [world_v2] modèle végétal introuvable : CommonTree_5
     at: push_warning (core/variant/variant_utility.cpp:1033)
WARNING: [world_v2] modèle végétal introuvable : CommonTree_3
     at: push_warning (core/variant/variant_utility.cpp:1033)
WARNING: [world_v2] modèle végétal introuvable : Pebble_Round_4
     at: push_warning (core/variant/variant_utility.cpp:1033)
WARNING: [world_v2] modèle végétal introuvable : Pebble_Square_1
     at: push_warning (core/variant/variant_utility.cpp:1033)
WARNING: [world_v2] modèle végétal introuvable : Flower_3_Group
     at: push_warning (core/variant/variant_utility.cpp:1033)
WARNING: [world_v2] modèle végétal introuvable : Flower_4_Group
     at: push_warning (core/variant/variant_utility.cpp:1033)
WARNING: [world_v2] modèle végétal introuvable : CommonTree_3
     at: push_warning (core/variant/variant_utility.cpp:1033)
WARNING: [world_v2] modèle végétal introuvable : Pebble_Round_4
     at: push_warning (core/variant/variant_utility.cpp:1033)
WARNING: [world_v2] modèle végétal introuvable : Pebble_Round_2
     at: push_warning (core/variant/variant_utility.cpp:1033)
WARNING: [world_v2] modèle végétal introuvable : Flower_4_Group
     at: push_warning (core/variant/variant_utility.cpp:1033)
WARNING: [world_v2] modèle végétal introuvable : CommonTree_5
     at: push_warning (core/variant/variant_utility.cpp:1033)
WARNING: [world_v2] modèle végétal introuvable : Rock_Medium_2
     at: push_warning (core/variant/variant_utility.cpp:1033)
WARNING: [world_v2] modèle végétal introuvable : Pebble_Round_2
     at: push_warning (core/variant/variant_utility.cpp:1033)
WARNING: [world_v2] modèle végétal introuvable : Pebble_Square_1
     at: push_warning (core/variant/variant_utility.cpp:1033)
WARNING: [world_v2] modèle végétal introuvable : Pebble_Round_2
     at: push_warning (core/variant/variant_utility.cpp:1033)
WARNING: [world_v2] modèle végétal introuvable : Pebble_Square_1
     at: push_warning (core/variant/variant_utility.cpp:1033)
WARNING: [world_v2] modèle végétal introuvable : Flower_4_Group
     at: push_warning (core/variant/variant_utility.cpp:1033)
WARNING: [world_v2] modèle végétal introuvable : CommonTree_4
     at: push_warning (core/variant/variant_utility.cpp:1033)
WARNING: [world_v2] modèle végétal introuvable : CommonTree_1
     at: push_warning (core/variant/variant_utility.cpp:1033)
WARNING: [world_v2] modèle végétal introuvable : CommonTree_2
     at: push_warning (core/variant/variant_utility.cpp:1033)
WARNING: [world_v2] modèle végétal introuvable : Rock_Medium_2
     at: push_warning (core/variant/variant_utility.cpp:1033)
WARNING: [world_v2] modèle végétal introuvable : Rock_Medium_3
     at: push_warning (core/variant/variant_utility.cpp:1033)
WARNING: [world_v2] modèle végétal introuvable : Rock_Medium_1
     at: push_warning (core/variant/variant_utility.cpp:1033)
WARNING: [world_v2] modèle végétal introuvable : Flower_4_Group
     at: push_warning (core/variant/variant_utility.cpp:1033)
WARNING: [world_v2] modèle végétal introuvable : CommonTree_4
     at: push_warning (core/variant/variant_utility.cpp:1033)
WARNING: [world_v2] modèle végétal introuvable : CommonTree_2
     at: push_warning (core/variant/variant_utility.cpp:1033)
WARNING: [world_v2] modèle végétal introuvable : Pine_1
     at: push_warning (core/variant/variant_utility.cpp:1033)
WARNING: [world_v2] modèle végétal introuvable : Rock_Medium_1
     at: push_warning (core/variant/variant_utility.cpp:1033)
WARNING: [world_v2] modèle végétal introuvable : Rock_Medium_2
     at: push_warning (core/variant/variant_utility.cpp:1033)
WARNING: [world_v2] modèle végétal introuvable : Pebble_Round_4
     at: push_warning (core/variant/variant_utility.cpp:1033)
WARNING: [world_v2] modèle végétal introuvable : Flower_3_Group
     at: push_warning (core/variant/variant_utility.cpp:1033)
WARNING: [world_v2] modèle végétal introuvable : CommonTree_4
     at: push_warning (core/variant/variant_utility.cpp:1033)
WARNING: [world_v2] modèle végétal introuvable : CommonTree_1
     at: push_warning (core/variant/variant_utility.cpp:1033)
WARNING: [world_v2] modèle végétal introuvable : Pine_1
     at: push_warning (core/variant/variant_utility.cpp:1033)
WARNING: [world_v2] modèle végétal introuvable : Pine_3
     at: push_warning (core/variant/variant_utility.cpp:1033)
WARNING: [world_v2] modèle végétal introuvable : CommonTree_2
     at: push_warning (core/variant/variant_utility.cpp:1033)
WARNING: [world_v2] modèle végétal introuvable : Pebble_Round_4
     at: push_warning (core/variant/variant_utility.cpp:1033)
WARNING: [world_v2] modèle végétal introuvable : Flower_4_Group
     at: push_warning (core/variant/variant_utility.cpp:1033)
WARNING: [world_v2] modèle végétal introuvable : CommonTree_2
     at: push_warning (core/variant/variant_utility.cpp:1033)
WARNING: [world_v2] modèle végétal introuvable : Pine_3
     at: push_warning (core/variant/variant_utility.cpp:1033)
WARNING: [world_v2] modèle végétal introuvable : Pine_1
     at: push_warning (core/variant/variant_utility.cpp:1033)
WARNING: [world_v2] modèle végétal introuvable : CommonTree_1
     at: push_warning (core/variant/variant_utility.cpp:1033)
WARNING: [world_v2] modèle végétal introuvable : CommonTree_4
     at: push_warning (core/variant/variant_utility.cpp:1033)
WARNING: [world_v2] modèle végétal introuvable : Rock_Medium_2
     at: push_warning (core/variant/variant_utility.cpp:1033)
WARNING: [world_v2] modèle végétal introuvable : Pebble_Round_2
     at: push_warning (core/variant/variant_utility.cpp:1033)
WARNING: [world_v2] modèle végétal introuvable : Pebble_Square_1
     at: push_warning (core/variant/variant_utility.cpp:1033)
WARNING: [world_v2] modèle végétal introuvable : Rock_Medium_1
     at: push_warning (core/variant/variant_utility.cpp:1033)
WARNING: [world_v2] modèle végétal introuvable : Pebble_Round_4
     at: push_warning (core/variant/variant_utility.cpp:1033)
WARNING: [world_v2] modèle végétal introuvable : Pebble_Square_1
     at: push_warning (core/variant/variant_utility.cpp:1033)
WARNING: [world_v2] modèle végétal introuvable : Pebble_Round_2
     at: push_warning (core/variant/variant_utility.cpp:1033)
WARNING: [world_v2] modèle végétal introuvable : Pebble_Round_4
     at: push_warning (core/variant/variant_utility.cpp:1033)
WARNING: [world_v2] modèle végétal introuvable : Rock_Medium_2
     at: push_warning (core/variant/variant_utility.cpp:1033)
WARNING: [world_v2] modèle végétal introuvable : Pebble_Round_4
     at: push_warning (core/variant/variant_utility.cpp:1033)
WARNING: [world_v2] modèle végétal introuvable : Pebble_Round_2
     at: push_warning (core/variant/variant_utility.cpp:1033)
WARNING: [world_v2] modèle végétal introuvable : Pebble_Square_1
     at: push_warning (core/variant/variant_utility.cpp:1033)
WARNING: [world_v2] modèle végétal introuvable : Rock_Medium_1
     at: push_warning (core/variant/variant_utility.cpp:1033)
WARNING: [world_v2] modèle végétal introuvable : Flower_4_Group
     at: push_warning (core/variant/variant_utility.cpp:1033)
WARNING: [world_v2] modèle végétal introuvable : Flower_3_Group
     at: push_warning (core/variant/variant_utility.cpp:1033)
WARNING: [world_v2] modèle végétal introuvable : Pebble_Round_4
     at: push_warning (core/variant/variant_utility.cpp:1033)
WARNING: [world_v2] modèle végétal introuvable : Rock_Medium_1
     at: push_warning (core/variant/variant_utility.cpp:1033)
WARNING: [world_v2] modèle végétal introuvable : Flower_4_Group
     at: push_warning (core/variant/variant_utility.cpp:1033)
WARNING: [world_v2] modèle végétal introuvable : Flower_3_Group
     at: push_warning (core/variant/variant_utility.cpp:1033)
WARNING: [world_v2] modèle végétal introuvable : Pebble_Round_2
     at: push_warning (core/variant/variant_utility.cpp:1033)
WARNING: [world_v2] modèle végétal introuvable : Flower_4_Group
     at: push_warning (core/variant/variant_utility.cpp:1033)
WARNING: [world_v2] modèle végétal introuvable : Flower_3_Group
     at: push_warning (core/variant/variant_utility.cpp:1033)
WARNING: [world_v2] modèle végétal introuvable : Pebble_Round_2
     at: push_warning (core/variant/variant_utility.cpp:1033)
WARNING: [world_v2] modèle végétal introuvable : Pebble_Round_4
     at: push_warning (core/variant/variant_utility.cpp:1033)
WARNING: [world_v2] modèle végétal introuvable : Flower_3_Group
     at: push_warning (core/variant/variant_utility.cpp:1033)
WARNING: [world_v2] modèle végétal introuvable : Flower_4_Group
     at: push_warning (core/variant/variant_utility.cpp:1033)
WARNING: [world_v2] modèle végétal introuvable : Rock_Medium_3
     at: push_warning (core/variant/variant_utility.cpp:1033)
WARNING: [world_v2] modèle végétal introuvable : Pebble_Round_4
     at: push_warning (core/variant/variant_utility.cpp:1033)
WARNING: [world_v2] modèle végétal introuvable : Pebble_Square_1
     at: push_warning (core/variant/variant_utility.cpp:1033)
WARNING: [world_v2] modèle végétal introuvable : Pebble_Round_2
     at: push_warning (core/variant/variant_utility.cpp:1033)
WARNING: [world_v2] modèle végétal introuvable : Flower_4_Group
     at: push_warning (core/variant/variant_utility.cpp:1033)
WARNING: [world_v2] modèle végétal introuvable : Rock_Medium_3
     at: push_warning (core/variant/variant_utility.cpp:1033)
WARNING: [world_v2] modèle végétal introuvable : Pebble_Round_4
     at: push_warning (core/variant/variant_utility.cpp:1033)
WARNING: [world_v2] modèle végétal introuvable : Pebble_Round_2
     at: push_warning (core/variant/variant_utility.cpp:1033)
WARNING: [world_v2] modèle végétal introuvable : Flower_3_Group
     at: push_warning (core/variant/variant_utility.cpp:1033)
WARNING: [world_v2] modèle végétal introuvable : Pine_1
     at: push_warning (core/variant/variant_utility.cpp:1033)
WARNING: [world_v2] modèle végétal introuvable : Rock_Medium_1
     at: push_warning (core/variant/variant_utility.cpp:1033)
WARNING: [world_v2] modèle végétal introuvable : Rock_Medium_2
     at: push_warning (core/variant/variant_utility.cpp:1033)
WARNING: [world_v2] modèle végétal introuvable : Pebble_Round_2
     at: push_warning (core/variant/variant_utility.cpp:1033)
WARNING: [world_v2] modèle végétal introuvable : Flower_4_Group
     at: push_warning (core/variant/variant_utility.cpp:1033)
WARNING: [world_v2] modèle végétal introuvable : CommonTree_2
     at: push_warning (core/variant/variant_utility.cpp:1033)
WARNING: [world_v2] modèle végétal introuvable : Pine_3
     at: push_warning (core/variant/variant_utility.cpp:1033)
WARNING: [world_v2] modèle végétal introuvable : CommonTree_1
     at: push_warning (core/variant/variant_utility.cpp:1033)
WARNING: [world_v2] modèle végétal introuvable : Pebble_Round_4
     at: push_warning (core/variant/variant_utility.cpp:1033)
WARNING: [world_v2] modèle végétal introuvable : Pebble_Square_1
     at: push_warning (core/variant/variant_utility.cpp:1033)
WARNING: [world_v2] modèle végétal introuvable : Rock_Medium_3
     at: push_warning (core/variant/variant_utility.cpp:1033)
WARNING: [world_v2] modèle végétal introuvable : CommonTree_2
     at: push_warning (core/variant/variant_utility.cpp:1033)
WARNING: [world_v2] modèle végétal introuvable : CommonTree_4
     at: push_warning (core/variant/variant_utility.cpp:1033)
WARNING: [world_v2] modèle végétal introuvable : CommonTree_1
     at: push_warning (core/variant/variant_utility.cpp:1033)
WARNING: [world_v2] modèle végétal introuvable : Pebble_Round_2
     at: push_warning (core/variant/variant_utility.cpp:1033)
WARNING: [world_v2] modèle végétal introuvable : Flower_4_Group
     at: push_warning (core/variant/variant_utility.cpp:1033)
WARNING: [world_v2] modèle végétal introuvable : Flower_3_Group
     at: push_warning (core/variant/variant_utility.cpp:1033)
WARNING: [world_v2] modèle végétal introuvable : Pebble_Round_2
     at: push_warning (core/variant/variant_utility.cpp:1033)
WARNING: [world_v2] modèle végétal introuvable : Rock_Medium_2
     at: push_warning (core/variant/variant_utility.cpp:1033)
WARNING: [world_v2] modèle végétal introuvable : Flower_4_Group
     at: push_warning (core/variant/variant_utility.cpp:1033)
WARNING: [world_v2] modèle végétal introuvable : Flower_3_Group
     at: push_warning (core/variant/variant_utility.cpp:1033)
WARNING: [world_v2] modèle végétal introuvable : Pebble_Round_2
     at: push_warning (core/variant/variant_utility.cpp:1033)
WARNING: [world_v2] modèle végétal introuvable : Pebble_Round_4
     at: push_warning (core/variant/variant_utility.cpp:1033)
WARNING: [world_v2] modèle végétal introuvable : Pebble_Square_1
     at: push_warning (core/variant/variant_utility.cpp:1033)
WARNING: [world_v2] modèle végétal introuvable : Flower_4_Group
     at: push_warning (core/variant/variant_utility.cpp:1033)
WARNING: [world_v2] modèle végétal introuvable : Pebble_Round_2
     at: push_warning (core/variant/variant_utility.cpp:1033)
WARNING: [world_v2] modèle végétal introuvable : Rock_Medium_3
     at: push_warning (core/variant/variant_utility.cpp:1033)
WARNING: [world_v2] modèle végétal introuvable : Pebble_Square_1
     at: push_warning (core/variant/variant_utility.cpp:1033)
WARNING: [world_v2] modèle végétal introuvable : Flower_4_Group
     at: push_warning (core/variant/variant_utility.cpp:1033)
WARNING: [world_v2] modèle végétal introuvable : CommonTree_4
     at: push_warning (core/variant/variant_utility.cpp:1033)
WARNING: [world_v2] modèle végétal introuvable : CommonTree_1
     at: push_warning (core/variant/variant_utility.cpp:1033)
WARNING: [world_v2] modèle végétal introuvable : Pebble_Square_1
     at: push_warning (core/variant/variant_utility.cpp:1033)
WARNING: [world_v2] modèle végétal introuvable : Pebble_Round_4
     at: push_warning (core/variant/variant_utility.cpp:1033)
WARNING: [world_v2] modèle végétal introuvable : Pebble_Round_2
     at: push_warning (core/variant/variant_utility.cpp:1033)
WARNING: [world_v2] modèle végétal introuvable : Rock_Medium_1
     at: push_warning (core/variant/variant_utility.cpp:1033)
WARNING: [world_v2] modèle végétal introuvable : Flower_4_Group
     at: push_warning (core/variant/variant_utility.cpp:1033)
WARNING: [world_v2] modèle végétal introuvable : Pine_1
     at: push_warning (core/variant/variant_utility.cpp:1033)
WARNING: [world_v2] modèle végétal introuvable : Pine_3
     at: push_warning (core/variant/variant_utility.cpp:1033)
WARNING: [world_v2] modèle végétal introuvable : CommonTree_4
     at: push_warning (core/variant/variant_utility.cpp:1033)
WARNING: [world_v2] modèle végétal introuvable : Pebble_Round_4
     at: push_warning (core/variant/variant_utility.cpp:1033)
WARNING: [world_v2] modèle végétal introuvable : Pebble_Square_1
     at: push_warning (core/variant/variant_utility.cpp:1033)
WARNING: [world_v2] modèle végétal introuvable : Rock_Medium_2
     at: push_warning (core/variant/variant_utility.cpp:1033)
WARNING: [world_v2] modèle végétal introuvable : CommonTree_2
     at: push_warning (core/variant/variant_utility.cpp:1033)
WARNING: [world_v2] modèle végétal introuvable : Pine_1
     at: push_warning (core/variant/variant_utility.cpp:1033)
WARNING: [world_v2] modèle végétal introuvable : CommonTree_4
     at: push_warning (core/variant/variant_utility.cpp:1033)
WARNING: [world_v2] modèle végétal introuvable : Pine_3
     at: push_warning (core/variant/variant_utility.cpp:1033)
WARNING: [world_v2] modèle végétal introuvable : CommonTree_1
     at: push_warning (core/variant/variant_utility.cpp:1033)
WARNING: [world_v2] modèle végétal introuvable : Pebble_Round_4
     at: push_warning (core/variant/variant_utility.cpp:1033)
WARNING: [world_v2] modèle végétal introuvable : Rock_Medium_1
     at: push_warning (core/variant/variant_utility.cpp:1033)
WARNING: [world_v2] modèle végétal introuvable : Pebble_Square_1
     at: push_warning (core/variant/variant_utility.cpp:1033)
[world_v2] monde        : neris_v2 (vallée whitebox V2.1)
[world_v2] carte        : 31 lieux + 3 sites systémiques, valide
[world_v2] terrain      : 64 chunks, montage 7800 ms
[world_v2] navigation   : 4 région(s) chargée(s)
[world_v2] lieux        : 15 scène(s) posée(s) par le layout
[world_v2] spawn        : (0.0, 24.4, 170.0)
[world_v2] sol          : c4r6 à y=24.00
[world_v2] fondation V2 vérifiée — vallée whitebox prête.
WARNING: Navigation region synchronization had 2 edge error(s).
More than 2 edges tried to occupy the same map rasterization space.
This causes a logical error in the navigation mesh geometry and is commonly caused by overlap or too densely placed edges.
Consider baking with a higher 'cell_size', greater geometry margin, and less detailed bake objects to cause fewer edges.
Consider lowering the 'navigation/3d/merge_rasterizer_cell_scale' in the project settings.
This warning can be toggled under 'navigation/3d/warnings/navmesh_edge_merge_errors' in the project settings.
     at: _build_step_find_edge_connection_pairs (modules/navigation_3d/3d/nav_region_builder_3d.cpp:219)
WARNING: Navigation region synchronization had 38 edge error(s).
More than 2 edges tried to occupy the same map rasterization space.
This causes a logical error in the navigation mesh geometry and is commonly caused by overlap or too densely placed edges.
Consider baking with a higher 'cell_size', greater geometry margin, and less detailed bake objects to cause fewer edges.
Consider lowering the 'navigation/3d/merge_rasterizer_cell_scale' in the project settings.
This warning can be toggled under 'navigation/3d/warnings/navmesh_edge_merge_errors' in the project settings.
     at: _build_step_find_edge_connection_pairs (modules/navigation_3d/3d/nav_region_builder_3d.cpp:219)
