path,pack,category,status,size,sha256_16,triangles,bones,animations,score_total,zone
Universal.Animation.Library.Standard/Universal Animation Library[Standard]/Godot_Setup.png,Universal.Animation.Library.Standard,Animations,GALERIE,499312,8fde3e49385c3b3d,,,,,
Universal.Animation.Library.Standard/Universal Animation Library[Standard]/License.txt,Universal.Animation.Library.Standard,Animations,SOURCE_TECHNIQUE,332,6d01f55c6e4c49a2,,,,,
Universal.Animation.Library.Standard/Universal Animation Library[Standard]/README.txt,Universal.Animation.Library.Standard,Animations,SOURCE_TECHNIQUE,702,ccd02718886b5a57,,,,,
Universal.Animation.Library.Standard/Universal Animation Library[Standard]/Unity_Setup.png,Universal.Animation.Library.Standard,Animations,GALERIE,237945,1f9ac00f442c4342,,,,,
Universal.Animation.Library.Standard/Universal Animation Library[Standard]/Unreal_Setup.png,Universal.Animation.Library.Standard,Animations,GALERIE,148412,c2c64e659943c634,,,,,
Universal.Animation.Library.Standard/Universal Animation Library[Standard]/Unreal-Godot/UAL1_Standard.glb,Universal.Animation.Library.Standard,Animations,UTILISÉ_RUNTIME,7618436,69591853d817488e,13744,65,43,60,personnages
Universal.Animation.Library.Standard/Universal Animation Library[Standard]/Unreal-Godot/UAL1_Standard_RM.glb,Universal.Animation.Library.Standard,Animations,VARIANTE_ROOT_MOTION,7620504,be684571ed655a1b,,,,,
Universal.Animation.Library.Standard/Universal Animation Library[Standard]/Unity/UAL1_Standard.fbx,Universal.Animation.Library.Standard,Animations,DOUBLON_FORMAT,23754684,21b32d912da3cb93,,,,,
Universal.Animation.Library.Standard/Universal Animation Library[Standard]/Unity/UAL1_Standard_RM.fbx,Universal.Animation.Library.Standard,Animations,VARIANTE_ROOT_MOTION,23767852,5a5f5de6f18e9c91,,,,,
Stylized.Nature.MegaKit.Standard/License_Standard.txt,Stylized.Nature.MegaKit.Standard,Nature,SOURCE_TECHNIQUE,852,120710e542c3ebaf,,,,,
Stylized.Nature.MegaKit.Standard/Preview_1.jpg,Stylized.Nature.MegaKit.Standard,Nature,GALERIE,598487,e9bbf4408c8bc8fc,,,,,
Stylized.Nature.MegaKit.Standard/Preview_2.jpg,Stylized.Nature.MegaKit.Standard,Nature,GALERIE,679539,c5aa736558b19d9c,,,,,
Stylized.Nature.MegaKit.Standard/Preview_3.jpg,Stylized.Nature.MegaKit.Standard,Nature,GALERIE,440967,a58e5b07f4d22ecd,,,,,
Stylized.Nature.MegaKit.Standard/Preview_4.jpg,Stylized.Nature.MegaKit.Standard,Nature,GALERIE,796873,21df065e6b9fd52a,,,,,
Stylized.Nature.MegaKit.Standard/Textures/Bark_DeadTree.png,Stylized.Nature.MegaKit.Standard,Nature,GALERIE,4228870,8f055724c35f8e8c,,,,,
Stylized.Nature.MegaKit.Standard/Textures/Bark_DeadTree_Normal.png,Stylized.Nature.MegaKit.Standard,Nature,GALERIE,5728199,692da2f58909263f,,,,,
Stylized.Nature.MegaKit.Standard/Textures/Bark_NormalTree.png,Stylized.Nature.MegaKit.Standard,Nature,UTILISÉ_RUNTIME,3894788,f36e94fdd7325534,,,,,
Stylized.Nature.MegaKit.Standard/Textures/Bark_NormalTree_Normal.png,Stylized.Nature.MegaKit.Standard,Nature,UTILISÉ_RUNTIME,4384496,852f6155404b8c39,,,,,
Stylized.Nature.MegaKit.Standard/Textures/Bark_TwistedTree.png,Stylized.Nature.MegaKit.Standard,Nature,GALERIE,4630805,01608a96c42954eb,,,,,
Stylized.Nature.MegaKit.Standard/Textures/Bark_TwistedTree_Normal.png,Stylized.Nature.MegaKit.Standard,Nature,DOUBLON_CONTENU,5728199,692da2f58909263f,,,,,
Stylized.Nature.MegaKit.Standard/Textures/Flowers.png,Stylized.Nature.MegaKit.Standard,Nature,UTILISÉ_RUNTIME,444609,5c531f2329c241c6,,,,,
Stylized.Nature.MegaKit.Standard/Textures/Grass.png,Stylized.Nature.MegaKit.Standard,Nature,GALERIE,33605,5d69048193b246a7,,,,,
Stylized.Nature.MegaKit.Standard/Textures/Leaf_Pine.png,Stylized.Nature.MegaKit.Standard,Nature,GALERIE,71747,b1a6de1f0f2d1d68,,,,,
Stylized.Nature.MegaKit.Standard/Textures/Leaf_Pine_C.png,Stylized.Nature.MegaKit.Standard,Nature,GALERIE,70055,86f7ff7a214f5424,,,,,
Stylized.Nature.MegaKit.Standard/Textures/Leaves.png,Stylized.Nature.MegaKit.Standard,Nature,GALERIE,2586432,23248cebe28a24e7,,,,,
Stylized.Nature.MegaKit.Standard/Textures/Leaves_GiantPine_C.png,Stylized.Nature.MegaKit.Standard,Nature,GALERIE,59613,57f375e6a8ee339a,,,,,
Stylized.Nature.MegaKit.Standard/Textures/Leaves_NormalTree.png,Stylized.Nature.MegaKit.Standard,Nature,GALERIE,158772,171ad1c8fa6ddde3,,,,,
Stylized.Nature.MegaKit.Standard/Textures/Leaves_NormalTree_C.png,Stylized.Nature.MegaKit.Standard,Nature,UTILISÉ_RUNTIME,158796,998612bdf0b76a22,,,,,
Stylized.Nature.MegaKit.Standard/Textures/Leaves_TwistedTree.png,Stylized.Nature.MegaKit.Standard,Nature,GALERIE,69611,d548e707fa34a558,,,,,
Stylized.Nature.MegaKit.Standard/Textures/Leaves_TwistedTree_C.png,Stylized.Nature.MegaKit.Standard,Nature,GALERIE,70353,0e459b56b14c0e81,,,,,
Stylized.Nature.MegaKit.Standard/Textures/Mushrooms.png,Stylized.Nature.MegaKit.Standard,Nature,GALERIE,1208660,e29eed2db831e44a,,,,,
Stylized.Nature.MegaKit.Standard/Textures/PathRocks_Diffuse.png,Stylized.Nature.MegaKit.Standard,Rochers,UTILISÉ_RUNTIME,811732,85a04abb2c136fee,,,,,
Stylized.Nature.MegaKit.Standard/Textures/Rocks_Desert_Diffuse.png,Stylized.Nature.MegaKit.Standard,Rochers,GALERIE,2095731,209a27345707385a,,,,,
Stylized.Nature.MegaKit.Standard/Textures/Rocks_Diffuse.png,Stylized.Nature.MegaKit.Standard,Rochers,UTILISÉ_RUNTIME,2517398,b813696df6081f46,,,,,
Stylized.Nature.MegaKit.Standard/FBX (Unity)/Bush_Common.fbx,Stylized.Nature.MegaKit.Standard,Nature,DOUBLON_FORMAT,84060,f4c057dc7118ab76,,,,,
Stylized.Nature.MegaKit.Standard/FBX (Unity)/Bush_Common_Flowers.fbx,Stylized.Nature.MegaKit.Standard,Nature,DOUBLON_FORMAT,115532,3187c4e37f3be09d,,,,,
Stylized.Nature.MegaKit.Standard/FBX (Unity)/Clover_1.fbx,Stylized.Nature.MegaKit.Standard,Nature,DOUBLON_FORMAT,32860,71b8d08da722418e,,,,,
Stylized.Nature.MegaKit.Standard/FBX (Unity)/Clover_2.fbx,Stylized.Nature.MegaKit.Standard,Nature,DOUBLON_FORMAT,40604,6a541be2ff15c437,,,,,
Stylized.Nature.MegaKit.Standard/FBX (Unity)/CommonTree_1.fbx,Stylized.Nature.MegaKit.Standard,Nature,DOUBLON_FORMAT,374492,270b8be7dbde9598,,,,,
Stylized.Nature.MegaKit.Standard/FBX (Unity)/CommonTree_2.fbx,Stylized.Nature.MegaKit.Standard,Nature,DOUBLON_FORMAT,330636,8a2274f2a86ded8f,,,,,
Stylized.Nature.MegaKit.Standard/FBX (Unity)/CommonTree_3.fbx,Stylized.Nature.MegaKit.Standard,Nature,DOUBLON_FORMAT,238860,9246334082d5abe4,,,,,
Stylized.Nature.MegaKit.Standard/FBX (Unity)/CommonTree_4.fbx,Stylized.Nature.MegaKit.Standard,Nature,DOUBLON_FORMAT,240748,2e7526829fd7adbb,,,,,
Stylized.Nature.MegaKit.Standard/FBX (Unity)/CommonTree_5.fbx,Stylized.Nature.MegaKit.Standard,Nature,DOUBLON_FORMAT,211404,4f77ad8be1ff8193,,,,,
Stylized.Nature.MegaKit.Standard/FBX (Unity)/DeadTree_1.fbx,Stylized.Nature.MegaKit.Standard,Nature,DOUBLON_FORMAT,324540,239ea458a4274b5f,,,,,
Stylized.Nature.MegaKit.Standard/FBX (Unity)/DeadTree_2.fbx,Stylized.Nature.MegaKit.Standard,Nature,DOUBLON_FORMAT,343756,054f73eb882904ff,,,,,
Stylized.Nature.MegaKit.Standard/FBX (Unity)/DeadTree_3.fbx,Stylized.Nature.MegaKit.Standard,Nature,DOUBLON_FORMAT,302604,3ba813aec43b7803,,,,,
Stylized.Nature.MegaKit.Standard/FBX (Unity)/DeadTree_4.fbx,Stylized.Nature.MegaKit.Standard,Nature,DOUBLON_FORMAT,297452,245ef56c5e5f6ac0,,,,,
Stylized.Nature.MegaKit.Standard/FBX (Unity)/DeadTree_5.fbx,Stylized.Nature.MegaKit.Standard,Nature,DOUBLON_FORMAT,295068,29e49494d7edbc15,,,,,
Stylized.Nature.MegaKit.Standard/FBX (Unity)/Fern_1.fbx,Stylized.Nature.MegaKit.Standard,Nature,DOUBLON_FORMAT,32060,520f1bce3d292885,,,,,
Stylized.Nature.MegaKit.Standard/FBX (Unity)/Flower_3_Group.fbx,Stylized.Nature.MegaKit.Standard,Nature,DOUBLON_FORMAT,49308,c2a4d9369513e1c3,,,,,
Stylized.Nature.MegaKit.Standard/FBX (Unity)/Flower_3_Single.fbx,Stylized.Nature.MegaKit.Standard,Nature,DOUBLON_FORMAT,33084,c69c8a154f1634a4,,,,,
Stylized.Nature.MegaKit.Standard/FBX (Unity)/Flower_4_Group.fbx,Stylized.Nature.MegaKit.Standard,Nature,DOUBLON_FORMAT,80108,1edd78307fcd9618,,,,,
Stylized.Nature.MegaKit.Standard/FBX (Unity)/Flower_4_Single.fbx,Stylized.Nature.MegaKit.Standard,Nature,DOUBLON_FORMAT,45452,161123b62620f16a,,,,,
Stylized.Nature.MegaKit.Standard/FBX (Unity)/Grass_Common_Short.fbx,Stylized.Nature.MegaKit.Standard,Nature,DOUBLON_FORMAT,26060,9bdb821b226ec62e,,,,,
Stylized.Nature.MegaKit.Standard/FBX (Unity)/Grass_Common_Tall.fbx,Stylized.Nature.MegaKit.Standard,Nature,DOUBLON_FORMAT,32892,71e676f1a0b4ad58,,,,,
Stylized.Nature.MegaKit.Standard/FBX (Unity)/Grass_Wispy_Short.fbx,Stylized.Nature.MegaKit.Standard,Nature,DOUBLON_FORMAT,41084,123e9d77c073e8a2,,,,,
Stylized.Nature.MegaKit.Standard/FBX (Unity)/Grass_Wispy_Tall.fbx,Stylized.Nature.MegaKit.Standard,Nature,DOUBLON_FORMAT,44524,8043f9d5eab5fce3,,,,,
Stylized.Nature.MegaKit.Standard/FBX (Unity)/Mushroom_Common.fbx,Stylized.Nature.MegaKit.Standard,Nature,DOUBLON_FORMAT,43180,183cfdab4f120d83,,,,,
Stylized.Nature.MegaKit.Standard/FBX (Unity)/Mushroom_Laetiporus.fbx,Stylized.Nature.MegaKit.Standard,Nature,DOUBLON_FORMAT,108956,3e3f8ea3c1dbe1e1,,,,,
Stylized.Nature.MegaKit.Standard/FBX (Unity)/Pebble_Round_1.fbx,Stylized.Nature.MegaKit.Standard,Rochers,DOUBLON_FORMAT,23372,113ac73ebda2ef72,,,,,
Stylized.Nature.MegaKit.Standard/FBX (Unity)/Pebble_Round_2.fbx,Stylized.Nature.MegaKit.Standard,Rochers,DOUBLON_FORMAT,22540,6e49f088d01572be,,,,,
Stylized.Nature.MegaKit.Standard/FBX (Unity)/Pebble_Round_3.fbx,Stylized.Nature.MegaKit.Standard,Rochers,DOUBLON_FORMAT,22988,0736df35025896b0,,,,,
Stylized.Nature.MegaKit.Standard/FBX (Unity)/Pebble_Round_4.fbx,Stylized.Nature.MegaKit.Standard,Rochers,DOUBLON_FORMAT,23084,86bbc9f3a6f7dd89,,,,,
Stylized.Nature.MegaKit.Standard/FBX (Unity)/Pebble_Round_5.fbx,Stylized.Nature.MegaKit.Standard,Rochers,DOUBLON_FORMAT,22828,8f1a3bbab06ef4a7,,,,,
Stylized.Nature.MegaKit.Standard/FBX (Unity)/Pebble_Square_1.fbx,Stylized.Nature.MegaKit.Standard,Rochers,DOUBLON_FORMAT,21628,5a87d9a7a58c6beb,,,,,
Stylized.Nature.MegaKit.Standard/FBX (Unity)/Pebble_Square_2.fbx,Stylized.Nature.MegaKit.Standard,Rochers,DOUBLON_FORMAT,20812,b5dba7f969c592c8,,,,,
Stylized.Nature.MegaKit.Standard/FBX (Unity)/Pebble_Square_3.fbx,Stylized.Nature.MegaKit.Standard,Rochers,DOUBLON_FORMAT,19996,fd0ba8c323a56da8,,,,,
Stylized.Nature.MegaKit.Standard/FBX (Unity)/Pebble_Square_4.fbx,Stylized.Nature.MegaKit.Standard,Rochers,DOUBLON_FORMAT,19996,dc18a34e6c076d95,,,,,
Stylized.Nature.MegaKit.Standard/FBX (Unity)/Pebble_Square_5.fbx,Stylized.Nature.MegaKit.Standard,Rochers,DOUBLON_FORMAT,20700,01421906d1129f0c,,,,,
Stylized.Nature.MegaKit.Standard/FBX (Unity)/Pebble_Square_6.fbx,Stylized.Nature.MegaKit.Standard,Rochers,DOUBLON_FORMAT,20412,2416783b0e4fc6f9,,,,,
Stylized.Nature.MegaKit.Standard/FBX (Unity)/Petal_1.fbx,Stylized.Nature.MegaKit.Standard,Nature,DOUBLON_FORMAT,19532,5f27ad917dbebccb,,,,,
Stylized.Nature.MegaKit.Standard/FBX (Unity)/Petal_2.fbx,Stylized.Nature.MegaKit.Standard,Nature,DOUBLON_FORMAT,19644,8f577b69cc7d723d,,,,,
Stylized.Nature.MegaKit.Standard/FBX (Unity)/Petal_3.fbx,Stylized.Nature.MegaKit.Standard,Nature,DOUBLON_FORMAT,19676,3c6df09f169af0a7,,,,,
Stylized.Nature.MegaKit.Standard/FBX (Unity)/Petal_4.fbx,Stylized.Nature.MegaKit.Standard,Nature,DOUBLON_FORMAT,20092,9a951691794709ab,,,,,
Stylized.Nature.MegaKit.Standard/FBX (Unity)/Petal_5.fbx,Stylized.Nature.MegaKit.Standard,Nature,DOUBLON_FORMAT,19676,70cd28d4bd5d7f73,,,,,
Stylized.Nature.MegaKit.Standard/FBX (Unity)/Pine_1.fbx,Stylized.Nature.MegaKit.Standard,Nature,DOUBLON_FORMAT,225404,f1e352910cb4f7be,,,,,
Stylized.Nature.MegaKit.Standard/FBX (Unity)/Pine_2.fbx,Stylized.Nature.MegaKit.Standard,Nature,DOUBLON_FORMAT,208028,8471d5f4b8b9e60d,,,,,
Stylized.Nature.MegaKit.Standard/FBX (Unity)/Pine_3.fbx,Stylized.Nature.MegaKit.Standard,Nature,DOUBLON_FORMAT,267548,82a243d96972221d,,,,,
Stylized.Nature.MegaKit.Standard/FBX (Unity)/Pine_4.fbx,Stylized.Nature.MegaKit.Standard,Nature,DOUBLON_FORMAT,200924,4faa05be7f3c8d0d,,,,,
Stylized.Nature.MegaKit.Standard/FBX (Unity)/Pine_5.fbx,Stylized.Nature.MegaKit.Standard,Nature,DOUBLON_FORMAT,113868,cd74741395adbe51,,,,,
Stylized.Nature.MegaKit.Standard/FBX (Unity)/Plant_1.fbx,Stylized.Nature.MegaKit.Standard,Nature,DOUBLON_FORMAT,24396,0d1c10451cd02868,,,,,
Stylized.Nature.MegaKit.Standard/FBX (Unity)/Plant_1_Big.fbx,Stylized.Nature.MegaKit.Standard,Nature,DOUBLON_FORMAT,34508,fdd557b8cac8a97a,,,,,
Stylized.Nature.MegaKit.Standard/FBX (Unity)/Plant_7.fbx,Stylized.Nature.MegaKit.Standard,Nature,DOUBLON_FORMAT,21212,77894a2ee355f5cb,,,,,
Stylized.Nature.MegaKit.Standard/FBX (Unity)/Plant_7_Big.fbx,Stylized.Nature.MegaKit.Standard,Nature,DOUBLON_FORMAT,24284,f60d6aa75e3b51ec,,,,,
Stylized.Nature.MegaKit.Standard/FBX (Unity)/RockPath_Round_Small_1.fbx,Stylized.Nature.MegaKit.Standard,Rochers,DOUBLON_FORMAT,46988,231f9133a2f7c642,,,,,
Stylized.Nature.MegaKit.Standard/FBX (Unity)/RockPath_Round_Small_2.fbx,Stylized.Nature.MegaKit.Standard,Rochers,DOUBLON_FORMAT,49788,c919c6577aab27e0,,,,,
Stylized.Nature.MegaKit.Standard/FBX (Unity)/RockPath_Round_Small_3.fbx,Stylized.Nature.MegaKit.Standard,Rochers,DOUBLON_FORMAT,47180,a1d5028ba98e5b8e,,,,,
Stylized.Nature.MegaKit.Standard/FBX (Unity)/RockPath_Round_Thin.fbx,Stylized.Nature.MegaKit.Standard,Rochers,DOUBLON_FORMAT,78268,c536753a8883c021,,,,,
Stylized.Nature.MegaKit.Standard/FBX (Unity)/RockPath_Round_Wide.fbx,Stylized.Nature.MegaKit.Standard,Rochers,DOUBLON_FORMAT,109308,a2026190e1688dc5,,,,,
Stylized.Nature.MegaKit.Standard/FBX (Unity)/RockPath_Square_Small_1.fbx,Stylized.Nature.MegaKit.Standard,Rochers,DOUBLON_FORMAT,40476,ac72e6b93b41be4d,,,,,
Stylized.Nature.MegaKit.Standard/FBX (Unity)/RockPath_Square_Small_2.fbx,Stylized.Nature.MegaKit.Standard,Rochers,DOUBLON_FORMAT,33900,c6270e6bf7afed74,,,,,
Stylized.Nature.MegaKit.Standard/FBX (Unity)/RockPath_Square_Small_3.fbx,Stylized.Nature.MegaKit.Standard,Rochers,DOUBLON_FORMAT,34460,16666b6a0e36a8bd,,,,,
Stylized.Nature.MegaKit.Standard/FBX (Unity)/RockPath_Square_Thin.fbx,Stylized.Nature.MegaKit.Standard,Rochers,DOUBLON_FORMAT,65852,9131324058aaa55a,,,,,
Stylized.Nature.MegaKit.Standard/FBX (Unity)/RockPath_Square_Wide.fbx,Stylized.Nature.MegaKit.Standard,Rochers,DOUBLON_FORMAT,76604,f8ed4843ad38044e,,,,,
Stylized.Nature.MegaKit.Standard/FBX (Unity)/Rock_Medium_1.fbx,Stylized.Nature.MegaKit.Standard,Rochers,DOUBLON_FORMAT,30700,e75986c05c1071ca,,,,,
Stylized.Nature.MegaKit.Standard/FBX (Unity)/Rock_Medium_2.fbx,Stylized.Nature.MegaKit.Standard,Rochers,DOUBLON_FORMAT,27276,6ffd1e9d4b2898e8,,,,,
Stylized.Nature.MegaKit.Standard/FBX (Unity)/Rock_Medium_3.fbx,Stylized.Nature.MegaKit.Standard,Rochers,DOUBLON_FORMAT,37324,4d1ae93a255821b0,,,,,
Stylized.Nature.MegaKit.Standard/FBX (Unity)/TwistedTree_1.fbx,Stylized.Nature.MegaKit.Standard,Nature,DOUBLON_FORMAT,539292,a6e0bd30a752ddf9,,,,,
Stylized.Nature.MegaKit.Standard/FBX (Unity)/TwistedTree_2.fbx,Stylized.Nature.MegaKit.Standard,Nature,DOUBLON_FORMAT,517228,36ea40f4d40e1cba,,,,,
Stylized.Nature.MegaKit.Standard/FBX (Unity)/TwistedTree_3.fbx,Stylized.Nature.MegaKit.Standard,Nature,DOUBLON_FORMAT,573196,0eba018dc87dd68d,,,,,
Stylized.Nature.MegaKit.Standard/FBX (Unity)/TwistedTree_4.fbx,Stylized.Nature.MegaKit.Standard,Nature,DOUBLON_FORMAT,551052,61cf2ccc03a47ee6,,,,,
Stylized.Nature.MegaKit.Standard/FBX (Unity)/TwistedTree_5.fbx,Stylized.Nature.MegaKit.Standard,Nature,DOUBLON_FORMAT,582284,fe5224a5d01547c6,,,,,
Stylized.Nature.MegaKit.Standard/glTF/Bark_DeadTree.png,Stylized.Nature.MegaKit.Standard,Nature,DOUBLON_CONTENU,4228870,8f055724c35f8e8c,,,,,
Stylized.Nature.MegaKit.Standard/glTF/Bark_DeadTree_Normal.png,Stylized.Nature.MegaKit.Standard,Nature,DOUBLON_CONTENU,5728199,692da2f58909263f,,,,,
Stylized.Nature.MegaKit.Standard/glTF/Bark_NormalTree.png,Stylized.Nature.MegaKit.Standard,Nature,DOUBLON_CONTENU,3894788,f36e94fdd7325534,,,,,
Stylized.Nature.MegaKit.Standard/glTF/Bark_NormalTree_Normal.png,Stylized.Nature.MegaKit.Standard,Nature,DOUBLON_CONTENU,4384496,852f6155404b8c39,,,,,
Stylized.Nature.MegaKit.Standard/glTF/Bark_TwistedTree.png,Stylized.Nature.MegaKit.Standard,Nature,DOUBLON_CONTENU,4630805,01608a96c42954eb,,,,,
Stylized.Nature.MegaKit.Standard/glTF/Bark_TwistedTree_Normal.png,Stylized.Nature.MegaKit.Standard,Nature,DOUBLON_CONTENU,5728199,692da2f58909263f,,,,,
Stylized.Nature.MegaKit.Standard/glTF/Bush_Common.bin,Stylized.Nature.MegaKit.Standard,Nature,SOURCE_TECHNIQUE,91800,a5e1a773c8ba78fd,,,,,
Stylized.Nature.MegaKit.Standard/glTF/Bush_Common.gltf,Stylized.Nature.MegaKit.Standard,Nature,CANDIDAT_RUNTIME,2101,77811fca92610cb2,900,0,0,76,lisieres
Stylized.Nature.MegaKit.Standard/glTF/Bush_Common_Flowers.bin,Stylized.Nature.MegaKit.Standard,Nature,SOURCE_TECHNIQUE,128928,15f56a013afe0eec,,,,,
Stylized.Nature.MegaKit.Standard/glTF/Bush_Common_Flowers.gltf,Stylized.Nature.MegaKit.Standard,Nature,UTILISÉ_RUNTIME,3654,08768c680e3abeaf,1368,0,0,76,lisieres
Stylized.Nature.MegaKit.Standard/glTF/Clover_1.bin,Stylized.Nature.MegaKit.Standard,Nature,SOURCE_TECHNIQUE,12956,788fabaffc3f8f28,,,,,
Stylized.Nature.MegaKit.Standard/glTF/Clover_1.gltf,Stylized.Nature.MegaKit.Standard,Nature,À_ADAPTER,2074,05fe48cdf1f3db87,379,0,0,64,
Stylized.Nature.MegaKit.Standard/glTF/Clover_2.bin,Stylized.Nature.MegaKit.Standard,Nature,SOURCE_TECHNIQUE,21012,eeabca833167f3e2,,,,,
Stylized.Nature.MegaKit.Standard/glTF/Clover_2.gltf,Stylized.Nature.MegaKit.Standard,Nature,À_ADAPTER,2077,8ef8e861209c9b86,615,0,0,64,
Stylized.Nature.MegaKit.Standard/glTF/CommonTree_1.bin,Stylized.Nature.MegaKit.Standard,Nature,SOURCE_TECHNIQUE,491576,9dd689e84e1aa2f5,,,,,
Stylized.Nature.MegaKit.Standard/glTF/CommonTree_1.gltf,Stylized.Nature.MegaKit.Standard,Nature,UTILISÉ_RUNTIME,3869,b51cdea6545edb51,6265,0,0,84,foret
Stylized.Nature.MegaKit.Standard/glTF/CommonTree_2.bin,Stylized.Nature.MegaKit.Standard,Nature,SOURCE_TECHNIQUE,423024,a273d69de31a675a,,,,,
Stylized.Nature.MegaKit.Standard/glTF/CommonTree_2.gltf,Stylized.Nature.MegaKit.Standard,Nature,CANDIDAT_RUNTIME,3866,67160975f0ac991b,5648,0,0,84,foret
Stylized.Nature.MegaKit.Standard/glTF/CommonTree_3.bin,Stylized.Nature.MegaKit.Standard,Nature,SOURCE_TECHNIQUE,296984,24541f46fd9553e2,,,,,
Stylized.Nature.MegaKit.Standard/glTF/CommonTree_3.gltf,Stylized.Nature.MegaKit.Standard,Nature,CANDIDAT_RUNTIME,3864,17c6537aa8042bb7,3505,0,0,84,foret
Stylized.Nature.MegaKit.Standard/glTF/CommonTree_4.bin,Stylized.Nature.MegaKit.Standard,Nature,SOURCE_TECHNIQUE,307596,4fa52cc5bb9aa42d,,,,,
Stylized.Nature.MegaKit.Standard/glTF/CommonTree_4.gltf,Stylized.Nature.MegaKit.Standard,Nature,UTILISÉ_RUNTIME,3865,ddf0e88377057028,4066,0,0,84,foret
Stylized.Nature.MegaKit.Standard/glTF/CommonTree_5.bin,Stylized.Nature.MegaKit.Standard,Nature,SOURCE_TECHNIQUE,252996,0e617612d50e6bb2,,,,,
Stylized.Nature.MegaKit.Standard/glTF/CommonTree_5.gltf,Stylized.Nature.MegaKit.Standard,Nature,CANDIDAT_RUNTIME,3860,fb7061f2bf9fe850,3182,0,0,84,foret
Stylized.Nature.MegaKit.Standard/glTF/DeadTree_1.bin,Stylized.Nature.MegaKit.Standard,Nature,SOURCE_TECHNIQUE,422744,d623cfc5199a732c,,,,,
Stylized.Nature.MegaKit.Standard/glTF/DeadTree_1.gltf,Stylized.Nature.MegaKit.Standard,Nature,CANDIDAT_RUNTIME,2206,b7ca9e90cbd8e8e3,6169,0,0,70,foret
Stylized.Nature.MegaKit.Standard/glTF/DeadTree_2.bin,Stylized.Nature.MegaKit.Standard,Nature,SOURCE_TECHNIQUE,453824,de7861981fa7ff6f,,,,,
Stylized.Nature.MegaKit.Standard/glTF/DeadTree_2.gltf,Stylized.Nature.MegaKit.Standard,Nature,CANDIDAT_RUNTIME,2213,5cbff9f1277e905e,6557,0,0,70,foret
Stylized.Nature.MegaKit.Standard/glTF/DeadTree_3.bin,Stylized.Nature.MegaKit.Standard,Nature,SOURCE_TECHNIQUE,415740,5c3b29bf37c700f5,,,,,
Stylized.Nature.MegaKit.Standard/glTF/DeadTree_3.gltf,Stylized.Nature.MegaKit.Standard,Nature,CANDIDAT_RUNTIME,2211,aa74a47c69259f21,5802,0,0,70,foret
Stylized.Nature.MegaKit.Standard/glTF/DeadTree_4.bin,Stylized.Nature.MegaKit.Standard,Nature,SOURCE_TECHNIQUE,401556,6195e8027400bf7d,,,,,
Stylized.Nature.MegaKit.Standard/glTF/DeadTree_4.gltf,Stylized.Nature.MegaKit.Standard,Nature,CANDIDAT_RUNTIME,2211,cc238a6b0b4b0a1b,5702,0,0,70,foret
Stylized.Nature.MegaKit.Standard/glTF/DeadTree_5.bin,Stylized.Nature.MegaKit.Standard,Nature,SOURCE_TECHNIQUE,393840,1723668be1f3da48,,,,,
Stylized.Nature.MegaKit.Standard/glTF/DeadTree_5.gltf,Stylized.Nature.MegaKit.Standard,Nature,CANDIDAT_RUNTIME,2211,8502cb23774f8771,5648,0,0,70,foret
Stylized.Nature.MegaKit.Standard/glTF/Fern_1.bin,Stylized.Nature.MegaKit.Standard,Nature,SOURCE_TECHNIQUE,11448,5e92b87a27f81a69,,,,,
Stylized.Nature.MegaKit.Standard/glTF/Fern_1.gltf,Stylized.Nature.MegaKit.Standard,Nature,CANDIDAT_RUNTIME,2058,d41915cffe9dbbde,288,0,0,67,
Stylized.Nature.MegaKit.Standard/glTF/Flower_3_Group.bin,Stylized.Nature.MegaKit.Standard,Nature,SOURCE_TECHNIQUE,27772,5ab387dd3d6fe181,,,,,
Stylized.Nature.MegaKit.Standard/glTF/Flower_3_Group.gltf,Stylized.Nature.MegaKit.Standard,Nature,CANDIDAT_RUNTIME,3629,4df1612371982c54,755,0,0,77,prairie
Stylized.Nature.MegaKit.Standard/glTF/Flower_3_Single.bin,Stylized.Nature.MegaKit.Standard,Nature,SOURCE_TECHNIQUE,10792,88416b839c0d2080,,,,,
Stylized.Nature.MegaKit.Standard/glTF/Flower_3_Single.gltf,Stylized.Nature.MegaKit.Standard,Nature,CANDIDAT_RUNTIME,3632,26c33edf26f09139,285,0,0,77,prairie
Stylized.Nature.MegaKit.Standard/glTF/Flower_4_Group.bin,Stylized.Nature.MegaKit.Standard,Nature,SOURCE_TECHNIQUE,62220,3ac30b4c9eaa5078,,,,,
Stylized.Nature.MegaKit.Standard/glTF/Flower_4_Group.gltf,Stylized.Nature.MegaKit.Standard,Nature,CANDIDAT_RUNTIME,3645,69ead56b36b50f06,1690,0,0,77,prairie
Stylized.Nature.MegaKit.Standard/glTF/Flower_4_Single.bin,Stylized.Nature.MegaKit.Standard,Nature,SOURCE_TECHNIQUE,23812,d23048fb7cd3b955,,,,,
Stylized.Nature.MegaKit.Standard/glTF/Flower_4_Single.gltf,Stylized.Nature.MegaKit.Standard,Nature,CANDIDAT_RUNTIME,3631,271189ec424eea28,642,0,0,77,prairie
Stylized.Nature.MegaKit.Standard/glTF/Flowers.png,Stylized.Nature.MegaKit.Standard,Nature,DOUBLON_CONTENU,444609,5c531f2329c241c6,,,,,
Stylized.Nature.MegaKit.Standard/glTF/Grass.png,Stylized.Nature.MegaKit.Standard,Nature,DOUBLON_CONTENU,33605,5d69048193b246a7,,,,,
Stylized.Nature.MegaKit.Standard/glTF/Grass_Common_Short.bin,Stylized.Nature.MegaKit.Standard,Nature,SOURCE_TECHNIQUE,7052,7a0f0f7a9ac39cfa,,,,,
Stylized.Nature.MegaKit.Standard/glTF/Grass_Common_Short.gltf,Stylized.Nature.MegaKit.Standard,Nature,CANDIDAT_RUNTIME,2023,6957b50622c9e26e,155,0,0,76,prairie
Stylized.Nature.MegaKit.Standard/glTF/Grass_Common_Tall.bin,Stylized.Nature.MegaKit.Standard,Nature,SOURCE_TECHNIQUE,14076,d7422b9360dd644f,,,,,
Stylized.Nature.MegaKit.Standard/glTF/Grass_Common_Tall.gltf,Stylized.Nature.MegaKit.Standard,Nature,CANDIDAT_RUNTIME,2025,783466c838163bf7,326,0,0,76,prairie
Stylized.Nature.MegaKit.Standard/glTF/Grass_Wispy_Short.bin,Stylized.Nature.MegaKit.Standard,Nature,SOURCE_TECHNIQUE,25324,c38f46e5a66ed391,,,,,
Stylized.Nature.MegaKit.Standard/glTF/Grass_Wispy_Short.gltf,Stylized.Nature.MegaKit.Standard,Nature,CANDIDAT_RUNTIME,2025,3c1d3bdd332420e0,494,0,0,76,prairie
Stylized.Nature.MegaKit.Standard/glTF/Grass_Wispy_Tall.bin,Stylized.Nature.MegaKit.Standard,Nature,SOURCE_TECHNIQUE,29492,a46e091f39958242,,,,,
Stylized.Nature.MegaKit.Standard/glTF/Grass_Wispy_Tall.gltf,Stylized.Nature.MegaKit.Standard,Nature,CANDIDAT_RUNTIME,2023,a05e3ac05e43abbd,622,0,0,76,prairie
Stylized.Nature.MegaKit.Standard/glTF/Leaf_Pine.png,Stylized.Nature.MegaKit.Standard,Nature,DOUBLON_CONTENU,71747,b1a6de1f0f2d1d68,,,,,
Stylized.Nature.MegaKit.Standard/glTF/Leaf_Pine_C.png,Stylized.Nature.MegaKit.Standard,Nature,DOUBLON_CONTENU,70055,86f7ff7a214f5424,,,,,
Stylized.Nature.MegaKit.Standard/glTF/Leaves.png,Stylized.Nature.MegaKit.Standard,Nature,DOUBLON_CONTENU,2586432,23248cebe28a24e7,,,,,
Stylized.Nature.MegaKit.Standard/glTF/Leaves_GiantPine_C.png,Stylized.Nature.MegaKit.Standard,Nature,DOUBLON_CONTENU,59613,57f375e6a8ee339a,,,,,
Stylized.Nature.MegaKit.Standard/glTF/Leaves_NormalTree.png,Stylized.Nature.MegaKit.Standard,Nature,DOUBLON_CONTENU,158772,171ad1c8fa6ddde3,,,,,
Stylized.Nature.MegaKit.Standard/glTF/Leaves_NormalTree_C.png,Stylized.Nature.MegaKit.Standard,Nature,DOUBLON_CONTENU,158796,998612bdf0b76a22,,,,,
Stylized.Nature.MegaKit.Standard/glTF/Leaves_TwistedTree.png,Stylized.Nature.MegaKit.Standard,Nature,DOUBLON_CONTENU,69611,d548e707fa34a558,,,,,
Stylized.Nature.MegaKit.Standard/glTF/Leaves_TwistedTree_C.png,Stylized.Nature.MegaKit.Standard,Nature,DOUBLON_CONTENU,70353,0e459b56b14c0e81,,,,,
Stylized.Nature.MegaKit.Standard/glTF/Mushroom_Common.bin,Stylized.Nature.MegaKit.Standard,Nature,SOURCE_TECHNIQUE,23040,e4cee9f2570505a1,,,,,
Stylized.Nature.MegaKit.Standard/glTF/Mushroom_Common.gltf,Stylized.Nature.MegaKit.Standard,Nature,CANDIDAT_RUNTIME,1822,2088b39d92f2f633,880,0,0,69,foret
Stylized.Nature.MegaKit.Standard/glTF/Mushroom_Laetiporus.bin,Stylized.Nature.MegaKit.Standard,Nature,SOURCE_TECHNIQUE,77088,14f4835745947e70,,,,,
Stylized.Nature.MegaKit.Standard/glTF/Mushroom_Laetiporus.gltf,Stylized.Nature.MegaKit.Standard,Nature,CANDIDAT_RUNTIME,1833,88d264df9da6b040,3216,0,0,75,foret
Stylized.Nature.MegaKit.Standard/glTF/Mushrooms.png,Stylized.Nature.MegaKit.Standard,Nature,DOUBLON_CONTENU,1208660,e29eed2db831e44a,,,,,
Stylized.Nature.MegaKit.Standard/glTF/PathRocks_Diffuse.png,Stylized.Nature.MegaKit.Standard,Rochers,DOUBLON_CONTENU,811732,85a04abb2c136fee,,,,,
Stylized.Nature.MegaKit.Standard/glTF/Pebble_Round_1.bin,Stylized.Nature.MegaKit.Standard,Rochers,SOURCE_TECHNIQUE,10160,f3dacef3243ccaaa,,,,,
Stylized.Nature.MegaKit.Standard/glTF/Pebble_Round_1.gltf,Stylized.Nature.MegaKit.Standard,Rochers,UTILISÉ_RUNTIME,1850,9f6261c81134915e,136,0,0,68,
Stylized.Nature.MegaKit.Standard/glTF/Pebble_Round_2.bin,Stylized.Nature.MegaKit.Standard,Rochers,SOURCE_TECHNIQUE,7468,1bfde4a0934efd62,,,,,
Stylized.Nature.MegaKit.Standard/glTF/Pebble_Round_2.gltf,Stylized.Nature.MegaKit.Standard,Rochers,UTILISÉ_RUNTIME,1848,d840c072326701dd,114,0,0,68,
Stylized.Nature.MegaKit.Standard/glTF/Pebble_Round_3.bin,Stylized.Nature.MegaKit.Standard,Rochers,SOURCE_TECHNIQUE,8576,a7367e78163d396e,,,,,
Stylized.Nature.MegaKit.Standard/glTF/Pebble_Round_3.gltf,Stylized.Nature.MegaKit.Standard,Rochers,UTILISÉ_RUNTIME,1848,d50c99d98abd4db9,128,0,0,68,
Stylized.Nature.MegaKit.Standard/glTF/Pebble_Round_4.bin,Stylized.Nature.MegaKit.Standard,Rochers,SOURCE_TECHNIQUE,9268,7b3ef03544c3db80,,,,,
Stylized.Nature.MegaKit.Standard/glTF/Pebble_Round_4.gltf,Stylized.Nature.MegaKit.Standard,Rochers,CANDIDAT_RUNTIME,1841,39be4f0e25d2c4d1,126,0,0,68,
Stylized.Nature.MegaKit.Standard/glTF/Pebble_Round_5.bin,Stylized.Nature.MegaKit.Standard,Rochers,SOURCE_TECHNIQUE,8872,47fb694cc6fb08ce,,,,,
Stylized.Nature.MegaKit.Standard/glTF/Pebble_Round_5.gltf,Stylized.Nature.MegaKit.Standard,Rochers,CANDIDAT_RUNTIME,1846,b035e434152a2e78,124,0,0,68,
Stylized.Nature.MegaKit.Standard/glTF/Pebble_Square_1.bin,Stylized.Nature.MegaKit.Standard,Rochers,SOURCE_TECHNIQUE,7536,dcb3711eff865af8,,,,,
Stylized.Nature.MegaKit.Standard/glTF/Pebble_Square_1.gltf,Stylized.Nature.MegaKit.Standard,Rochers,À_ADAPTER,1850,c8a4226bfc4f026a,104,0,0,62,
Stylized.Nature.MegaKit.Standard/glTF/Pebble_Square_2.bin,Stylized.Nature.MegaKit.Standard,Rochers,SOURCE_TECHNIQUE,5652,b0d17008f72e7bc7,,,,,
Stylized.Nature.MegaKit.Standard/glTF/Pebble_Square_2.gltf,Stylized.Nature.MegaKit.Standard,Rochers,À_ADAPTER,1847,cf3d0970b924f59d,78,0,0,62,
Stylized.Nature.MegaKit.Standard/glTF/Pebble_Square_3.bin,Stylized.Nature.MegaKit.Standard,Rochers,SOURCE_TECHNIQUE,3768,fff619340f9b7014,,,,,
Stylized.Nature.MegaKit.Standard/glTF/Pebble_Square_3.gltf,Stylized.Nature.MegaKit.Standard,Rochers,À_ADAPTER,1847,da6e5ed6fec5cf1d,52,0,0,62,
Stylized.Nature.MegaKit.Standard/glTF/Pebble_Square_4.bin,Stylized.Nature.MegaKit.Standard,Rochers,SOURCE_TECHNIQUE,3360,94023e7e6bd8145d,,,,,
Stylized.Nature.MegaKit.Standard/glTF/Pebble_Square_4.gltf,Stylized.Nature.MegaKit.Standard,Rochers,À_ADAPTER,1846,b75355cd9e8c743b,48,0,0,58,
Stylized.Nature.MegaKit.Standard/glTF/Pebble_Square_5.bin,Stylized.Nature.MegaKit.Standard,Rochers,SOURCE_TECHNIQUE,5424,0e03ae9fd1967ccd,,,,,
Stylized.Nature.MegaKit.Standard/glTF/Pebble_Square_5.gltf,Stylized.Nature.MegaKit.Standard,Rochers,À_ADAPTER,1849,09dc37cdbcf98cca,72,0,0,62,
Stylized.Nature.MegaKit.Standard/glTF/Pebble_Square_6.bin,Stylized.Nature.MegaKit.Standard,Rochers,SOURCE_TECHNIQUE,4840,887103acbb99c4c5,,,,,
Stylized.Nature.MegaKit.Standard/glTF/Pebble_Square_6.gltf,Stylized.Nature.MegaKit.Standard,Rochers,À_ADAPTER,1850,b4d7d7ddc200c65e,65,0,0,62,
Stylized.Nature.MegaKit.Standard/glTF/Petal_1.bin,Stylized.Nature.MegaKit.Standard,Nature,SOURCE_TECHNIQUE,528,4f7bc6298a1a7b45,,,,,
Stylized.Nature.MegaKit.Standard/glTF/Petal_1.gltf,Stylized.Nature.MegaKit.Standard,Nature,À_ADAPTER,1845,7ad38ef04b4f538a,13,0,0,57,
Stylized.Nature.MegaKit.Standard/glTF/Petal_2.bin,Stylized.Nature.MegaKit.Standard,Nature,SOURCE_TECHNIQUE,604,1d47f9e12f3bc06f,,,,,
Stylized.Nature.MegaKit.Standard/glTF/Petal_2.gltf,Stylized.Nature.MegaKit.Standard,Nature,À_ADAPTER,1825,7be9f20c9e42316f,15,0,0,57,
Stylized.Nature.MegaKit.Standard/glTF/Petal_3.bin,Stylized.Nature.MegaKit.Standard,Nature,SOURCE_TECHNIQUE,604,bb90caa4abbcfe3a,,,,,
Stylized.Nature.MegaKit.Standard/glTF/Petal_3.gltf,Stylized.Nature.MegaKit.Standard,Nature,À_ADAPTER,1849,bcfa1f87616e86c9,15,0,0,57,
Stylized.Nature.MegaKit.Standard/glTF/Petal_4.bin,Stylized.Nature.MegaKit.Standard,Nature,SOURCE_TECHNIQUE,980,556e2966bc234498,,,,,
Stylized.Nature.MegaKit.Standard/glTF/Petal_4.gltf,Stylized.Nature.MegaKit.Standard,Nature,À_ADAPTER,1848,5b5074d1af7dc5b8,30,0,0,57,
Stylized.Nature.MegaKit.Standard/glTF/Petal_5.bin,Stylized.Nature.MegaKit.Standard,Nature,SOURCE_TECHNIQUE,604,5f29cb382c7f1318,,,,,
Stylized.Nature.MegaKit.Standard/glTF/Petal_5.gltf,Stylized.Nature.MegaKit.Standard,Nature,À_ADAPTER,1844,25f0afc73eebc4f7,15,0,0,57,
Stylized.Nature.MegaKit.Standard/glTF/Pine_1.bin,Stylized.Nature.MegaKit.Standard,Nature,SOURCE_TECHNIQUE,275492,0cc0900d156359ca,,,,,
Stylized.Nature.MegaKit.Standard/glTF/Pine_1.gltf,Stylized.Nature.MegaKit.Standard,Nature,CANDIDAT_RUNTIME,3832,adc85a72e6f46f71,3947,0,0,84,hauteurs
Stylized.Nature.MegaKit.Standard/glTF/Pine_2.bin,Stylized.Nature.MegaKit.Standard,Nature,SOURCE_TECHNIQUE,258336,5ba81ed2b131243b,,,,,
Stylized.Nature.MegaKit.Standard/glTF/Pine_2.gltf,Stylized.Nature.MegaKit.Standard,Nature,CANDIDAT_RUNTIME,3833,57bd4732170b6c7e,3648,0,0,84,hauteurs
Stylized.Nature.MegaKit.Standard/glTF/Pine_3.bin,Stylized.Nature.MegaKit.Standard,Nature,SOURCE_TECHNIQUE,345288,73edd69d7e789b12,,,,,
Stylized.Nature.MegaKit.Standard/glTF/Pine_3.gltf,Stylized.Nature.MegaKit.Standard,Nature,CANDIDAT_RUNTIME,3827,54c72a4d614f053d,4964,0,0,84,hauteurs
Stylized.Nature.MegaKit.Standard/glTF/Pine_4.bin,Stylized.Nature.MegaKit.Standard,Nature,SOURCE_TECHNIQUE,254844,0a04c88f619924d9,,,,,
Stylized.Nature.MegaKit.Standard/glTF/Pine_4.gltf,Stylized.Nature.MegaKit.Standard,Nature,CANDIDAT_RUNTIME,3831,d8978cfd5a29a224,3370,0,0,84,hauteurs
Stylized.Nature.MegaKit.Standard/glTF/Pine_5.bin,Stylized.Nature.MegaKit.Standard,Nature,SOURCE_TECHNIQUE,120996,18982d7f6c430d1a,,,,,
Stylized.Nature.MegaKit.Standard/glTF/Pine_5.gltf,Stylized.Nature.MegaKit.Standard,Nature,CANDIDAT_RUNTIME,3815,bb060ce1420af32d,1646,0,0,84,hauteurs
Stylized.Nature.MegaKit.Standard/glTF/Plant_1.bin,Stylized.Nature.MegaKit.Standard,Nature,SOURCE_TECHNIQUE,5520,cc36c3e6e3473e13,,,,,
Stylized.Nature.MegaKit.Standard/glTF/Plant_1.gltf,Stylized.Nature.MegaKit.Standard,Nature,À_ADAPTER,2057,11749feb4c196bc6,120,0,0,50,
Stylized.Nature.MegaKit.Standard/glTF/Plant_1_Big.bin,Stylized.Nature.MegaKit.Standard,Nature,SOURCE_TECHNIQUE,16560,aed5d27bb5a06e0e,,,,,
Stylized.Nature.MegaKit.Standard/glTF/Plant_1_Big.gltf,Stylized.Nature.MegaKit.Standard,Nature,À_ADAPTER,2075,8c22e28d1ad79f39,360,0,0,53,
Stylized.Nature.MegaKit.Standard/glTF/Plant_7.bin,Stylized.Nature.MegaKit.Standard,Nature,SOURCE_TECHNIQUE,2016,7b2b78dade4459c7,,,,,
Stylized.Nature.MegaKit.Standard/glTF/Plant_7.gltf,Stylized.Nature.MegaKit.Standard,Nature,REJETÉ_ARTISTIQUEMENT,1844,04d5562bdfc4b070,48,0,0,43,
Stylized.Nature.MegaKit.Standard/glTF/Plant_7_Big.bin,Stylized.Nature.MegaKit.Standard,Nature,SOURCE_TECHNIQUE,4704,745e7dd5c8adde53,,,,,
Stylized.Nature.MegaKit.Standard/glTF/Plant_7_Big.gltf,Stylized.Nature.MegaKit.Standard,Nature,À_ADAPTER,1857,279b54d91b66f303,112,0,0,47,
Stylized.Nature.MegaKit.Standard/glTF/RockPath_Round_Small_1.bin,Stylized.Nature.MegaKit.Standard,Rochers,SOURCE_TECHNIQUE,71140,8a77235966e7df8e,,,,,
Stylized.Nature.MegaKit.Standard/glTF/RockPath_Round_Small_1.gltf,Stylized.Nature.MegaKit.Standard,Rochers,CANDIDAT_RUNTIME,1871,9e2fc37aabceed94,998,0,0,82,guidage
Stylized.Nature.MegaKit.Standard/glTF/RockPath_Round_Small_2.bin,Stylized.Nature.MegaKit.Standard,Rochers,SOURCE_TECHNIQUE,79204,481e1f00245eaaa0,,,,,
Stylized.Nature.MegaKit.Standard/glTF/RockPath_Round_Small_2.gltf,Stylized.Nature.MegaKit.Standard,Rochers,CANDIDAT_RUNTIME,1873,154268202ef95a6d,1126,0,0,82,guidage
Stylized.Nature.MegaKit.Standard/glTF/RockPath_Round_Small_3.bin,Stylized.Nature.MegaKit.Standard,Rochers,SOURCE_TECHNIQUE,70844,92385dd3b3f06ef9,,,,,
Stylized.Nature.MegaKit.Standard/glTF/RockPath_Round_Small_3.gltf,Stylized.Nature.MegaKit.Standard,Rochers,CANDIDAT_RUNTIME,1872,d1715df53df496fd,1002,0,0,82,guidage
Stylized.Nature.MegaKit.Standard/glTF/RockPath_Round_Thin.bin,Stylized.Nature.MegaKit.Standard,Rochers,SOURCE_TECHNIQUE,159316,3bacc605d7bd1a52,,,,,
Stylized.Nature.MegaKit.Standard/glTF/RockPath_Round_Thin.gltf,Stylized.Nature.MegaKit.Standard,Rochers,CANDIDAT_RUNTIME,1868,afa02d5495b8ead8,2254,0,0,82,guidage
Stylized.Nature.MegaKit.Standard/glTF/RockPath_Round_Wide.bin,Stylized.Nature.MegaKit.Standard,Rochers,SOURCE_TECHNIQUE,247688,d88fa064e1c11fad,,,,,
Stylized.Nature.MegaKit.Standard/glTF/RockPath_Round_Wide.gltf,Stylized.Nature.MegaKit.Standard,Rochers,CANDIDAT_RUNTIME,1868,47d4f9d79f2500a5,3500,0,0,82,guidage
Stylized.Nature.MegaKit.Standard/glTF/RockPath_Square_Small_1.bin,Stylized.Nature.MegaKit.Standard,Rochers,SOURCE_TECHNIQUE,56956,442fed6554c02423,,,,,
Stylized.Nature.MegaKit.Standard/glTF/RockPath_Square_Small_1.gltf,Stylized.Nature.MegaKit.Standard,Rochers,CANDIDAT_RUNTIME,1874,74571ca07d6795c9,783,0,0,76,guidage
Stylized.Nature.MegaKit.Standard/glTF/RockPath_Square_Small_2.bin,Stylized.Nature.MegaKit.Standard,Rochers,SOURCE_TECHNIQUE,40636,d73391a812afae83,,,,,
Stylized.Nature.MegaKit.Standard/glTF/RockPath_Square_Small_2.gltf,Stylized.Nature.MegaKit.Standard,Rochers,CANDIDAT_RUNTIME,1873,a5b392f56c41e51b,559,0,0,76,guidage
Stylized.Nature.MegaKit.Standard/glTF/RockPath_Square_Small_3.bin,Stylized.Nature.MegaKit.Standard,Rochers,SOURCE_TECHNIQUE,41040,c3f0c080f1e7b980,,,,,
Stylized.Nature.MegaKit.Standard/glTF/RockPath_Square_Small_3.gltf,Stylized.Nature.MegaKit.Standard,Rochers,CANDIDAT_RUNTIME,1873,fca8b33b1be66284,568,0,0,76,guidage
Stylized.Nature.MegaKit.Standard/glTF/RockPath_Square_Thin.bin,Stylized.Nature.MegaKit.Standard,Rochers,SOURCE_TECHNIQUE,130024,66d2bc07c49198d7,,,,,
Stylized.Nature.MegaKit.Standard/glTF/RockPath_Square_Thin.gltf,Stylized.Nature.MegaKit.Standard,Rochers,CANDIDAT_RUNTIME,1871,6295fba5e2bf9cbd,1793,0,0,76,guidage
Stylized.Nature.MegaKit.Standard/glTF/RockPath_Square_Wide.bin,Stylized.Nature.MegaKit.Standard,Rochers,SOURCE_TECHNIQUE,164320,8be8dde582b42e2c,,,,,
Stylized.Nature.MegaKit.Standard/glTF/RockPath_Square_Wide.gltf,Stylized.Nature.MegaKit.Standard,Rochers,CANDIDAT_RUNTIME,1872,f3ab0c835b516c08,2256,0,0,76,guidage
Stylized.Nature.MegaKit.Standard/glTF/Rock_Medium_1.bin,Stylized.Nature.MegaKit.Standard,Rochers,SOURCE_TECHNIQUE,13284,ea79527d4c2b3bdb,,,,,
Stylized.Nature.MegaKit.Standard/glTF/Rock_Medium_1.gltf,Stylized.Nature.MegaKit.Standard,Rochers,CANDIDAT_RUNTIME,1831,5d1ab1fa03218f4a,342,0,0,82,guidage
Stylized.Nature.MegaKit.Standard/glTF/Rock_Medium_2.bin,Stylized.Nature.MegaKit.Standard,Rochers,SOURCE_TECHNIQUE,9432,76b60bf8349f71ab,,,,,
Stylized.Nature.MegaKit.Standard/glTF/Rock_Medium_2.gltf,Stylized.Nature.MegaKit.Standard,Rochers,UTILISÉ_RUNTIME,1825,fac2d05a05f2d0d2,244,0,0,79,guidage
Stylized.Nature.MegaKit.Standard/glTF/Rock_Medium_3.bin,Stylized.Nature.MegaKit.Standard,Rochers,SOURCE_TECHNIQUE,20124,63f94bce2d3fb3fe,,,,,
Stylized.Nature.MegaKit.Standard/glTF/Rock_Medium_3.gltf,Stylized.Nature.MegaKit.Standard,Rochers,UTILISÉ_RUNTIME,1832,9a575b911372cf91,522,0,0,82,guidage
Stylized.Nature.MegaKit.Standard/glTF/Rocks_Desert_Diffuse.png,Stylized.Nature.MegaKit.Standard,Rochers,DOUBLON_CONTENU,2095731,209a27345707385a,,,,,
Stylized.Nature.MegaKit.Standard/glTF/Rocks_Diffuse.png,Stylized.Nature.MegaKit.Standard,Rochers,DOUBLON_CONTENU,2517398,b813696df6081f46,,,,,
Stylized.Nature.MegaKit.Standard/glTF/TwistedTree_1.bin,Stylized.Nature.MegaKit.Standard,Nature,SOURCE_TECHNIQUE,732456,58e4c16c16e0a710,,,,,
Stylized.Nature.MegaKit.Standard/glTF/TwistedTree_1.gltf,Stylized.Nature.MegaKit.Standard,Nature,CANDIDAT_RUNTIME,3819,8544b084e1fadfbe,9564,0,0,68,foret
Stylized.Nature.MegaKit.Standard/glTF/TwistedTree_2.bin,Stylized.Nature.MegaKit.Standard,Nature,SOURCE_TECHNIQUE,698340,968895bfe950e40a,,,,,
Stylized.Nature.MegaKit.Standard/glTF/TwistedTree_2.gltf,Stylized.Nature.MegaKit.Standard,Nature,CANDIDAT_RUNTIME,3815,7d57307e4ba817e8,9134,0,0,68,foret
Stylized.Nature.MegaKit.Standard/glTF/TwistedTree_3.bin,Stylized.Nature.MegaKit.Standard,Nature,SOURCE_TECHNIQUE,771176,04ad394055b72a3d,,,,,
Stylized.Nature.MegaKit.Standard/glTF/TwistedTree_3.gltf,Stylized.Nature.MegaKit.Standard,Nature,CANDIDAT_RUNTIME,3817,c719e6f2f26bb5f4,10089,0,0,68,foret
Stylized.Nature.MegaKit.Standard/glTF/TwistedTree_4.bin,Stylized.Nature.MegaKit.Standard,Nature,SOURCE_TECHNIQUE,757248,4a256031f3a8da2e,,,,,
Stylized.Nature.MegaKit.Standard/glTF/TwistedTree_4.gltf,Stylized.Nature.MegaKit.Standard,Nature,CANDIDAT_RUNTIME,3817,9d39f221d991b50b,9600,0,0,68,foret
Stylized.Nature.MegaKit.Standard/glTF/TwistedTree_5.bin,Stylized.Nature.MegaKit.Standard,Nature,SOURCE_TECHNIQUE,811680,687fe8183da031a2,,,,,
Stylized.Nature.MegaKit.Standard/glTF/TwistedTree_5.gltf,Stylized.Nature.MegaKit.Standard,Nature,CANDIDAT_RUNTIME,3822,c193b23d5dc52e7b,10104,0,0,68,foret
Stylized.Nature.MegaKit.Standard/glTF/desktop.ini,Stylized.Nature.MegaKit.Standard,Nature,SOURCE_TECHNIQUE,4145,f190926d4f718d09,,,,,
Stylized.Nature.MegaKit.Standard/FBX/Bush_Common.fbx,Stylized.Nature.MegaKit.Standard,Nature,DOUBLON_FORMAT,81580,88d06836c90d6ea9,,,,,
Stylized.Nature.MegaKit.Standard/FBX/Bush_Common_Flowers.fbx,Stylized.Nature.MegaKit.Standard,Nature,DOUBLON_FORMAT,112316,ee6a09c059ab96f8,,,,,
Stylized.Nature.MegaKit.Standard/FBX/Clover_1.fbx,Stylized.Nature.MegaKit.Standard,Nature,DOUBLON_FORMAT,32668,b5d1cc33ccdbd6fe,,,,,
Stylized.Nature.MegaKit.Standard/FBX/Clover_2.fbx,Stylized.Nature.MegaKit.Standard,Nature,DOUBLON_FORMAT,40108,cf5ead704a5fbf77,,,,,
Stylized.Nature.MegaKit.Standard/FBX/CommonTree_1.fbx,Stylized.Nature.MegaKit.Standard,Nature,DOUBLON_FORMAT,365068,fdddc50c46eb286a,,,,,
Stylized.Nature.MegaKit.Standard/FBX/CommonTree_2.fbx,Stylized.Nature.MegaKit.Standard,Nature,DOUBLON_FORMAT,323340,11983d30fb993755,,,,,
Stylized.Nature.MegaKit.Standard/FBX/CommonTree_3.fbx,Stylized.Nature.MegaKit.Standard,Nature,DOUBLON_FORMAT,232284,fce1c6ec64dacc58,,,,,
Stylized.Nature.MegaKit.Standard/FBX/CommonTree_4.fbx,Stylized.Nature.MegaKit.Standard,Nature,DOUBLON_FORMAT,236428,6babfe6f1c8a7532,,,,,
Stylized.Nature.MegaKit.Standard/FBX/CommonTree_5.fbx,Stylized.Nature.MegaKit.Standard,Nature,DOUBLON_FORMAT,206108,ddf7696f72efeb18,,,,,
Stylized.Nature.MegaKit.Standard/FBX/DeadTree_1.fbx,Stylized.Nature.MegaKit.Standard,Nature,DOUBLON_FORMAT,320524,5d233409d4feeecf,,,,,
Stylized.Nature.MegaKit.Standard/FBX/DeadTree_2.fbx,Stylized.Nature.MegaKit.Standard,Nature,DOUBLON_FORMAT,339660,aa1d174c55016602,,,,,
Stylized.Nature.MegaKit.Standard/FBX/DeadTree_3.fbx,Stylized.Nature.MegaKit.Standard,Nature,DOUBLON_FORMAT,299196,8b27f4a36b768968,,,,,
Stylized.Nature.MegaKit.Standard/FBX/DeadTree_4.fbx,Stylized.Nature.MegaKit.Standard,Nature,DOUBLON_FORMAT,293996,580a7d084421a5ae,,,,,
Stylized.Nature.MegaKit.Standard/FBX/DeadTree_5.fbx,Stylized.Nature.MegaKit.Standard,Nature,DOUBLON_FORMAT,291356,33b1b1cbd45b3751,,,,,
Stylized.Nature.MegaKit.Standard/FBX/Fern_1.fbx,Stylized.Nature.MegaKit.Standard,Nature,DOUBLON_FORMAT,31884,cdcec5aeb0f1faf8,,,,,
Stylized.Nature.MegaKit.Standard/FBX/Flower_3_Group.fbx,Stylized.Nature.MegaKit.Standard,Nature,DOUBLON_FORMAT,48716,619e7bf8e4507061,,,,,
Stylized.Nature.MegaKit.Standard/FBX/Flower_3_Single.fbx,Stylized.Nature.MegaKit.Standard,Nature,DOUBLON_FORMAT,32924,c18ba1c95bf6bb2a,,,,,
Stylized.Nature.MegaKit.Standard/FBX/Flower_4_Group.fbx,Stylized.Nature.MegaKit.Standard,Nature,DOUBLON_FORMAT,78252,19006fe82736ad4d,,,,,
Stylized.Nature.MegaKit.Standard/FBX/Flower_4_Single.fbx,Stylized.Nature.MegaKit.Standard,Nature,DOUBLON_FORMAT,44876,ee590847aa051503,,,,,
Stylized.Nature.MegaKit.Standard/FBX/Grass_Common_Short.fbx,Stylized.Nature.MegaKit.Standard,Nature,DOUBLON_FORMAT,25996,d1d5466c089b41b5,,,,,
Stylized.Nature.MegaKit.Standard/FBX/Grass_Common_Tall.fbx,Stylized.Nature.MegaKit.Standard,Nature,DOUBLON_FORMAT,32604,aaaf21a0a3ebfc1f,,,,,
Stylized.Nature.MegaKit.Standard/FBX/Grass_Wispy_Short.fbx,Stylized.Nature.MegaKit.Standard,Nature,DOUBLON_FORMAT,40620,c4d467aab2a9e359,,,,,
Stylized.Nature.MegaKit.Standard/FBX/Grass_Wispy_Tall.fbx,Stylized.Nature.MegaKit.Standard,Nature,DOUBLON_FORMAT,43948,c92a2ec9c24abc1d,,,,,
Stylized.Nature.MegaKit.Standard/FBX/Mushroom_Common.fbx,Stylized.Nature.MegaKit.Standard,Nature,DOUBLON_FORMAT,42636,3be2066a78136497,,,,,
Stylized.Nature.MegaKit.Standard/FBX/Mushroom_Laetiporus.fbx,Stylized.Nature.MegaKit.Standard,Nature,DOUBLON_FORMAT,106748,9f34efd81b3ff3c7,,,,,
Stylized.Nature.MegaKit.Standard/FBX/Pebble_Round_1.fbx,Stylized.Nature.MegaKit.Standard,Rochers,DOUBLON_FORMAT,22716,eccf1350e7619e92,,,,,
Stylized.Nature.MegaKit.Standard/FBX/Pebble_Round_2.fbx,Stylized.Nature.MegaKit.Standard,Rochers,DOUBLON_FORMAT,22028,bfc091999973c9cc,,,,,
Stylized.Nature.MegaKit.Standard/FBX/Pebble_Round_3.fbx,Stylized.Nature.MegaKit.Standard,Rochers,DOUBLON_FORMAT,22396,4ce7a6ce003a9a57,,,,,
Stylized.Nature.MegaKit.Standard/FBX/Pebble_Round_4.fbx,Stylized.Nature.MegaKit.Standard,Rochers,DOUBLON_FORMAT,22316,4f6665d4b9e7b25a,,,,,
Stylized.Nature.MegaKit.Standard/FBX/Pebble_Round_5.fbx,Stylized.Nature.MegaKit.Standard,Rochers,DOUBLON_FORMAT,22204,6beef1be50b54104,,,,,
Stylized.Nature.MegaKit.Standard/FBX/Pebble_Square_1.fbx,Stylized.Nature.MegaKit.Standard,Rochers,DOUBLON_FORMAT,21708,7afab3228673d9aa,,,,,
Stylized.Nature.MegaKit.Standard/FBX/Pebble_Square_2.fbx,Stylized.Nature.MegaKit.Standard,Rochers,DOUBLON_FORMAT,20908,1552707219c14ae6,,,,,
Stylized.Nature.MegaKit.Standard/FBX/Pebble_Square_3.fbx,Stylized.Nature.MegaKit.Standard,Rochers,DOUBLON_FORMAT,20108,b976bbe30ecd52f1,,,,,
Stylized.Nature.MegaKit.Standard/FBX/Pebble_Square_4.fbx,Stylized.Nature.MegaKit.Standard,Rochers,DOUBLON_FORMAT,20140,64fac01bf13c5f5a,,,,,
Stylized.Nature.MegaKit.Standard/FBX/Pebble_Square_5.fbx,Stylized.Nature.MegaKit.Standard,Rochers,DOUBLON_FORMAT,20796,794b82d18f219aa6,,,,,
Stylized.Nature.MegaKit.Standard/FBX/Pebble_Square_6.fbx,Stylized.Nature.MegaKit.Standard,Rochers,DOUBLON_FORMAT,20540,7e1b90b967e327f2,,,,,
Stylized.Nature.MegaKit.Standard/FBX/Petal_1.fbx,Stylized.Nature.MegaKit.Standard,Nature,DOUBLON_FORMAT,19676,b652cad00f65164a,,,,,
Stylized.Nature.MegaKit.Standard/FBX/Petal_2.fbx,Stylized.Nature.MegaKit.Standard,Nature,DOUBLON_FORMAT,19820,65d3f4b28242850d,,,,,
Stylized.Nature.MegaKit.Standard/FBX/Petal_3.fbx,Stylized.Nature.MegaKit.Standard,Nature,DOUBLON_FORMAT,19820,b059bd4b46769864,,,,,
Stylized.Nature.MegaKit.Standard/FBX/Petal_4.fbx,Stylized.Nature.MegaKit.Standard,Nature,DOUBLON_FORMAT,20236,d1c7d6a8875f7f9b,,,,,
Stylized.Nature.MegaKit.Standard/FBX/Petal_5.fbx,Stylized.Nature.MegaKit.Standard,Nature,DOUBLON_FORMAT,19820,68e3d9c04ad9c3d3,,,,,
Stylized.Nature.MegaKit.Standard/FBX/Pine_1.fbx,Stylized.Nature.MegaKit.Standard,Nature,DOUBLON_FORMAT,222204,298ce6f57d0c8f54,,,,,
Stylized.Nature.MegaKit.Standard/FBX/Pine_2.fbx,Stylized.Nature.MegaKit.Standard,Nature,DOUBLON_FORMAT,205036,1ec8ee0339965d42,,,,,
Stylized.Nature.MegaKit.Standard/FBX/Pine_3.fbx,Stylized.Nature.MegaKit.Standard,Nature,DOUBLON_FORMAT,263724,434578608ba1f2ee,,,,,
Stylized.Nature.MegaKit.Standard/FBX/Pine_4.fbx,Stylized.Nature.MegaKit.Standard,Nature,DOUBLON_FORMAT,198108,043b01028cf17065,,,,,
Stylized.Nature.MegaKit.Standard/FBX/Pine_5.fbx,Stylized.Nature.MegaKit.Standard,Nature,DOUBLON_FORMAT,112124,97f238589a028768,,,,,
Stylized.Nature.MegaKit.Standard/FBX/Plant_1.fbx,Stylized.Nature.MegaKit.Standard,Nature,DOUBLON_FORMAT,24412,8d2d903be0d1db61,,,,,
Stylized.Nature.MegaKit.Standard/FBX/Plant_1_Big.fbx,Stylized.Nature.MegaKit.Standard,Nature,DOUBLON_FORMAT,34188,d36f0331c9a1c1db,,,,,
Stylized.Nature.MegaKit.Standard/FBX/Plant_7.fbx,Stylized.Nature.MegaKit.Standard,Nature,DOUBLON_FORMAT,21308,99f83c3d10f097fa,,,,,
Stylized.Nature.MegaKit.Standard/FBX/Plant_7_Big.fbx,Stylized.Nature.MegaKit.Standard,Nature,DOUBLON_FORMAT,24268,94a1e3a8ae45e82b,,,,,
Stylized.Nature.MegaKit.Standard/FBX/RockPath_Round_Small_1.fbx,Stylized.Nature.MegaKit.Standard,Rochers,DOUBLON_FORMAT,46220,852e6a25f22e6a3e,,,,,
Stylized.Nature.MegaKit.Standard/FBX/RockPath_Round_Small_2.fbx,Stylized.Nature.MegaKit.Standard,Rochers,DOUBLON_FORMAT,48956,5836282e7c6c24f0,,,,,
Stylized.Nature.MegaKit.Standard/FBX/RockPath_Round_Small_3.fbx,Stylized.Nature.MegaKit.Standard,Rochers,DOUBLON_FORMAT,46460,fab5c1bb7a5f202a,,,,,
Stylized.Nature.MegaKit.Standard/FBX/RockPath_Round_Thin.fbx,Stylized.Nature.MegaKit.Standard,Rochers,DOUBLON_FORMAT,76796,acb5c7849f554e16,,,,,
Stylized.Nature.MegaKit.Standard/FBX/RockPath_Round_Wide.fbx,Stylized.Nature.MegaKit.Standard,Rochers,DOUBLON_FORMAT,106940,be5b1bedd62735b5,,,,,
Stylized.Nature.MegaKit.Standard/FBX/RockPath_Square_Small_1.fbx,Stylized.Nature.MegaKit.Standard,Rochers,DOUBLON_FORMAT,40060,6bdc85d69bc75b17,,,,,
Stylized.Nature.MegaKit.Standard/FBX/RockPath_Square_Small_2.fbx,Stylized.Nature.MegaKit.Standard,Rochers,DOUBLON_FORMAT,33628,879b35ca3e81475b,,,,,
Stylized.Nature.MegaKit.Standard/FBX/RockPath_Square_Small_3.fbx,Stylized.Nature.MegaKit.Standard,Rochers,DOUBLON_FORMAT,34188,7c0825b8c9d015ec,,,,,
Stylized.Nature.MegaKit.Standard/FBX/RockPath_Square_Thin.fbx,Stylized.Nature.MegaKit.Standard,Rochers,DOUBLON_FORMAT,64620,a20921f31b42c3c1,,,,,
Stylized.Nature.MegaKit.Standard/FBX/RockPath_Square_Wide.fbx,Stylized.Nature.MegaKit.Standard,Rochers,DOUBLON_FORMAT,75260,13bf095ec9eaeefa,,,,,
Stylized.Nature.MegaKit.Standard/FBX/Rock_Medium_1.fbx,Stylized.Nature.MegaKit.Standard,Rochers,DOUBLON_FORMAT,30572,428d46fcd8941150,,,,,
Stylized.Nature.MegaKit.Standard/FBX/Rock_Medium_2.fbx,Stylized.Nature.MegaKit.Standard,Rochers,DOUBLON_FORMAT,27164,178576f884fdcc3a,,,,,
Stylized.Nature.MegaKit.Standard/FBX/Rock_Medium_3.fbx,Stylized.Nature.MegaKit.Standard,Rochers,DOUBLON_FORMAT,37052,f904be29181f09fb,,,,,
Stylized.Nature.MegaKit.Standard/FBX/TwistedTree_1.fbx,Stylized.Nature.MegaKit.Standard,Nature,DOUBLON_FORMAT,526716,825fa484dfb78027,,,,,
Stylized.Nature.MegaKit.Standard/FBX/TwistedTree_2.fbx,Stylized.Nature.MegaKit.Standard,Nature,DOUBLON_FORMAT,506828,c93320b20bfd5ff1,,,,,
Stylized.Nature.MegaKit.Standard/FBX/TwistedTree_3.fbx,Stylized.Nature.MegaKit.Standard,Nature,DOUBLON_FORMAT,560220,cae16d569806cd43,,,,,
Stylized.Nature.MegaKit.Standard/FBX/TwistedTree_4.fbx,Stylized.Nature.MegaKit.Standard,Nature,DOUBLON_FORMAT,537884,6fe555327470e5cb,,,,,
Stylized.Nature.MegaKit.Standard/FBX/TwistedTree_5.fbx,Stylized.Nature.MegaKit.Standard,Nature,DOUBLON_FORMAT,568684,a291a6be467983af,,,,,
Stylized.Nature.MegaKit.Standard/OBJ/Bush_Common.mtl,Stylized.Nature.MegaKit.Standard,Nature,SOURCE_TECHNIQUE,462,b61974f106db9ca4,,,,,
Stylized.Nature.MegaKit.Standard/OBJ/Bush_Common.obj,Stylized.Nature.MegaKit.Standard,Nature,DOUBLON_FORMAT,119639,276478abbd84d9f3,,,,,
Stylized.Nature.MegaKit.Standard/OBJ/Bush_Common_Flowers.mtl,Stylized.Nature.MegaKit.Standard,Nature,SOURCE_TECHNIQUE,468,e75cec340ac75af4,,,,,
Stylized.Nature.MegaKit.Standard/OBJ/Bush_Common_Flowers.obj,Stylized.Nature.MegaKit.Standard,Nature,DOUBLON_FORMAT,172264,543232b5d3260969,,,,,
Stylized.Nature.MegaKit.Standard/OBJ/Clover_1.mtl,Stylized.Nature.MegaKit.Standard,Nature,SOURCE_TECHNIQUE,239,b923b7540691a8d9,,,,,
Stylized.Nature.MegaKit.Standard/OBJ/Clover_1.obj,Stylized.Nature.MegaKit.Standard,Nature,DOUBLON_FORMAT,26254,9adf3714b011a33d,,,,,
Stylized.Nature.MegaKit.Standard/OBJ/Clover_2.mtl,Stylized.Nature.MegaKit.Standard,Nature,SOURCE_TECHNIQUE,239,0eb46788cd8e5839,,,,,
Stylized.Nature.MegaKit.Standard/OBJ/Clover_2.obj,Stylized.Nature.MegaKit.Standard,Nature,DOUBLON_FORMAT,40801,a111646cf8982c0b,,,,,
Stylized.Nature.MegaKit.Standard/OBJ/CommonTree_1.mtl,Stylized.Nature.MegaKit.Standard,Nature,SOURCE_TECHNIQUE,519,53dcd395453dc8b8,,,,,
Stylized.Nature.MegaKit.Standard/OBJ/CommonTree_1.obj,Stylized.Nature.MegaKit.Standard,Nature,DOUBLON_FORMAT,645385,43132974e5bfb86e,,,,,
Stylized.Nature.MegaKit.Standard/OBJ/CommonTree_2.mtl,Stylized.Nature.MegaKit.Standard,Nature,SOURCE_TECHNIQUE,519,2a2f176e36960fff,,,,,
Stylized.Nature.MegaKit.Standard/OBJ/CommonTree_2.obj,Stylized.Nature.MegaKit.Standard,Nature,DOUBLON_FORMAT,556765,dae3cfd38f231fa4,,,,,
Stylized.Nature.MegaKit.Standard/OBJ/CommonTree_3.mtl,Stylized.Nature.MegaKit.Standard,Nature,SOURCE_TECHNIQUE,519,01f3a91102605046,,,,,
Stylized.Nature.MegaKit.Standard/OBJ/CommonTree_3.obj,Stylized.Nature.MegaKit.Standard,Nature,DOUBLON_FORMAT,405829,934a3e4e552ab204,,,,,
Stylized.Nature.MegaKit.Standard/OBJ/CommonTree_4.mtl,Stylized.Nature.MegaKit.Standard,Nature,SOURCE_TECHNIQUE,519,dc3cdcac8b9f3bd1,,,,,
Stylized.Nature.MegaKit.Standard/OBJ/CommonTree_4.obj,Stylized.Nature.MegaKit.Standard,Nature,DOUBLON_FORMAT,397026,888618030f707b44,,,,,
Stylized.Nature.MegaKit.Standard/OBJ/CommonTree_5.mtl,Stylized.Nature.MegaKit.Standard,Nature,SOURCE_TECHNIQUE,519,1902f878a9791d3c,,,,,
Stylized.Nature.MegaKit.Standard/OBJ/CommonTree_5.obj,Stylized.Nature.MegaKit.Standard,Nature,DOUBLON_FORMAT,342703,702d3a16c00ecca9,,,,,
Stylized.Nature.MegaKit.Standard/OBJ/DeadTree_1.mtl,Stylized.Nature.MegaKit.Standard,Nature,SOURCE_TECHNIQUE,296,bd6f287a67688f95,,,,,
Stylized.Nature.MegaKit.Standard/OBJ/DeadTree_1.obj,Stylized.Nature.MegaKit.Standard,Nature,DOUBLON_FORMAT,543919,f2641b72019ce496,,,,,
Stylized.Nature.MegaKit.Standard/OBJ/DeadTree_2.mtl,Stylized.Nature.MegaKit.Standard,Nature,SOURCE_TECHNIQUE,296,9495d95aaf4abb81,,,,,
Stylized.Nature.MegaKit.Standard/OBJ/DeadTree_2.obj,Stylized.Nature.MegaKit.Standard,Nature,DOUBLON_FORMAT,581293,315b1535a6ae349f,,,,,
Stylized.Nature.MegaKit.Standard/OBJ/DeadTree_3.mtl,Stylized.Nature.MegaKit.Standard,Nature,SOURCE_TECHNIQUE,296,d7fe2fcf4276c9b0,,,,,
Stylized.Nature.MegaKit.Standard/OBJ/DeadTree_3.obj,Stylized.Nature.MegaKit.Standard,Nature,DOUBLON_FORMAT,540604,433cc46758e0c9f3,,,,,
Stylized.Nature.MegaKit.Standard/OBJ/DeadTree_4.mtl,Stylized.Nature.MegaKit.Standard,Nature,SOURCE_TECHNIQUE,296,1f2a4f23570c8b81,,,,,
Stylized.Nature.MegaKit.Standard/OBJ/DeadTree_4.obj,Stylized.Nature.MegaKit.Standard,Nature,DOUBLON_FORMAT,525027,610c32a4de9b840d,,,,,
Stylized.Nature.MegaKit.Standard/OBJ/DeadTree_5.mtl,Stylized.Nature.MegaKit.Standard,Nature,SOURCE_TECHNIQUE,296,acc72ce4d12ea65e,,,,,
Stylized.Nature.MegaKit.Standard/OBJ/DeadTree_5.obj,Stylized.Nature.MegaKit.Standard,Nature,DOUBLON_FORMAT,519066,7afc08c66307fa88,,,,,
Stylized.Nature.MegaKit.Standard/OBJ/Fern_1.mtl,Stylized.Nature.MegaKit.Standard,Nature,SOURCE_TECHNIQUE,237,a967cfc610280a06,,,,,
Stylized.Nature.MegaKit.Standard/OBJ/Fern_1.obj,Stylized.Nature.MegaKit.Standard,Nature,DOUBLON_FORMAT,20148,11c3fe861f9cf195,,,,,
Stylized.Nature.MegaKit.Standard/OBJ/Flower_3_Group.mtl,Stylized.Nature.MegaKit.Standard,Nature,SOURCE_TECHNIQUE,426,e965592becce945b,,,,,
Stylized.Nature.MegaKit.Standard/OBJ/Flower_3_Group.obj,Stylized.Nature.MegaKit.Standard,Nature,DOUBLON_FORMAT,50075,cc1eb6a851e2164a,,,,,
Stylized.Nature.MegaKit.Standard/OBJ/Flower_3_Single.mtl,Stylized.Nature.MegaKit.Standard,Nature,SOURCE_TECHNIQUE,427,6d321d7809a28ed8,,,,,
Stylized.Nature.MegaKit.Standard/OBJ/Flower_3_Single.obj,Stylized.Nature.MegaKit.Standard,Nature,DOUBLON_FORMAT,20140,e9670ebcbe79cf12,,,,,
Stylized.Nature.MegaKit.Standard/OBJ/Flower_4_Group.mtl,Stylized.Nature.MegaKit.Standard,Nature,SOURCE_TECHNIQUE,426,7a35cc6d3eb70ce3,,,,,
Stylized.Nature.MegaKit.Standard/OBJ/Flower_4_Group.obj,Stylized.Nature.MegaKit.Standard,Nature,DOUBLON_FORMAT,111082,ba03ea38b4636190,,,,,
Stylized.Nature.MegaKit.Standard/OBJ/Flower_4_Single.mtl,Stylized.Nature.MegaKit.Standard,Nature,SOURCE_TECHNIQUE,427,137cf15c007c7b00,,,,,
Stylized.Nature.MegaKit.Standard/OBJ/Flower_4_Single.obj,Stylized.Nature.MegaKit.Standard,Nature,DOUBLON_FORMAT,42836,65bebbd312352c97,,,,,
Stylized.Nature.MegaKit.Standard/OBJ/Grass_Common_Short.mtl,Stylized.Nature.MegaKit.Standard,Nature,SOURCE_TECHNIQUE,238,d3543b515f6b2e70,,,,,
Stylized.Nature.MegaKit.Standard/OBJ/Grass_Common_Short.obj,Stylized.Nature.MegaKit.Standard,Nature,DOUBLON_FORMAT,14318,e6bfd5c10b076108,,,,,
Stylized.Nature.MegaKit.Standard/OBJ/Grass_Common_Tall.mtl,Stylized.Nature.MegaKit.Standard,Nature,SOURCE_TECHNIQUE,237,87b4bf1896da2b93,,,,,
Stylized.Nature.MegaKit.Standard/OBJ/Grass_Common_Tall.obj,Stylized.Nature.MegaKit.Standard,Nature,DOUBLON_FORMAT,23683,f40d52878a0166b6,,,,,
Stylized.Nature.MegaKit.Standard/OBJ/Grass_Wispy_Short.mtl,Stylized.Nature.MegaKit.Standard,Nature,SOURCE_TECHNIQUE,237,6f09cbc8333f52a7,,,,,
Stylized.Nature.MegaKit.Standard/OBJ/Grass_Wispy_Short.obj,Stylized.Nature.MegaKit.Standard,Nature,DOUBLON_FORMAT,43001,565f28937e1e6752,,,,,
Stylized.Nature.MegaKit.Standard/OBJ/Grass_Wispy_Tall.mtl,Stylized.Nature.MegaKit.Standard,Nature,SOURCE_TECHNIQUE,236,7959e519dbc1f123,,,,,
Stylized.Nature.MegaKit.Standard/OBJ/Grass_Wispy_Tall.obj,Stylized.Nature.MegaKit.Standard,Nature,DOUBLON_FORMAT,43571,7bb31b7f215529a9,,,,,
Stylized.Nature.MegaKit.Standard/OBJ/Mushroom_Common.mtl,Stylized.Nature.MegaKit.Standard,Nature,SOURCE_TECHNIQUE,243,e0afca21476ba0e8,,,,,
Stylized.Nature.MegaKit.Standard/OBJ/Mushroom_Common.obj,Stylized.Nature.MegaKit.Standard,Nature,DOUBLON_FORMAT,49259,80f361d44b0d9f3d,,,,,
Stylized.Nature.MegaKit.Standard/OBJ/Mushroom_Laetiporus.mtl,Stylized.Nature.MegaKit.Standard,Nature,SOURCE_TECHNIQUE,247,af5193ad1d4f2bda,,,,,
Stylized.Nature.MegaKit.Standard/OBJ/Mushroom_Laetiporus.obj,Stylized.Nature.MegaKit.Standard,Nature,DOUBLON_FORMAT,185268,06ebe5a6450fcbc3,,,,,
Stylized.Nature.MegaKit.Standard/OBJ/Pebble_Round_1.mtl,Stylized.Nature.MegaKit.Standard,Rochers,SOURCE_TECHNIQUE,250,92715a575affccb2,,,,,
Stylized.Nature.MegaKit.Standard/OBJ/Pebble_Round_1.obj,Stylized.Nature.MegaKit.Standard,Rochers,DOUBLON_FORMAT,8832,85eeabce68b3be06,,,,,
Stylized.Nature.MegaKit.Standard/OBJ/Pebble_Round_2.mtl,Stylized.Nature.MegaKit.Standard,Rochers,SOURCE_TECHNIQUE,250,dde80d9bcc5f8733,,,,,
Stylized.Nature.MegaKit.Standard/OBJ/Pebble_Round_2.obj,Stylized.Nature.MegaKit.Standard,Rochers,DOUBLON_FORMAT,6992,fac3955c3b2d3809,,,,,
Stylized.Nature.MegaKit.Standard/OBJ/Pebble_Round_3.mtl,Stylized.Nature.MegaKit.Standard,Rochers,SOURCE_TECHNIQUE,250,183bb0e998b220d5,,,,,
Stylized.Nature.MegaKit.Standard/OBJ/Pebble_Round_3.obj,Stylized.Nature.MegaKit.Standard,Rochers,DOUBLON_FORMAT,7903,5c2bc2f9f29d4f2d,,,,,
Stylized.Nature.MegaKit.Standard/OBJ/Pebble_Round_4.mtl,Stylized.Nature.MegaKit.Standard,Rochers,SOURCE_TECHNIQUE,250,1ca6b7f07788567d,,,,,
Stylized.Nature.MegaKit.Standard/OBJ/Pebble_Round_4.obj,Stylized.Nature.MegaKit.Standard,Rochers,DOUBLON_FORMAT,8035,53508fba9e1e639e,,,,,
Stylized.Nature.MegaKit.Standard/OBJ/Pebble_Round_5.mtl,Stylized.Nature.MegaKit.Standard,Rochers,SOURCE_TECHNIQUE,250,878dbcca896801b5,,,,,
Stylized.Nature.MegaKit.Standard/OBJ/Pebble_Round_5.obj,Stylized.Nature.MegaKit.Standard,Rochers,DOUBLON_FORMAT,7771,611e12ea8ad39945,,,,,
Stylized.Nature.MegaKit.Standard/OBJ/Pebble_Square_1.mtl,Stylized.Nature.MegaKit.Standard,Rochers,SOURCE_TECHNIQUE,251,561bd694d8070135,,,,,
Stylized.Nature.MegaKit.Standard/OBJ/Pebble_Square_1.obj,Stylized.Nature.MegaKit.Standard,Rochers,DOUBLON_FORMAT,6650,81c112b82bdb01a4,,,,,
Stylized.Nature.MegaKit.Standard/OBJ/Pebble_Square_2.mtl,Stylized.Nature.MegaKit.Standard,Rochers,SOURCE_TECHNIQUE,251,04e4c9e7b2fabd32,,,,,
Stylized.Nature.MegaKit.Standard/OBJ/Pebble_Square_2.obj,Stylized.Nature.MegaKit.Standard,Rochers,DOUBLON_FORMAT,5010,be3267321bf3eacf,,,,,
Stylized.Nature.MegaKit.Standard/OBJ/Pebble_Square_3.mtl,Stylized.Nature.MegaKit.Standard,Rochers,SOURCE_TECHNIQUE,251,1661ebae50a2795d,,,,,
Stylized.Nature.MegaKit.Standard/OBJ/Pebble_Square_3.obj,Stylized.Nature.MegaKit.Standard,Rochers,DOUBLON_FORMAT,3393,02aa62c4a13b3f65,,,,,
Stylized.Nature.MegaKit.Standard/OBJ/Pebble_Square_4.mtl,Stylized.Nature.MegaKit.Standard,Rochers,SOURCE_TECHNIQUE,251,e97250fc24d15e43,,,,,
Stylized.Nature.MegaKit.Standard/OBJ/Pebble_Square_4.obj,Stylized.Nature.MegaKit.Standard,Rochers,DOUBLON_FORMAT,3314,b3b982835089afe3,,,,,
Stylized.Nature.MegaKit.Standard/OBJ/Pebble_Square_5.mtl,Stylized.Nature.MegaKit.Standard,Rochers,SOURCE_TECHNIQUE,251,c77e881e21d1e488,,,,,
Stylized.Nature.MegaKit.Standard/OBJ/Pebble_Square_5.obj,Stylized.Nature.MegaKit.Standard,Rochers,DOUBLON_FORMAT,4798,ac3803489705b8b6,,,,,
Stylized.Nature.MegaKit.Standard/OBJ/Pebble_Square_6.mtl,Stylized.Nature.MegaKit.Standard,Rochers,SOURCE_TECHNIQUE,251,255b027854649d71,,,,,
Stylized.Nature.MegaKit.Standard/OBJ/Pebble_Square_6.obj,Stylized.Nature.MegaKit.Standard,Rochers,DOUBLON_FORMAT,4231,d06abe356d4b4c6a,,,,,
Stylized.Nature.MegaKit.Standard/OBJ/Petal_1.mtl,Stylized.Nature.MegaKit.Standard,Nature,SOURCE_TECHNIQUE,241,b257e0348af5a924,,,,,
Stylized.Nature.MegaKit.Standard/OBJ/Petal_1.obj,Stylized.Nature.MegaKit.Standard,Nature,DOUBLON_FORMAT,1446,bfee5e0929ff82c4,,,,,
Stylized.Nature.MegaKit.Standard/OBJ/Petal_2.mtl,Stylized.Nature.MegaKit.Standard,Nature,SOURCE_TECHNIQUE,241,053465cca9c08158,,,,,
Stylized.Nature.MegaKit.Standard/OBJ/Petal_2.obj,Stylized.Nature.MegaKit.Standard,Nature,DOUBLON_FORMAT,1638,1c7975e19ccf105b,,,,,
Stylized.Nature.MegaKit.Standard/OBJ/Petal_3.mtl,Stylized.Nature.MegaKit.Standard,Nature,SOURCE_TECHNIQUE,241,188ac30afca7530b,,,,,
Stylized.Nature.MegaKit.Standard/OBJ/Petal_3.obj,Stylized.Nature.MegaKit.Standard,Nature,DOUBLON_FORMAT,1652,93327001dff0f6d1,,,,,
Stylized.Nature.MegaKit.Standard/OBJ/Petal_4.mtl,Stylized.Nature.MegaKit.Standard,Nature,SOURCE_TECHNIQUE,241,dc770d71a7701a34,,,,,
Stylized.Nature.MegaKit.Standard/OBJ/Petal_4.obj,Stylized.Nature.MegaKit.Standard,Nature,DOUBLON_FORMAT,2379,149c7ac20db5b407,,,,,
Stylized.Nature.MegaKit.Standard/OBJ/Petal_5.mtl,Stylized.Nature.MegaKit.Standard,Nature,SOURCE_TECHNIQUE,241,5ab85bd7fc994161,,,,,
Stylized.Nature.MegaKit.Standard/OBJ/Petal_5.obj,Stylized.Nature.MegaKit.Standard,Nature,DOUBLON_FORMAT,1640,0d30ab4ad7410283,,,,,
Stylized.Nature.MegaKit.Standard/OBJ/Pine_1.mtl,Stylized.Nature.MegaKit.Standard,Nature,SOURCE_TECHNIQUE,491,a8c8d2e707273901,,,,,
Stylized.Nature.MegaKit.Standard/OBJ/Pine_1.obj,Stylized.Nature.MegaKit.Standard,Nature,DOUBLON_FORMAT,353176,88013c9f5b858c99,,,,,
Stylized.Nature.MegaKit.Standard/OBJ/Pine_2.mtl,Stylized.Nature.MegaKit.Standard,Nature,SOURCE_TECHNIQUE,491,99a5bd81f7f5412c,,,,,
Stylized.Nature.MegaKit.Standard/OBJ/Pine_2.obj,Stylized.Nature.MegaKit.Standard,Nature,DOUBLON_FORMAT,328166,e70257cb187e4bdc,,,,,
Stylized.Nature.MegaKit.Standard/OBJ/Pine_3.mtl,Stylized.Nature.MegaKit.Standard,Nature,SOURCE_TECHNIQUE,491,b14bc5d40468b2f9,,,,,
Stylized.Nature.MegaKit.Standard/OBJ/Pine_3.obj,Stylized.Nature.MegaKit.Standard,Nature,DOUBLON_FORMAT,442248,8b42ab9aedd4f640,,,,,
Stylized.Nature.MegaKit.Standard/OBJ/Pine_4.mtl,Stylized.Nature.MegaKit.Standard,Nature,SOURCE_TECHNIQUE,491,8e24502c281bda13,,,,,
Stylized.Nature.MegaKit.Standard/OBJ/Pine_4.obj,Stylized.Nature.MegaKit.Standard,Nature,DOUBLON_FORMAT,317996,c63dd3559f3ef394,,,,,
Stylized.Nature.MegaKit.Standard/OBJ/Pine_5.mtl,Stylized.Nature.MegaKit.Standard,Nature,SOURCE_TECHNIQUE,491,189dd0e9d9b3e3f7,,,,,
Stylized.Nature.MegaKit.Standard/OBJ/Pine_5.obj,Stylized.Nature.MegaKit.Standard,Nature,DOUBLON_FORMAT,151121,babb76a90120857b,,,,,
Stylized.Nature.MegaKit.Standard/OBJ/Plant_1.mtl,Stylized.Nature.MegaKit.Standard,Nature,SOURCE_TECHNIQUE,238,2bffcd77e2df4b2b,,,,,
Stylized.Nature.MegaKit.Standard/OBJ/Plant_1.obj,Stylized.Nature.MegaKit.Standard,Nature,DOUBLON_FORMAT,8619,2168037cb8b92afe,,,,,
Stylized.Nature.MegaKit.Standard/OBJ/Plant_1_Big.mtl,Stylized.Nature.MegaKit.Standard,Nature,SOURCE_TECHNIQUE,242,4f172f399dd6fde5,,,,,
Stylized.Nature.MegaKit.Standard/OBJ/Plant_1_Big.obj,Stylized.Nature.MegaKit.Standard,Nature,DOUBLON_FORMAT,25796,cc427ddde1ccb408,,,,,
Stylized.Nature.MegaKit.Standard/OBJ/Plant_7.mtl,Stylized.Nature.MegaKit.Standard,Nature,SOURCE_TECHNIQUE,238,b48875f8ef42f84e,,,,,
Stylized.Nature.MegaKit.Standard/OBJ/Plant_7.obj,Stylized.Nature.MegaKit.Standard,Nature,DOUBLON_FORMAT,4434,53cb416d2dcc29e8,,,,,
Stylized.Nature.MegaKit.Standard/OBJ/Plant_7_Big.mtl,Stylized.Nature.MegaKit.Standard,Nature,SOURCE_TECHNIQUE,242,43f8b7e04aac8224,,,,,
Stylized.Nature.MegaKit.Standard/OBJ/Plant_7_Big.obj,Stylized.Nature.MegaKit.Standard,Nature,DOUBLON_FORMAT,10243,c840fa522211464c,,,,,
Stylized.Nature.MegaKit.Standard/OBJ/RockPath_Round_Small_1.mtl,Stylized.Nature.MegaKit.Standard,Rochers,SOURCE_TECHNIQUE,258,78fbd3a387645543,,,,,
Stylized.Nature.MegaKit.Standard/OBJ/RockPath_Round_Small_1.obj,Stylized.Nature.MegaKit.Standard,Rochers,DOUBLON_FORMAT,60635,f4f35c75a1f84793,,,,,
Stylized.Nature.MegaKit.Standard/OBJ/RockPath_Round_Small_2.mtl,Stylized.Nature.MegaKit.Standard,Rochers,SOURCE_TECHNIQUE,258,17df13a735b2cfcb,,,,,
Stylized.Nature.MegaKit.Standard/OBJ/RockPath_Round_Small_2.obj,Stylized.Nature.MegaKit.Standard,Rochers,DOUBLON_FORMAT,67661,13bca96f6bbd9ea4,,,,,
Stylized.Nature.MegaKit.Standard/OBJ/RockPath_Round_Small_3.mtl,Stylized.Nature.MegaKit.Standard,Rochers,SOURCE_TECHNIQUE,258,1da8096a08ba6c34,,,,,
Stylized.Nature.MegaKit.Standard/OBJ/RockPath_Round_Small_3.obj,Stylized.Nature.MegaKit.Standard,Rochers,DOUBLON_FORMAT,63064,58c6b24154ea3283,,,,,
Stylized.Nature.MegaKit.Standard/OBJ/RockPath_Round_Thin.mtl,Stylized.Nature.MegaKit.Standard,Rochers,SOURCE_TECHNIQUE,255,e9bf118b08be2f1f,,,,,
Stylized.Nature.MegaKit.Standard/OBJ/RockPath_Round_Thin.obj,Stylized.Nature.MegaKit.Standard,Rochers,DOUBLON_FORMAT,133037,36c8c89aa0b77f06,,,,,
Stylized.Nature.MegaKit.Standard/OBJ/RockPath_Round_Wide.mtl,Stylized.Nature.MegaKit.Standard,Rochers,SOURCE_TECHNIQUE,255,f8acbdf9284cb14f,,,,,
Stylized.Nature.MegaKit.Standard/OBJ/RockPath_Round_Wide.obj,Stylized.Nature.MegaKit.Standard,Rochers,DOUBLON_FORMAT,206529,1aca3db875a3f86f,,,,,
Stylized.Nature.MegaKit.Standard/OBJ/RockPath_Square_Small_1.mtl,Stylized.Nature.MegaKit.Standard,Rochers,SOURCE_TECHNIQUE,259,8959458aaf969744,,,,,
Stylized.Nature.MegaKit.Standard/OBJ/RockPath_Square_Small_1.obj,Stylized.Nature.MegaKit.Standard,Rochers,DOUBLON_FORMAT,48273,c5f55361aad5ac97,,,,,
Stylized.Nature.MegaKit.Standard/OBJ/RockPath_Square_Small_2.mtl,Stylized.Nature.MegaKit.Standard,Rochers,SOURCE_TECHNIQUE,259,3445de0f311b3910,,,,,
Stylized.Nature.MegaKit.Standard/OBJ/RockPath_Square_Small_2.obj,Stylized.Nature.MegaKit.Standard,Rochers,DOUBLON_FORMAT,32058,f5e9ba0774ba654b,,,,,
Stylized.Nature.MegaKit.Standard/OBJ/RockPath_Square_Small_3.mtl,Stylized.Nature.MegaKit.Standard,Rochers,SOURCE_TECHNIQUE,259,9abeed32a6b7648f,,,,,
Stylized.Nature.MegaKit.Standard/OBJ/RockPath_Square_Small_3.obj,Stylized.Nature.MegaKit.Standard,Rochers,DOUBLON_FORMAT,34031,9cce3e28113985c9,,,,,
Stylized.Nature.MegaKit.Standard/OBJ/RockPath_Square_Thin.mtl,Stylized.Nature.MegaKit.Standard,Rochers,SOURCE_TECHNIQUE,256,cc7321ba4091ad30,,,,,
Stylized.Nature.MegaKit.Standard/OBJ/RockPath_Square_Thin.obj,Stylized.Nature.MegaKit.Standard,Rochers,DOUBLON_FORMAT,103745,9b0249c3fa661776,,,,,
Stylized.Nature.MegaKit.Standard/OBJ/RockPath_Square_Wide.mtl,Stylized.Nature.MegaKit.Standard,Rochers,SOURCE_TECHNIQUE,256,1fe3f622b59fc03c,,,,,
Stylized.Nature.MegaKit.Standard/OBJ/RockPath_Square_Wide.obj,Stylized.Nature.MegaKit.Standard,Rochers,DOUBLON_FORMAT,127150,f2b5605dad29ac88,,,,,
Stylized.Nature.MegaKit.Standard/OBJ/Rock_Medium_1.mtl,Stylized.Nature.MegaKit.Standard,Rochers,SOURCE_TECHNIQUE,241,dd5680b46166c70a,,,,,
Stylized.Nature.MegaKit.Standard/OBJ/Rock_Medium_1.obj,Stylized.Nature.MegaKit.Standard,Rochers,DOUBLON_FORMAT,25630,da420f20792dc022,,,,,
Stylized.Nature.MegaKit.Standard/OBJ/Rock_Medium_2.mtl,Stylized.Nature.MegaKit.Standard,Rochers,SOURCE_TECHNIQUE,241,12f9554a73891dab,,,,,
Stylized.Nature.MegaKit.Standard/OBJ/Rock_Medium_2.obj,Stylized.Nature.MegaKit.Standard,Rochers,DOUBLON_FORMAT,18058,c6b2607172928cb6,,,,,
Stylized.Nature.MegaKit.Standard/OBJ/Rock_Medium_3.mtl,Stylized.Nature.MegaKit.Standard,Rochers,SOURCE_TECHNIQUE,241,e45939ed0d8bf2c5,,,,,
Stylized.Nature.MegaKit.Standard/OBJ/Rock_Medium_3.obj,Stylized.Nature.MegaKit.Standard,Rochers,DOUBLON_FORMAT,39309,54f59bfbca42148f,,,,,
Stylized.Nature.MegaKit.Standard/OBJ/TwistedTree_1.mtl,Stylized.Nature.MegaKit.Standard,Nature,SOURCE_TECHNIQUE,526,af03d6764ba09ad7,,,,,
Stylized.Nature.MegaKit.Standard/OBJ/TwistedTree_1.obj,Stylized.Nature.MegaKit.Standard,Nature,DOUBLON_FORMAT,959489,fc756c7bc3d9b269,,,,,
Stylized.Nature.MegaKit.Standard/OBJ/TwistedTree_2.mtl,Stylized.Nature.MegaKit.Standard,Nature,SOURCE_TECHNIQUE,526,994125b55c71e8e9,,,,,
Stylized.Nature.MegaKit.Standard/OBJ/TwistedTree_2.obj,Stylized.Nature.MegaKit.Standard,Nature,DOUBLON_FORMAT,928477,a90f263707278d79,,,,,
Stylized.Nature.MegaKit.Standard/OBJ/TwistedTree_3.mtl,Stylized.Nature.MegaKit.Standard,Nature,SOURCE_TECHNIQUE,526,e58091565ae792c4,,,,,
Stylized.Nature.MegaKit.Standard/OBJ/TwistedTree_3.obj,Stylized.Nature.MegaKit.Standard,Nature,DOUBLON_FORMAT,1030379,05002048aad2d3ed,,,,,
Stylized.Nature.MegaKit.Standard/OBJ/TwistedTree_4.mtl,Stylized.Nature.MegaKit.Standard,Nature,SOURCE_TECHNIQUE,526,fac0ae8b43b98be7,,,,,
Stylized.Nature.MegaKit.Standard/OBJ/TwistedTree_4.obj,Stylized.Nature.MegaKit.Standard,Nature,DOUBLON_FORMAT,994717,05d82da5c2871139,,,,,
Stylized.Nature.MegaKit.Standard/OBJ/TwistedTree_5.mtl,Stylized.Nature.MegaKit.Standard,Nature,SOURCE_TECHNIQUE,526,a488e13cf0a74270,,,,,
Stylized.Nature.MegaKit.Standard/OBJ/TwistedTree_5.obj,Stylized.Nature.MegaKit.Standard,Nature,DOUBLON_FORMAT,1046733,e4121d2e65a86d58,,,,,
Medieval.Village.MegaKit.Standard/Medieval Village MegaKit[Standard]/License_Standard.txt,Medieval.Village.MegaKit.Standard,Architecture,SOURCE_TECHNIQUE,840,ec6fd5004514cb05,,,,,
Medieval.Village.MegaKit.Standard/Medieval Village MegaKit[Standard]/Preview.jpg,Medieval.Village.MegaKit.Standard,Architecture,GALERIE,258320,fe3544923b45cfb3,,,,,
Medieval.Village.MegaKit.Standard/Medieval Village MegaKit[Standard]/Textures/T_BottomWear.png,Medieval.Village.MegaKit.Standard,Architecture,GALERIE,3463884,0114ea735fabd591,,,,,
Medieval.Village.MegaKit.Standard/Medieval Village MegaKit[Standard]/Textures/T_Brick_BaseColor.png,Medieval.Village.MegaKit.Standard,Architecture,GALERIE,2447169,5515f57e61767838,,,,,
Medieval.Village.MegaKit.Standard/Medieval Village MegaKit[Standard]/Textures/T_Brick_Normal.png,Medieval.Village.MegaKit.Standard,Architecture,GALERIE,4474267,6349f1fb3eed9985,,,,,
Medieval.Village.MegaKit.Standard/Medieval Village MegaKit[Standard]/Textures/T_Brick_Roughness.png,Medieval.Village.MegaKit.Standard,Architecture,GALERIE,350932,297286525610d5a4,,,,,
Medieval.Village.MegaKit.Standard/Medieval Village MegaKit[Standard]/Textures/T_BrushedNoise.png,Medieval.Village.MegaKit.Standard,Architecture,GALERIE,13059210,217730ed808c69bb,,,,,
Medieval.Village.MegaKit.Standard/Medieval Village MegaKit[Standard]/Textures/T_Noise_Terrain.png,Medieval.Village.MegaKit.Standard,Architecture,GALERIE,213487,98fb32738b356cf3,,,,,
Medieval.Village.MegaKit.Standard/Medieval Village MegaKit[Standard]/Textures/T_Plaster_BaseColor.png,Medieval.Village.MegaKit.Standard,Architecture,UTILISÉ_RUNTIME,3316410,98547ca83888307e,,,,,
Medieval.Village.MegaKit.Standard/Medieval Village MegaKit[Standard]/Textures/T_Plaster_Normal.png,Medieval.Village.MegaKit.Standard,Architecture,UTILISÉ_RUNTIME,4607606,8b9617b561466cce,,,,,
Medieval.Village.MegaKit.Standard/Medieval Village MegaKit[Standard]/Textures/T_Plaster_ORM.png,Medieval.Village.MegaKit.Standard,Architecture,UTILISÉ_RUNTIME,2381579,7be9d64a6154ba12,,,,,
Medieval.Village.MegaKit.Standard/Medieval Village MegaKit[Standard]/Textures/T_RedBrick_BaseColor.png,Medieval.Village.MegaKit.Standard,Architecture,GALERIE,2525865,44c6303a8b9cef89,,,,,
Medieval.Village.MegaKit.Standard/Medieval Village MegaKit[Standard]/Textures/T_RockTrim_BaseColor.png,Medieval.Village.MegaKit.Standard,Architecture,UTILISÉ_RUNTIME,1908835,aa571cd612091a8f,,,,,
Medieval.Village.MegaKit.Standard/Medieval Village MegaKit[Standard]/Textures/T_RockTrim_Normal.png,Medieval.Village.MegaKit.Standard,Architecture,UTILISÉ_RUNTIME,3925938,f93f82f7e69aa0bf,,,,,
Medieval.Village.MegaKit.Standard/Medieval Village MegaKit[Standard]/Textures/T_RockTrim_ORM.png,Medieval.Village.MegaKit.Standard,Architecture,UTILISÉ_RUNTIME,1625807,5287dd9a4e9fb742,,,,,
Medieval.Village.MegaKit.Standard/Medieval Village MegaKit[Standard]/Textures/T_RoundTiles_BaseColor.png,Medieval.Village.MegaKit.Standard,Architecture,GALERIE,4352034,acf388ebd1a97346,,,,,
Medieval.Village.MegaKit.Standard/Medieval Village MegaKit[Standard]/Textures/T_RoundTiles_Normal.png,Medieval.Village.MegaKit.Standard,Architecture,GALERIE,3792369,e8cf202fbc1ec36c,,,,,
Medieval.Village.MegaKit.Standard/Medieval Village MegaKit[Standard]/Textures/T_RoundTiles_Roughness.png,Medieval.Village.MegaKit.Standard,Architecture,GALERIE,1445880,02709f84b0a15217,,,,,
Medieval.Village.MegaKit.Standard/Medieval Village MegaKit[Standard]/Textures/T_TopWear.png,Medieval.Village.MegaKit.Standard,Architecture,GALERIE,3934516,838d2074dced0664,,,,,
Medieval.Village.MegaKit.Standard/Medieval Village MegaKit[Standard]/Textures/T_UnevenBrick_BaseColor.png,Medieval.Village.MegaKit.Standard,Architecture,UTILISÉ_RUNTIME,2945342,ee0f096df6110e94,,,,,
Medieval.Village.MegaKit.Standard/Medieval Village MegaKit[Standard]/Textures/T_UnevenBrick_Normal.png,Medieval.Village.MegaKit.Standard,Architecture,UTILISÉ_RUNTIME,3866626,bbf623cc35720d67,,,,,
Medieval.Village.MegaKit.Standard/Medieval Village MegaKit[Standard]/Textures/T_UnevenBrick_Roughness.png,Medieval.Village.MegaKit.Standard,Architecture,UTILISÉ_RUNTIME,707775,c037bcaee9053331,,,,,
Medieval.Village.MegaKit.Standard/Medieval Village MegaKit[Standard]/Textures/T_VineLeaf.png,Medieval.Village.MegaKit.Standard,Architecture,GALERIE,162432,8c80a9835d29cf7b,,,,,
Medieval.Village.MegaKit.Standard/Medieval Village MegaKit[Standard]/Textures/T_WindowGradient.png,Medieval.Village.MegaKit.Standard,Architecture,GALERIE,21462,57ce243ef673957e,,,,,
Medieval.Village.MegaKit.Standard/Medieval Village MegaKit[Standard]/Textures/T_WoodTrim_BaseColor.png,Medieval.Village.MegaKit.Standard,Architecture,UTILISÉ_RUNTIME,2082310,a59f410b07a9bc5f,,,,,
Medieval.Village.MegaKit.Standard/Medieval Village MegaKit[Standard]/Textures/T_WoodTrim_Normal.png,Medieval.Village.MegaKit.Standard,Architecture,UTILISÉ_RUNTIME,3596501,5847623e4ed6c206,,,,,
Medieval.Village.MegaKit.Standard/Medieval Village MegaKit[Standard]/Textures/T_WoodTrim_ORM.png,Medieval.Village.MegaKit.Standard,Architecture,GALERIE,3030751,8947ae1f065dbf8a,,,,,
Medieval.Village.MegaKit.Standard/Medieval Village MegaKit[Standard]/Textures/T_WoodTrim_Roughness.png,Medieval.Village.MegaKit.Standard,Architecture,UTILISÉ_RUNTIME,911823,5f63426bcc8d3db3,,,,,
Medieval.Village.MegaKit.Standard/Medieval Village MegaKit[Standard]/Textures/Normals Godot-Unity/T_Brick_Normal.png,Medieval.Village.MegaKit.Standard,Architecture,GALERIE,5199854,eb9a0c76b019cd49,,,,,
Medieval.Village.MegaKit.Standard/Medieval Village MegaKit[Standard]/Textures/Normals Godot-Unity/T_Plaster_Normal.png,Medieval.Village.MegaKit.Standard,Architecture,UTILISÉ_RUNTIME,4575580,da129ede879d0ebe,,,,,
Medieval.Village.MegaKit.Standard/Medieval Village MegaKit[Standard]/Textures/Normals Godot-Unity/T_RockTrim_Normal.png,Medieval.Village.MegaKit.Standard,Architecture,UTILISÉ_RUNTIME,3921997,381fc15a3555008d,,,,,
Medieval.Village.MegaKit.Standard/Medieval Village MegaKit[Standard]/Textures/Normals Godot-Unity/T_RoundTiles_Normal.png,Medieval.Village.MegaKit.Standard,Architecture,GALERIE,3256812,af24f7dbde89f8cb,,,,,
Medieval.Village.MegaKit.Standard/Medieval Village MegaKit[Standard]/Textures/Normals Godot-Unity/T_UnevenBrick_Normal.png,Medieval.Village.MegaKit.Standard,Architecture,UTILISÉ_RUNTIME,3868581,71b1f5a3707be38e,,,,,
Medieval.Village.MegaKit.Standard/Medieval Village MegaKit[Standard]/Textures/Normals Godot-Unity/T_WoodTrim_Normal.png,Medieval.Village.MegaKit.Standard,Architecture,UTILISÉ_RUNTIME,3613847,a2aa15d79245ba1b,,,,,
Medieval.Village.MegaKit.Standard/Medieval Village MegaKit[Standard]/glTF/Balcony_Cross_Corner.bin,Medieval.Village.MegaKit.Standard,Architecture,SOURCE_TECHNIQUE,17712,e6cb9a01979aed4e,,,,,
Medieval.Village.MegaKit.Standard/Medieval Village MegaKit[Standard]/glTF/Balcony_Cross_Corner.gltf,Medieval.Village.MegaKit.Standard,Architecture,CANDIDAT_RUNTIME,2231,7029b4722a0565f1,264,0,0,71,
Medieval.Village.MegaKit.Standard/Medieval Village MegaKit[Standard]/glTF/Balcony_Cross_Straight.bin,Medieval.Village.MegaKit.Standard,Architecture,SOURCE_TECHNIQUE,8856,82388737bc03af86,,,,,
Medieval.Village.MegaKit.Standard/Medieval Village MegaKit[Standard]/glTF/Balcony_Cross_Straight.gltf,Medieval.Village.MegaKit.Standard,Architecture,CANDIDAT_RUNTIME,2230,4a7f10317c672de0,132,0,0,71,
Medieval.Village.MegaKit.Standard/Medieval Village MegaKit[Standard]/glTF/Balcony_Simple_Corner.bin,Medieval.Village.MegaKit.Standard,Architecture,SOURCE_TECHNIQUE,124032,f13fd88cf5bb6a31,,,,,
Medieval.Village.MegaKit.Standard/Medieval Village MegaKit[Standard]/glTF/Balcony_Simple_Corner.gltf,Medieval.Village.MegaKit.Standard,Architecture,CANDIDAT_RUNTIME,2244,10abdc6beb85b336,2240,0,0,71,
Medieval.Village.MegaKit.Standard/Medieval Village MegaKit[Standard]/glTF/Balcony_Simple_Straight.bin,Medieval.Village.MegaKit.Standard,Architecture,SOURCE_TECHNIQUE,62016,1b74ba722dfd97e4,,,,,
Medieval.Village.MegaKit.Standard/Medieval Village MegaKit[Standard]/glTF/Balcony_Simple_Straight.gltf,Medieval.Village.MegaKit.Standard,Architecture,CANDIDAT_RUNTIME,2227,00b028b35860ca9a,1120,0,0,71,
Medieval.Village.MegaKit.Standard/Medieval Village MegaKit[Standard]/glTF/Corner_ExteriorWide_Brick.bin,Medieval.Village.MegaKit.Standard,Architecture,SOURCE_TECHNIQUE,89260,d8c48b4d51dd9bc6,,,,,
Medieval.Village.MegaKit.Standard/Medieval Village MegaKit[Standard]/glTF/Corner_ExteriorWide_Brick.gltf,Medieval.Village.MegaKit.Standard,Architecture,UTILISÉ_RUNTIME,2227,7db9618e10db78fc,2882,0,0,74,
Medieval.Village.MegaKit.Standard/Medieval Village MegaKit[Standard]/glTF/Corner_ExteriorWide_Wood.bin,Medieval.Village.MegaKit.Standard,Architecture,SOURCE_TECHNIQUE,1752,bbf1257db408d84f,,,,,
Medieval.Village.MegaKit.Standard/Medieval Village MegaKit[Standard]/glTF/Corner_ExteriorWide_Wood.gltf,Medieval.Village.MegaKit.Standard,Architecture,CANDIDAT_RUNTIME,2233,b3304d8f85b7ab4d,36,0,0,70,
Medieval.Village.MegaKit.Standard/Medieval Village MegaKit[Standard]/glTF/Corner_Exterior_Brick.bin,Medieval.Village.MegaKit.Standard,Architecture,SOURCE_TECHNIQUE,96180,0800f8ef9585be56,,,,,
Medieval.Village.MegaKit.Standard/Medieval Village MegaKit[Standard]/glTF/Corner_Exterior_Brick.gltf,Medieval.Village.MegaKit.Standard,Architecture,CANDIDAT_RUNTIME,2225,5021a098ff1c69eb,3102,0,0,74,
Medieval.Village.MegaKit.Standard/Medieval Village MegaKit[Standard]/glTF/Corner_Exterior_TopDown.bin,Medieval.Village.MegaKit.Standard,Architecture,SOURCE_TECHNIQUE,1184,90be41ed0739f044,,,,,
Medieval.Village.MegaKit.Standard/Medieval Village MegaKit[Standard]/glTF/Corner_Exterior_TopDown.gltf,Medieval.Village.MegaKit.Standard,Architecture,CANDIDAT_RUNTIME,2225,2eaec44e5d0e0dd9,16,0,0,70,
Medieval.Village.MegaKit.Standard/Medieval Village MegaKit[Standard]/glTF/Corner_Exterior_TopOnly.bin,Medieval.Village.MegaKit.Standard,Architecture,SOURCE_TECHNIQUE,624,38448842d7aeda88,,,,,
Medieval.Village.MegaKit.Standard/Medieval Village MegaKit[Standard]/glTF/Corner_Exterior_TopOnly.gltf,Medieval.Village.MegaKit.Standard,Architecture,À_ADAPTER,2225,ed020e537b10f81b,8,0,0,64,
Medieval.Village.MegaKit.Standard/Medieval Village MegaKit[Standard]/glTF/Corner_Exterior_Wood.bin,Medieval.Village.MegaKit.Standard,Architecture,SOURCE_TECHNIQUE,840,f3eaa2714897338f,,,,,
Medieval.Village.MegaKit.Standard/Medieval Village MegaKit[Standard]/glTF/Corner_Exterior_Wood.gltf,Medieval.Village.MegaKit.Standard,Architecture,CANDIDAT_RUNTIME,2221,8f1ad0c8d0cb6566,12,0,0,70,
Medieval.Village.MegaKit.Standard/Medieval Village MegaKit[Standard]/glTF/Corner_Interior_Big.bin,Medieval.Village.MegaKit.Standard,Architecture,SOURCE_TECHNIQUE,1296,8292df9c44d87a75,,,,,
Medieval.Village.MegaKit.Standard/Medieval Village MegaKit[Standard]/glTF/Corner_Interior_Big.gltf,Medieval.Village.MegaKit.Standard,Architecture,CANDIDAT_RUNTIME,2222,7893bddbfde2a490,24,0,0,70,
Medieval.Village.MegaKit.Standard/Medieval Village MegaKit[Standard]/glTF/Corner_Interior_Small.bin,Medieval.Village.MegaKit.Standard,Architecture,SOURCE_TECHNIQUE,840,6c1c14e9bc8ec8ba,,,,,
Medieval.Village.MegaKit.Standard/Medieval Village MegaKit[Standard]/glTF/Corner_Interior_Small.gltf,Medieval.Village.MegaKit.Standard,Architecture,CANDIDAT_RUNTIME,2223,d35822d87d613991,12,0,0,70,
Medieval.Village.MegaKit.Standard/Medieval Village MegaKit[Standard]/glTF/DoorFrame_Flat_Brick.bin,Medieval.Village.MegaKit.Standard,Architecture,SOURCE_TECHNIQUE,58928,83b377e0df1cfb8f,,,,,
Medieval.Village.MegaKit.Standard/Medieval Village MegaKit[Standard]/glTF/DoorFrame_Flat_Brick.gltf,Medieval.Village.MegaKit.Standard,Architecture,CANDIDAT_RUNTIME,2222,494e41138191781f,1880,0,0,86,citadelle
Medieval.Village.MegaKit.Standard/Medieval Village MegaKit[Standard]/glTF/DoorFrame_Flat_WoodDark.bin,Medieval.Village.MegaKit.Standard,Architecture,SOURCE_TECHNIQUE,3792,1e59d95393867a3c,,,,,
Medieval.Village.MegaKit.Standard/Medieval Village MegaKit[Standard]/glTF/DoorFrame_Flat_WoodDark.gltf,Medieval.Village.MegaKit.Standard,Architecture,CANDIDAT_RUNTIME,2235,e12b923833fe91ba,56,0,0,86,citadelle
Medieval.Village.MegaKit.Standard/Medieval Village MegaKit[Standard]/glTF/DoorFrame_Round_Brick.bin,Medieval.Village.MegaKit.Standard,Architecture,SOURCE_TECHNIQUE,63988,fbc4451caf8f83c6,,,,,
Medieval.Village.MegaKit.Standard/Medieval Village MegaKit[Standard]/glTF/DoorFrame_Round_Brick.gltf,Medieval.Village.MegaKit.Standard,Architecture,UTILISÉ_RUNTIME,2223,1fda0a9226529304,2046,0,0,86,citadelle
Medieval.Village.MegaKit.Standard/Medieval Village MegaKit[Standard]/glTF/DoorFrame_Round_WoodDark.bin,Medieval.Village.MegaKit.Standard,Architecture,SOURCE_TECHNIQUE,13568,1899a06449756842,,,,,
Medieval.Village.MegaKit.Standard/Medieval Village MegaKit[Standard]/glTF/DoorFrame_Round_WoodDark.gltf,Medieval.Village.MegaKit.Standard,Architecture,CANDIDAT_RUNTIME,2235,d96fb7e3b6b7a5cb,320,0,0,86,citadelle
Medieval.Village.MegaKit.Standard/Medieval Village MegaKit[Standard]/glTF/Door_1_Flat.bin,Medieval.Village.MegaKit.Standard,Architecture,SOURCE_TECHNIQUE,24924,f2235efcb17e3c7c,,,,,
Medieval.Village.MegaKit.Standard/Medieval Village MegaKit[Standard]/glTF/Door_1_Flat.gltf,Medieval.Village.MegaKit.Standard,Architecture,CANDIDAT_RUNTIME,3895,7e69ba9bcaf45238,314,0,0,84,citadelle
Medieval.Village.MegaKit.Standard/Medieval Village MegaKit[Standard]/glTF/Door_1_Round.bin,Medieval.Village.MegaKit.Standard,Architecture,SOURCE_TECHNIQUE,33700,783db477a7611572,,,,,
Medieval.Village.MegaKit.Standard/Medieval Village MegaKit[Standard]/glTF/Door_1_Round.gltf,Medieval.Village.MegaKit.Standard,Architecture,CANDIDAT_RUNTIME,3901,243fe5e3418e2459,470,0,0,86,citadelle
Medieval.Village.MegaKit.Standard/Medieval Village MegaKit[Standard]/glTF/Door_2_Flat.bin,Medieval.Village.MegaKit.Standard,Architecture,SOURCE_TECHNIQUE,196352,8e3bae47e61788d5,,,,,
Medieval.Village.MegaKit.Standard/Medieval Village MegaKit[Standard]/glTF/Door_2_Flat.gltf,Medieval.Village.MegaKit.Standard,Architecture,CANDIDAT_RUNTIME,4148,12799646808b9df2,6032,0,0,84,citadelle
Medieval.Village.MegaKit.Standard/Medieval Village MegaKit[Standard]/glTF/Door_2_Round.bin,Medieval.Village.MegaKit.Standard,Architecture,SOURCE_TECHNIQUE,210568,16d70096f9dd3381,,,,,
Medieval.Village.MegaKit.Standard/Medieval Village MegaKit[Standard]/glTF/Door_2_Round.gltf,Medieval.Village.MegaKit.Standard,Architecture,CANDIDAT_RUNTIME,4149,6f8ae926aabc02bb,6188,0,0,86,citadelle
Medieval.Village.MegaKit.Standard/Medieval Village MegaKit[Standard]/glTF/Door_4_Flat.bin,Medieval.Village.MegaKit.Standard,Architecture,SOURCE_TECHNIQUE,68184,7d7899bc3dc01144,,,,,
Medieval.Village.MegaKit.Standard/Medieval Village MegaKit[Standard]/glTF/Door_4_Flat.gltf,Medieval.Village.MegaKit.Standard,Architecture,CANDIDAT_RUNTIME,4134,93227b03b1502cea,1044,0,0,84,citadelle
Medieval.Village.MegaKit.Standard/Medieval Village MegaKit[Standard]/glTF/Door_4_Round.bin,Medieval.Village.MegaKit.Standard,Architecture,SOURCE_TECHNIQUE,76848,3dd8c4b6ea7f30b1,,,,,
Medieval.Village.MegaKit.Standard/Medieval Village MegaKit[Standard]/glTF/Door_4_Round.gltf,Medieval.Village.MegaKit.Standard,Architecture,CANDIDAT_RUNTIME,4140,1c97a6b767f8ded4,1228,0,0,86,citadelle
Medieval.Village.MegaKit.Standard/Medieval Village MegaKit[Standard]/glTF/Door_8_Flat.bin,Medieval.Village.MegaKit.Standard,Architecture,SOURCE_TECHNIQUE,56036,6fa6db243a1dbb02,,,,,
Medieval.Village.MegaKit.Standard/Medieval Village MegaKit[Standard]/glTF/Door_8_Flat.gltf,Medieval.Village.MegaKit.Standard,Architecture,CANDIDAT_RUNTIME,4131,6c0a4d774c54b870,986,0,0,84,citadelle
Medieval.Village.MegaKit.Standard/Medieval Village MegaKit[Standard]/glTF/Door_8_Round.bin,Medieval.Village.MegaKit.Standard,Architecture,SOURCE_TECHNIQUE,68892,f50580bfc2676edb,,,,,
Medieval.Village.MegaKit.Standard/Medieval Village MegaKit[Standard]/glTF/Door_8_Round.gltf,Medieval.Village.MegaKit.Standard,Architecture,CANDIDAT_RUNTIME,4138,4c3680e6e0814226,1142,0,0,86,citadelle
Medieval.Village.MegaKit.Standard/Medieval Village MegaKit[Standard]/glTF/Floor_Brick.bin,Medieval.Village.MegaKit.Standard,Architecture,SOURCE_TECHNIQUE,280,2205075c87d65d15,,,,,
Medieval.Village.MegaKit.Standard/Medieval Village MegaKit[Standard]/glTF/Floor_Brick.gltf,Medieval.Village.MegaKit.Standard,Architecture,CANDIDAT_RUNTIME,2105,95d965e18f1bfdc7,4,0,0,74,interieurs
Medieval.Village.MegaKit.Standard/Medieval Village MegaKit[Standard]/glTF/Floor_RedBrick.bin,Medieval.Village.MegaKit.Standard,Architecture,DOUBLON_CONTENU,280,2205075c87d65d15,,,,,
Medieval.Village.MegaKit.Standard/Medieval Village MegaKit[Standard]/glTF/Floor_RedBrick.gltf,Medieval.Village.MegaKit.Standard,Architecture,CANDIDAT_RUNTIME,2120,2efd193ffd50ce21,4,0,0,76,interieurs
Medieval.Village.MegaKit.Standard/Medieval Village MegaKit[Standard]/glTF/Floor_UnevenBrick.bin,Medieval.Village.MegaKit.Standard,Architecture,DOUBLON_CONTENU,280,2205075c87d65d15,,,,,
Medieval.Village.MegaKit.Standard/Medieval Village MegaKit[Standard]/glTF/Floor_UnevenBrick.gltf,Medieval.Village.MegaKit.Standard,Architecture,CANDIDAT_RUNTIME,2159,8943b3e5a80a56ac,4,0,0,74,interieurs
Medieval.Village.MegaKit.Standard/Medieval Village MegaKit[Standard]/glTF/Floor_WoodDark.bin,Medieval.Village.MegaKit.Standard,Architecture,SOURCE_TECHNIQUE,2240,cb43341c0969b62d,,,,,
Medieval.Village.MegaKit.Standard/Medieval Village MegaKit[Standard]/glTF/Floor_WoodDark.gltf,Medieval.Village.MegaKit.Standard,Architecture,CANDIDAT_RUNTIME,2143,2ee57724a0628916,32,0,0,74,interieurs
Medieval.Village.MegaKit.Standard/Medieval Village MegaKit[Standard]/glTF/Floor_WoodDark_Half1.bin,Medieval.Village.MegaKit.Standard,Architecture,SOURCE_TECHNIQUE,2176,eddeef364106ada4,,,,,
Medieval.Village.MegaKit.Standard/Medieval Village MegaKit[Standard]/glTF/Floor_WoodDark_Half1.gltf,Medieval.Village.MegaKit.Standard,Architecture,CANDIDAT_RUNTIME,2155,4a2d556f7c3bddca,32,0,0,76,interieurs
Medieval.Village.MegaKit.Standard/Medieval Village MegaKit[Standard]/glTF/Floor_WoodDark_Half2.bin,Medieval.Village.MegaKit.Standard,Architecture,SOURCE_TECHNIQUE,2176,ffb3b5e846fc02bf,,,,,
Medieval.Village.MegaKit.Standard/Medieval Village MegaKit[Standard]/glTF/Floor_WoodDark_Half2.gltf,Medieval.Village.MegaKit.Standard,Architecture,CANDIDAT_RUNTIME,2154,f55ad7fd3b7daaac,32,0,0,76,interieurs
Medieval.Village.MegaKit.Standard/Medieval Village MegaKit[Standard]/glTF/Floor_WoodDark_Half3.bin,Medieval.Village.MegaKit.Standard,Architecture,SOURCE_TECHNIQUE,1120,abbee94d6c8b7a24,,,,,
Medieval.Village.MegaKit.Standard/Medieval Village MegaKit[Standard]/glTF/Floor_WoodDark_Half3.gltf,Medieval.Village.MegaKit.Standard,Architecture,CANDIDAT_RUNTIME,2174,358299b0017ae71a,16,0,0,76,interieurs
Medieval.Village.MegaKit.Standard/Medieval Village MegaKit[Standard]/glTF/Floor_WoodDark_OverhangCorner.bin,Medieval.Village.MegaKit.Standard,Architecture,SOURCE_TECHNIQUE,1120,b039997fb666056d,,,,,
Medieval.Village.MegaKit.Standard/Medieval Village MegaKit[Standard]/glTF/Floor_WoodDark_OverhangCorner.gltf,Medieval.Village.MegaKit.Standard,Architecture,CANDIDAT_RUNTIME,2210,23e43643fcefef8d,16,0,0,76,interieurs
Medieval.Village.MegaKit.Standard/Medieval Village MegaKit[Standard]/glTF/Floor_WoodDark_OverhangCorner2.bin,Medieval.Village.MegaKit.Standard,Architecture,SOURCE_TECHNIQUE,1884,68cd11f650f70b0b,,,,,
Medieval.Village.MegaKit.Standard/Medieval Village MegaKit[Standard]/glTF/Floor_WoodDark_OverhangCorner2.gltf,Medieval.Village.MegaKit.Standard,Architecture,CANDIDAT_RUNTIME,2198,00664e32c0282f9c,26,0,0,76,interieurs
Medieval.Village.MegaKit.Standard/Medieval Village MegaKit[Standard]/glTF/Floor_WoodLight.bin,Medieval.Village.MegaKit.Standard,Architecture,SOURCE_TECHNIQUE,2240,7fd18bf3f25e20f0,,,,,
Medieval.Village.MegaKit.Standard/Medieval Village MegaKit[Standard]/glTF/Floor_WoodLight.gltf,Medieval.Village.MegaKit.Standard,Architecture,CANDIDAT_RUNTIME,2145,8d2e6db247268ec7,32,0,0,74,interieurs
Medieval.Village.MegaKit.Standard/Medieval Village MegaKit[Standard]/glTF/Floor_WoodLight_OverhangCorner.bin,Medieval.Village.MegaKit.Standard,Architecture,SOURCE_TECHNIQUE,1120,ae3b02b8e9abf790,,,,,
Medieval.Village.MegaKit.Standard/Medieval Village MegaKit[Standard]/glTF/Floor_WoodLight_OverhangCorner.gltf,Medieval.Village.MegaKit.Standard,Architecture,CANDIDAT_RUNTIME,2212,50a3db50db0d258a,16,0,0,76,interieurs
Medieval.Village.MegaKit.Standard/Medieval Village MegaKit[Standard]/glTF/Floor_WoodLight_OverhangCorner2.bin,Medieval.Village.MegaKit.Standard,Architecture,SOURCE_TECHNIQUE,1884,f007e6ea06fd6e3c,,,,,
Medieval.Village.MegaKit.Standard/Medieval Village MegaKit[Standard]/glTF/Floor_WoodLight_OverhangCorner2.gltf,Medieval.Village.MegaKit.Standard,Architecture,CANDIDAT_RUNTIME,2200,c0d215ee8e170f1b,26,0,0,76,interieurs
Medieval.Village.MegaKit.Standard/Medieval Village MegaKit[Standard]/glTF/HoleCover_90Angle.bin,Medieval.Village.MegaKit.Standard,Architecture,SOURCE_TECHNIQUE,1400,eedd874418088a35,,,,,
Medieval.Village.MegaKit.Standard/Medieval Village MegaKit[Standard]/glTF/HoleCover_90Angle.gltf,Medieval.Village.MegaKit.Standard,Architecture,À_ADAPTER,2211,60cd986935768788,20,0,0,48,
Medieval.Village.MegaKit.Standard/Medieval Village MegaKit[Standard]/glTF/HoleCover_90Half.bin,Medieval.Village.MegaKit.Standard,Architecture,SOURCE_TECHNIQUE,1120,e3e27fed8797b828,,,,,
Medieval.Village.MegaKit.Standard/Medieval Village MegaKit[Standard]/glTF/HoleCover_90Half.gltf,Medieval.Village.MegaKit.Standard,Architecture,À_ADAPTER,2215,df5aa97afd8f68a1,16,0,0,50,
Medieval.Village.MegaKit.Standard/Medieval Village MegaKit[Standard]/glTF/HoleCover_90Stairs.bin,Medieval.Village.MegaKit.Standard,Architecture,SOURCE_TECHNIQUE,1260,6b50c2a2c7db85ed,,,,,
Medieval.Village.MegaKit.Standard/Medieval Village MegaKit[Standard]/glTF/HoleCover_90Stairs.gltf,Medieval.Village.MegaKit.Standard,Architecture,CANDIDAT_RUNTIME,2212,8dff949a25741917,18,0,0,76,citadelle
Medieval.Village.MegaKit.Standard/Medieval Village MegaKit[Standard]/glTF/HoleCover_Straight.bin,Medieval.Village.MegaKit.Standard,Architecture,SOURCE_TECHNIQUE,840,b3019ff317ee3d5b,,,,,
Medieval.Village.MegaKit.Standard/Medieval Village MegaKit[Standard]/glTF/HoleCover_Straight.gltf,Medieval.Village.MegaKit.Standard,Architecture,À_ADAPTER,2195,b18eef3815082a7c,12,0,0,50,
Medieval.Village.MegaKit.Standard/Medieval Village MegaKit[Standard]/glTF/HoleCover_StraightHalf.bin,Medieval.Village.MegaKit.Standard,Architecture,SOURCE_TECHNIQUE,700,3ccff43cb6686c85,,,,,
Medieval.Village.MegaKit.Standard/Medieval Village MegaKit[Standard]/glTF/HoleCover_StraightHalf.gltf,Medieval.Village.MegaKit.Standard,Architecture,À_ADAPTER,2189,cd03e23c66289aa0,10,0,0,50,
Medieval.Village.MegaKit.Standard/Medieval Village MegaKit[Standard]/glTF/Overhang_Plaster_Corner.bin,Medieval.Village.MegaKit.Standard,Architecture,SOURCE_TECHNIQUE,19792,d4765bd5cee147b5,,,,,
Medieval.Village.MegaKit.Standard/Medieval Village MegaKit[Standard]/glTF/Overhang_Plaster_Corner.gltf,Medieval.Village.MegaKit.Standard,Architecture,CANDIDAT_RUNTIME,3793,e3eae7217cdc2238,440,0,0,74,
Medieval.Village.MegaKit.Standard/Medieval Village MegaKit[Standard]/glTF/Overhang_Plaster_Corner_Front.bin,Medieval.Village.MegaKit.Standard,Architecture,SOURCE_TECHNIQUE,8980,c3a4b1857e9f3ac9,,,,,
Medieval.Village.MegaKit.Standard/Medieval Village MegaKit[Standard]/glTF/Overhang_Plaster_Corner_Front.gltf,Medieval.Village.MegaKit.Standard,Architecture,CANDIDAT_RUNTIME,3797,766b0f24f25856ad,142,0,0,74,
Medieval.Village.MegaKit.Standard/Medieval Village MegaKit[Standard]/glTF/Overhang_Plaster_Long.bin,Medieval.Village.MegaKit.Standard,Architecture,SOURCE_TECHNIQUE,11704,5400c070395a03fd,,,,,
Medieval.Village.MegaKit.Standard/Medieval Village MegaKit[Standard]/glTF/Overhang_Plaster_Long.gltf,Medieval.Village.MegaKit.Standard,Architecture,CANDIDAT_RUNTIME,4155,4c85ead6e6aded5e,204,0,0,74,
Medieval.Village.MegaKit.Standard/Medieval Village MegaKit[Standard]/glTF/Overhang_Plaster_Short.bin,Medieval.Village.MegaKit.Standard,Architecture,SOURCE_TECHNIQUE,11812,10132fd4a1da893a,,,,,
Medieval.Village.MegaKit.Standard/Medieval Village MegaKit[Standard]/glTF/Overhang_Plaster_Short.gltf,Medieval.Village.MegaKit.Standard,Architecture,CANDIDAT_RUNTIME,4191,a2016fa4b1dd4941,222,0,0,72,
Medieval.Village.MegaKit.Standard/Medieval Village MegaKit[Standard]/glTF/Overhang_RoofIncline_Plaster.bin,Medieval.Village.MegaKit.Standard,Architecture,SOURCE_TECHNIQUE,2520,0c961d2554f79dae,,,,,
Medieval.Village.MegaKit.Standard/Medieval Village MegaKit[Standard]/glTF/Overhang_RoofIncline_Plaster.gltf,Medieval.Village.MegaKit.Standard,Architecture,CANDIDAT_RUNTIME,3786,04152d111c300e04,36,0,0,74,structures
Medieval.Village.MegaKit.Standard/Medieval Village MegaKit[Standard]/glTF/Overhang_RoofIncline_UnevenBricks.bin,Medieval.Village.MegaKit.Standard,Architecture,DOUBLON_CONTENU,2520,0c961d2554f79dae,,,,,
Medieval.Village.MegaKit.Standard/Medieval Village MegaKit[Standard]/glTF/Overhang_RoofIncline_UnevenBricks.gltf,Medieval.Village.MegaKit.Standard,Architecture,CANDIDAT_RUNTIME,3860,d1906b8e7e767344,36,0,0,74,structures
Medieval.Village.MegaKit.Standard/Medieval Village MegaKit[Standard]/glTF/Overhang_Roof_Plaster.bin,Medieval.Village.MegaKit.Standard,Architecture,SOURCE_TECHNIQUE,2660,d3c77148239e7874,,,,,
Medieval.Village.MegaKit.Standard/Medieval Village MegaKit[Standard]/glTF/Overhang_Roof_Plaster.gltf,Medieval.Village.MegaKit.Standard,Architecture,CANDIDAT_RUNTIME,3736,bc2a87647e144c13,38,0,0,74,structures
Medieval.Village.MegaKit.Standard/Medieval Village MegaKit[Standard]/glTF/Overhang_Roof_UnevenBricks.bin,Medieval.Village.MegaKit.Standard,Architecture,DOUBLON_CONTENU,2660,d3c77148239e7874,,,,,
Medieval.Village.MegaKit.Standard/Medieval Village MegaKit[Standard]/glTF/Overhang_Roof_UnevenBricks.gltf,Medieval.Village.MegaKit.Standard,Architecture,CANDIDAT_RUNTIME,3810,937dfb5989b28b83,38,0,0,74,structures
Medieval.Village.MegaKit.Standard/Medieval Village MegaKit[Standard]/glTF/Overhang_Side_Plaster_Long_L.bin,Medieval.Village.MegaKit.Standard,Architecture,SOURCE_TECHNIQUE,19724,b6fc43a00d65764f,,,,,
Medieval.Village.MegaKit.Standard/Medieval Village MegaKit[Standard]/glTF/Overhang_Side_Plaster_Long_L.gltf,Medieval.Village.MegaKit.Standard,Architecture,CANDIDAT_RUNTIME,4246,be4d646261139a2e,314,0,0,74,
Medieval.Village.MegaKit.Standard/Medieval Village MegaKit[Standard]/glTF/Overhang_Side_Plaster_Long_R.bin,Medieval.Village.MegaKit.Standard,Architecture,SOURCE_TECHNIQUE,19724,fb075a818caed6cc,,,,,
Medieval.Village.MegaKit.Standard/Medieval Village MegaKit[Standard]/glTF/Overhang_Side_Plaster_Long_R.gltf,Medieval.Village.MegaKit.Standard,Architecture,CANDIDAT_RUNTIME,4243,1a0736d9c476008e,314,0,0,74,
Medieval.Village.MegaKit.Standard/Medieval Village MegaKit[Standard]/glTF/Overhang_Side_Plaster_Short_L.bin,Medieval.Village.MegaKit.Standard,Architecture,SOURCE_TECHNIQUE,18532,b4e26318d92059aa,,,,,
Medieval.Village.MegaKit.Standard/Medieval Village MegaKit[Standard]/glTF/Overhang_Side_Plaster_Short_L.gltf,Medieval.Village.MegaKit.Standard,Architecture,CANDIDAT_RUNTIME,4266,41b7f9c8263ce7f4,302,0,0,74,
Medieval.Village.MegaKit.Standard/Medieval Village MegaKit[Standard]/glTF/Overhang_Side_Plaster_Short_R.bin,Medieval.Village.MegaKit.Standard,Architecture,SOURCE_TECHNIQUE,18532,742396d8e0d03bfb,,,,,
Medieval.Village.MegaKit.Standard/Medieval Village MegaKit[Standard]/glTF/Overhang_Side_Plaster_Short_R.gltf,Medieval.Village.MegaKit.Standard,Architecture,CANDIDAT_RUNTIME,4263,d7eb20ffdcdbc2af,302,0,0,74,
Medieval.Village.MegaKit.Standard/Medieval Village MegaKit[Standard]/glTF/Overhang_Side_UnevenBrick_Long_L.bin,Medieval.Village.MegaKit.Standard,Architecture,SOURCE_TECHNIQUE,17912,eb13071b8c46f9ef,,,,,
Medieval.Village.MegaKit.Standard/Medieval Village MegaKit[Standard]/glTF/Overhang_Side_UnevenBrick_Long_L.gltf,Medieval.Village.MegaKit.Standard,Architecture,CANDIDAT_RUNTIME,6133,1dd2ca52da0d66bf,292,0,0,74,
Medieval.Village.MegaKit.Standard/Medieval Village MegaKit[Standard]/glTF/Overhang_Side_UnevenBrick_Long_R.bin,Medieval.Village.MegaKit.Standard,Architecture,SOURCE_TECHNIQUE,17912,715be617e129bf8d,,,,,
Medieval.Village.MegaKit.Standard/Medieval Village MegaKit[Standard]/glTF/Overhang_Side_UnevenBrick_Long_R.gltf,Medieval.Village.MegaKit.Standard,Architecture,CANDIDAT_RUNTIME,6126,6b9ea6370f80bbd1,292,0,0,74,
Medieval.Village.MegaKit.Standard/Medieval Village MegaKit[Standard]/glTF/Overhang_Side_UnevenBrick_Short_L.bin,Medieval.Village.MegaKit.Standard,Architecture,SOURCE_TECHNIQUE,17844,037960fac916b232,,,,,
Medieval.Village.MegaKit.Standard/Medieval Village MegaKit[Standard]/glTF/Overhang_Side_UnevenBrick_Short_L.gltf,Medieval.Village.MegaKit.Standard,Architecture,CANDIDAT_RUNTIME,6168,a2ccd1c16465d138,294,0,0,74,
Medieval.Village.MegaKit.Standard/Medieval Village MegaKit[Standard]/glTF/Overhang_Side_UnevenBrick_Short_R.bin,Medieval.Village.MegaKit.Standard,Architecture,SOURCE_TECHNIQUE,17844,e1cd7a0bc5a982d3,,,,,
Medieval.Village.MegaKit.Standard/Medieval Village MegaKit[Standard]/glTF/Overhang_Side_UnevenBrick_Short_R.gltf,Medieval.Village.MegaKit.Standard,Architecture,CANDIDAT_RUNTIME,6163,5a46594dd7e5878c,294,0,0,74,
Medieval.Village.MegaKit.Standard/Medieval Village MegaKit[Standard]/glTF/Overhang_UnevenBrick_Corner.bin,Medieval.Village.MegaKit.Standard,Architecture,SOURCE_TECHNIQUE,18524,9eb0c26df09a7fd2,,,,,
Medieval.Village.MegaKit.Standard/Medieval Village MegaKit[Standard]/glTF/Overhang_UnevenBrick_Corner.gltf,Medieval.Village.MegaKit.Standard,Architecture,CANDIDAT_RUNTIME,5455,25e78839c6bf96ea,420,0,0,74,
Medieval.Village.MegaKit.Standard/Medieval Village MegaKit[Standard]/glTF/Overhang_UnevenBrick_Corner_Front.bin,Medieval.Village.MegaKit.Standard,Architecture,SOURCE_TECHNIQUE,3656,ce56ae6fdf5c52be,,,,,
Medieval.Village.MegaKit.Standard/Medieval Village MegaKit[Standard]/glTF/Overhang_UnevenBrick_Corner_Front.gltf,Medieval.Village.MegaKit.Standard,Architecture,CANDIDAT_RUNTIME,5478,4fd17b6d3133b601,60,0,0,74,
Medieval.Village.MegaKit.Standard/Medieval Village MegaKit[Standard]/glTF/Overhang_UnevenBrick_Long.bin,Medieval.Village.MegaKit.Standard,Architecture,SOURCE_TECHNIQUE,11016,c1db0ce46893ed50,,,,,
Medieval.Village.MegaKit.Standard/Medieval Village MegaKit[Standard]/glTF/Overhang_UnevenBrick_Long.gltf,Medieval.Village.MegaKit.Standard,Architecture,CANDIDAT_RUNTIME,5995,5b8e2f030a8896ce,196,0,0,74,
Medieval.Village.MegaKit.Standard/Medieval Village MegaKit[Standard]/glTF/Overhang_UnevenBrick_Short.bin,Medieval.Village.MegaKit.Standard,Architecture,SOURCE_TECHNIQUE,11124,3f9f9a47d842dc44,,,,,
Medieval.Village.MegaKit.Standard/Medieval Village MegaKit[Standard]/glTF/Overhang_UnevenBrick_Short.gltf,Medieval.Village.MegaKit.Standard,Architecture,CANDIDAT_RUNTIME,6033,37061651bb2c1ef5,214,0,0,72,
Medieval.Village.MegaKit.Standard/Medieval Village MegaKit[Standard]/glTF/Prop_Brick1.bin,Medieval.Village.MegaKit.Standard,Architecture,SOURCE_TECHNIQUE,3272,4ab322158fe5892b,,,,,
Medieval.Village.MegaKit.Standard/Medieval Village MegaKit[Standard]/glTF/Prop_Brick1.gltf,Medieval.Village.MegaKit.Standard,Architecture,À_ADAPTER,2184,7930b8037d1b50c3,108,0,0,52,
Medieval.Village.MegaKit.Standard/Medieval Village MegaKit[Standard]/glTF/Prop_Brick2.bin,Medieval.Village.MegaKit.Standard,Architecture,SOURCE_TECHNIQUE,3028,cfac44667692361f,,,,,
Medieval.Village.MegaKit.Standard/Medieval Village MegaKit[Standard]/glTF/Prop_Brick2.gltf,Medieval.Village.MegaKit.Standard,Architecture,À_ADAPTER,2185,8b3143dfe27d409f,94,0,0,52,
Medieval.Village.MegaKit.Standard/Medieval Village MegaKit[Standard]/glTF/Prop_Brick3.bin,Medieval.Village.MegaKit.Standard,Architecture,SOURCE_TECHNIQUE,3892,86a0b05bc38513a1,,,,,
Medieval.Village.MegaKit.Standard/Medieval Village MegaKit[Standard]/glTF/Prop_Brick3.gltf,Medieval.Village.MegaKit.Standard,Architecture,À_ADAPTER,2189,b79e0717cd385d1a,126,0,0,52,
Medieval.Village.MegaKit.Standard/Medieval Village MegaKit[Standard]/glTF/Prop_Brick4.bin,Medieval.Village.MegaKit.Standard,Architecture,SOURCE_TECHNIQUE,3892,43b46c5ffe8cdf02,,,,,
Medieval.Village.MegaKit.Standard/Medieval Village MegaKit[Standard]/glTF/Prop_Brick4.gltf,Medieval.Village.MegaKit.Standard,Architecture,À_ADAPTER,2187,6801f77751b8def7,126,0,0,52,
Medieval.Village.MegaKit.Standard/Medieval Village MegaKit[Standard]/glTF/Prop_Chimney.bin,Medieval.Village.MegaKit.Standard,Architecture,SOURCE_TECHNIQUE,20476,d8fb86bae7360511,,,,,
Medieval.Village.MegaKit.Standard/Medieval Village MegaKit[Standard]/glTF/Prop_Chimney.gltf,Medieval.Village.MegaKit.Standard,Architecture,À_ADAPTER,3843,eeda2bd328baa49c,618,0,0,58,
Medieval.Village.MegaKit.Standard/Medieval Village MegaKit[Standard]/glTF/Prop_Chimney2.bin,Medieval.Village.MegaKit.Standard,Architecture,SOURCE_TECHNIQUE,4684,07d34b621ea37529,,,,,
Medieval.Village.MegaKit.Standard/Medieval Village MegaKit[Standard]/glTF/Prop_Chimney2.gltf,Medieval.Village.MegaKit.Standard,Architecture,À_ADAPTER,2233,45e93dfdacd30486,130,0,0,58,
Medieval.Village.MegaKit.Standard/Medieval Village MegaKit[Standard]/glTF/Prop_Crate.bin,Medieval.Village.MegaKit.Standard,Architecture,SOURCE_TECHNIQUE,16100,b7dbddf64868c84a,,,,,
Medieval.Village.MegaKit.Standard/Medieval Village MegaKit[Standard]/glTF/Prop_Crate.gltf,Medieval.Village.MegaKit.Standard,Architecture,CANDIDAT_RUNTIME,2211,fb1d2ae668cc2761,230,0,0,79,camp
Medieval.Village.MegaKit.Standard/Medieval Village MegaKit[Standard]/glTF/Prop_ExteriorBorder_Corner.bin,Medieval.Village.MegaKit.Standard,Architecture,SOURCE_TECHNIQUE,1196,d0a101b7ef778344,,,,,
Medieval.Village.MegaKit.Standard/Medieval Village MegaKit[Standard]/glTF/Prop_ExteriorBorder_Corner.gltf,Medieval.Village.MegaKit.Standard,Architecture,À_ADAPTER,2201,64e35a741c816d47,18,0,0,64,
Medieval.Village.MegaKit.Standard/Medieval Village MegaKit[Standard]/glTF/Prop_ExteriorBorder_Straight1.bin,Medieval.Village.MegaKit.Standard,Architecture,SOURCE_TECHNIQUE,992,336d4110e55f6636,,,,,
Medieval.Village.MegaKit.Standard/Medieval Village MegaKit[Standard]/glTF/Prop_ExteriorBorder_Straight1.gltf,Medieval.Village.MegaKit.Standard,Architecture,À_ADAPTER,2180,32d565f8338fc0b5,16,0,0,50,
Medieval.Village.MegaKit.Standard/Medieval Village MegaKit[Standard]/glTF/Prop_ExteriorBorder_Straight2.bin,Medieval.Village.MegaKit.Standard,Architecture,SOURCE_TECHNIQUE,992,abf2c9055884e708,,,,,
Medieval.Village.MegaKit.Standard/Medieval Village MegaKit[Standard]/glTF/Prop_ExteriorBorder_Straight2.gltf,Medieval.Village.MegaKit.Standard,Architecture,À_ADAPTER,2180,2e7220f1567ed484,16,0,0,50,
Medieval.Village.MegaKit.Standard/Medieval Village MegaKit[Standard]/glTF/Prop_MetalFence_Ornament.bin,Medieval.Village.MegaKit.Standard,Architecture,SOURCE_TECHNIQUE,150840,bd79fb612f697dc4,,,,,
Medieval.Village.MegaKit.Standard/Medieval Village MegaKit[Standard]/glTF/Prop_MetalFence_Ornament.gltf,Medieval.Village.MegaKit.Standard,Architecture,CANDIDAT_RUNTIME,2083,9c5dd021577393ad,3988,0,0,72,
Medieval.Village.MegaKit.Standard/Medieval Village MegaKit[Standard]/glTF/Prop_MetalFence_Simple.bin,Medieval.Village.MegaKit.Standard,Architecture,SOURCE_TECHNIQUE,103440,873887abfb2eee5a,,,,,
Medieval.Village.MegaKit.Standard/Medieval Village MegaKit[Standard]/glTF/Prop_MetalFence_Simple.gltf,Medieval.Village.MegaKit.Standard,Architecture,CANDIDAT_RUNTIME,2077,210c7853fc190af0,2744,0,0,72,
Medieval.Village.MegaKit.Standard/Medieval Village MegaKit[Standard]/glTF/Prop_Support.bin,Medieval.Village.MegaKit.Standard,Architecture,SOURCE_TECHNIQUE,1120,c0aa629b294c5207,,,,,
Medieval.Village.MegaKit.Standard/Medieval Village MegaKit[Standard]/glTF/Prop_Support.gltf,Medieval.Village.MegaKit.Standard,Architecture,À_ADAPTER,2202,c7292aa4f0f73a3d,16,0,0,51,
Medieval.Village.MegaKit.Standard/Medieval Village MegaKit[Standard]/glTF/Prop_Vine1.bin,Medieval.Village.MegaKit.Standard,Architecture,SOURCE_TECHNIQUE,5580,43970bd08ae75708,,,,,
Medieval.Village.MegaKit.Standard/Medieval Village MegaKit[Standard]/glTF/Prop_Vine1.gltf,Medieval.Village.MegaKit.Standard,Architecture,À_ADAPTER,1979,5326ab98fef8a68b,82,0,0,58,
Medieval.Village.MegaKit.Standard/Medieval Village MegaKit[Standard]/glTF/Prop_Vine2.bin,Medieval.Village.MegaKit.Standard,Architecture,SOURCE_TECHNIQUE,3088,5589815dd2f59405,,,,,
Medieval.Village.MegaKit.Standard/Medieval Village MegaKit[Standard]/glTF/Prop_Vine2.gltf,Medieval.Village.MegaKit.Standard,Architecture,À_ADAPTER,1978,773e4763b072359d,45,0,0,54,
Medieval.Village.MegaKit.Standard/Medieval Village MegaKit[Standard]/glTF/Prop_Vine4.bin,Medieval.Village.MegaKit.Standard,Architecture,SOURCE_TECHNIQUE,2140,0c0c57c791231ca8,,,,,
Medieval.Village.MegaKit.Standard/Medieval Village MegaKit[Standard]/glTF/Prop_Vine4.gltf,Medieval.Village.MegaKit.Standard,Architecture,À_ADAPTER,1974,6d5f7dee9b28dbbc,31,0,0,51,
Medieval.Village.MegaKit.Standard/Medieval Village MegaKit[Standard]/glTF/Prop_Vine5.bin,Medieval.Village.MegaKit.Standard,Architecture,SOURCE_TECHNIQUE,6624,df5fed3c089bc0db,,,,,
Medieval.Village.MegaKit.Standard/Medieval Village MegaKit[Standard]/glTF/Prop_Vine5.gltf,Medieval.Village.MegaKit.Standard,Architecture,À_ADAPTER,1978,a6fce6fa6dfddf0c,117,0,0,58,
Medieval.Village.MegaKit.Standard/Medieval Village MegaKit[Standard]/glTF/Prop_Vine6.bin,Medieval.Village.MegaKit.Standard,Architecture,SOURCE_TECHNIQUE,6380,b209ff1eb5570a5e,,,,,
Medieval.Village.MegaKit.Standard/Medieval Village MegaKit[Standard]/glTF/Prop_Vine6.gltf,Medieval.Village.MegaKit.Standard,Architecture,À_ADAPTER,1978,50cfa774187c2328,114,0,0,58,
Medieval.Village.MegaKit.Standard/Medieval Village MegaKit[Standard]/glTF/Prop_Vine9.bin,Medieval.Village.MegaKit.Standard,Architecture,SOURCE_TECHNIQUE,2568,31c501c6171fc2d1,,,,,
Medieval.Village.MegaKit.Standard/Medieval Village MegaKit[Standard]/glTF/Prop_Vine9.gltf,Medieval.Village.MegaKit.Standard,Architecture,À_ADAPTER,1972,543744599f915556,44,0,0,51,
Medieval.Village.MegaKit.Standard/Medieval Village MegaKit[Standard]/glTF/Prop_Wagon.bin,Medieval.Village.MegaKit.Standard,Architecture,SOURCE_TECHNIQUE,103272,2b5e35c01572b144,,,,,
Medieval.Village.MegaKit.Standard/Medieval Village MegaKit[Standard]/glTF/Prop_Wagon.gltf,Medieval.Village.MegaKit.Standard,Architecture,CANDIDAT_RUNTIME,2422,f81bf401710cd59f,1672,0,0,69,
Medieval.Village.MegaKit.Standard/Medieval Village MegaKit[Standard]/glTF/Prop_WoodenFence_Extension1.bin,Medieval.Village.MegaKit.Standard,Architecture,SOURCE_TECHNIQUE,2240,a083e95cfcd4e657,,,,,
Medieval.Village.MegaKit.Standard/Medieval Village MegaKit[Standard]/glTF/Prop_WoodenFence_Extension1.gltf,Medieval.Village.MegaKit.Standard,Architecture,CANDIDAT_RUNTIME,2236,8eccb1f1e52e58e9,32,0,0,65,
Medieval.Village.MegaKit.Standard/Medieval Village MegaKit[Standard]/glTF/Prop_WoodenFence_Extension2.bin,Medieval.Village.MegaKit.Standard,Architecture,SOURCE_TECHNIQUE,1960,60d92d8e63a530f6,,,,,
Medieval.Village.MegaKit.Standard/Medieval Village MegaKit[Standard]/glTF/Prop_WoodenFence_Extension2.gltf,Medieval.Village.MegaKit.Standard,Architecture,CANDIDAT_RUNTIME,2236,29e1ebbb38f3027e,28,0,0,65,
Medieval.Village.MegaKit.Standard/Medieval Village MegaKit[Standard]/glTF/Prop_WoodenFence_Single.bin,Medieval.Village.MegaKit.Standard,Architecture,SOURCE_TECHNIQUE,2800,aac37141af8f33e7,,,,,
Medieval.Village.MegaKit.Standard/Medieval Village MegaKit[Standard]/glTF/Prop_WoodenFence_Single.gltf,Medieval.Village.MegaKit.Standard,Architecture,CANDIDAT_RUNTIME,2230,c9f787c03c62dd94,40,0,0,65,
Medieval.Village.MegaKit.Standard/Medieval Village MegaKit[Standard]/glTF/Roof_2x4_RoundTile.bin,Medieval.Village.MegaKit.Standard,Architecture,SOURCE_TECHNIQUE,60352,06c3a9df9c107fa3,,,,,
Medieval.Village.MegaKit.Standard/Medieval Village MegaKit[Standard]/glTF/Roof_2x4_RoundTile.gltf,Medieval.Village.MegaKit.Standard,Architecture,CANDIDAT_RUNTIME,4324,519c03acf5162aed,1112,0,0,84,structures
Medieval.Village.MegaKit.Standard/Medieval Village MegaKit[Standard]/glTF/Roof_Dormer_RoundTile.bin,Medieval.Village.MegaKit.Standard,Architecture,SOURCE_TECHNIQUE,61104,0872bb87dde47c9e,,,,,
Medieval.Village.MegaKit.Standard/Medieval Village MegaKit[Standard]/glTF/Roof_Dormer_RoundTile.gltf,Medieval.Village.MegaKit.Standard,Architecture,CANDIDAT_RUNTIME,7682,c204215f437c2b23,904,0,0,84,structures
Medieval.Village.MegaKit.Standard/Medieval Village MegaKit[Standard]/glTF/Roof_FrontSupports.bin,Medieval.Village.MegaKit.Standard,Architecture,SOURCE_TECHNIQUE,4200,04b129736947656b,,,,,
Medieval.Village.MegaKit.Standard/Medieval Village MegaKit[Standard]/glTF/Roof_FrontSupports.gltf,Medieval.Village.MegaKit.Standard,Architecture,CANDIDAT_RUNTIME,2225,814b678257ff3de1,60,0,0,76,structures
Medieval.Village.MegaKit.Standard/Medieval Village MegaKit[Standard]/glTF/Roof_Front_Brick2.bin,Medieval.Village.MegaKit.Standard,Architecture,SOURCE_TECHNIQUE,5204,51e76b1ff319f913,,,,,
Medieval.Village.MegaKit.Standard/Medieval Village MegaKit[Standard]/glTF/Roof_Front_Brick2.gltf,Medieval.Village.MegaKit.Standard,Architecture,CANDIDAT_RUNTIME,3865,88a44cb9bd2fdcf3,78,0,0,79,structures
Medieval.Village.MegaKit.Standard/Medieval Village MegaKit[Standard]/glTF/Roof_Front_Brick4.bin,Medieval.Village.MegaKit.Standard,Architecture,SOURCE_TECHNIQUE,13288,749472d85fbbe999,,,,,
Medieval.Village.MegaKit.Standard/Medieval Village MegaKit[Standard]/glTF/Roof_Front_Brick4.gltf,Medieval.Village.MegaKit.Standard,Architecture,CANDIDAT_RUNTIME,3868,a231d35e4929f087,252,0,0,82,structures
Medieval.Village.MegaKit.Standard/Medieval Village MegaKit[Standard]/glTF/Roof_Front_Brick4_Half_L.bin,Medieval.Village.MegaKit.Standard,Architecture,SOURCE_TECHNIQUE,7816,ca391e5ec2c0c3c0,,,,,
Medieval.Village.MegaKit.Standard/Medieval Village MegaKit[Standard]/glTF/Roof_Front_Brick4_Half_L.gltf,Medieval.Village.MegaKit.Standard,Architecture,CANDIDAT_RUNTIME,3883,034d59e03fe1fc61,140,0,0,84,structures
Medieval.Village.MegaKit.Standard/Medieval Village MegaKit[Standard]/glTF/Roof_Front_Brick4_Half_R.bin,Medieval.Village.MegaKit.Standard,Architecture,SOURCE_TECHNIQUE,8236,abaf887b907b4ead,,,,,
Medieval.Village.MegaKit.Standard/Medieval Village MegaKit[Standard]/glTF/Roof_Front_Brick4_Half_R.gltf,Medieval.Village.MegaKit.Standard,Architecture,CANDIDAT_RUNTIME,3883,a0cd7a51a65973e3,146,0,0,84,structures
Medieval.Village.MegaKit.Standard/Medieval Village MegaKit[Standard]/glTF/Roof_Front_Brick6.bin,Medieval.Village.MegaKit.Standard,Architecture,SOURCE_TECHNIQUE,18736,51d3dbf19f03725c,,,,,
Medieval.Village.MegaKit.Standard/Medieval Village MegaKit[Standard]/glTF/Roof_Front_Brick6.gltf,Medieval.Village.MegaKit.Standard,Architecture,CANDIDAT_RUNTIME,3869,140784aaedc9eaa2,328,0,0,82,structures
Medieval.Village.MegaKit.Standard/Medieval Village MegaKit[Standard]/glTF/Roof_Front_Brick6_Half_L.bin,Medieval.Village.MegaKit.Standard,Architecture,SOURCE_TECHNIQUE,10972,0acfe677e0a80c45,,,,,
Medieval.Village.MegaKit.Standard/Medieval Village MegaKit[Standard]/glTF/Roof_Front_Brick6_Half_L.gltf,Medieval.Village.MegaKit.Standard,Architecture,CANDIDAT_RUNTIME,3887,7a0495a2c9dd6e5c,186,0,0,84,structures
Medieval.Village.MegaKit.Standard/Medieval Village MegaKit[Standard]/glTF/Roof_Front_Brick6_Half_R.bin,Medieval.Village.MegaKit.Standard,Architecture,SOURCE_TECHNIQUE,10972,c8c2a07d57ec1dea,,,,,
Medieval.Village.MegaKit.Standard/Medieval Village MegaKit[Standard]/glTF/Roof_Front_Brick6_Half_R.gltf,Medieval.Village.MegaKit.Standard,Architecture,CANDIDAT_RUNTIME,3887,5411145264fb7c19,186,0,0,84,structures
Medieval.Village.MegaKit.Standard/Medieval Village MegaKit[Standard]/glTF/Roof_Front_Brick8.bin,Medieval.Village.MegaKit.Standard,Architecture,SOURCE_TECHNIQUE,21768,f1c1127fd89f74f9,,,,,
Medieval.Village.MegaKit.Standard/Medieval Village MegaKit[Standard]/glTF/Roof_Front_Brick8.gltf,Medieval.Village.MegaKit.Standard,Architecture,CANDIDAT_RUNTIME,3870,ecd3588791a7b3b5,364,0,0,82,structures
Medieval.Village.MegaKit.Standard/Medieval Village MegaKit[Standard]/glTF/Roof_Front_Brick8_Half_L.bin,Medieval.Village.MegaKit.Standard,Architecture,SOURCE_TECHNIQUE,12488,5cd60f2a04b4e10c,,,,,
Medieval.Village.MegaKit.Standard/Medieval Village MegaKit[Standard]/glTF/Roof_Front_Brick8_Half_L.gltf,Medieval.Village.MegaKit.Standard,Architecture,CANDIDAT_RUNTIME,3889,05a95a19d2bc6dea,204,0,0,84,structures
Medieval.Village.MegaKit.Standard/Medieval Village MegaKit[Standard]/glTF/Roof_Front_Brick8_Half_R.bin,Medieval.Village.MegaKit.Standard,Architecture,SOURCE_TECHNIQUE,12488,031f212dbe597fa4,,,,,
Medieval.Village.MegaKit.Standard/Medieval Village MegaKit[Standard]/glTF/Roof_Front_Brick8_Half_R.gltf,Medieval.Village.MegaKit.Standard,Architecture,CANDIDAT_RUNTIME,3890,7045f92be87410a8,204,0,0,84,structures
Medieval.Village.MegaKit.Standard/Medieval Village MegaKit[Standard]/glTF/Roof_Log.bin,Medieval.Village.MegaKit.Standard,Architecture,SOURCE_TECHNIQUE,6616,aa78387c070126a4,,,,,
Medieval.Village.MegaKit.Standard/Medieval Village MegaKit[Standard]/glTF/Roof_Log.gltf,Medieval.Village.MegaKit.Standard,Architecture,CANDIDAT_RUNTIME,2197,10ef55acbb4cc3c9,164,0,0,81,structures
Medieval.Village.MegaKit.Standard/Medieval Village MegaKit[Standard]/glTF/Roof_Modular_RoundTiles.bin,Medieval.Village.MegaKit.Standard,Architecture,SOURCE_TECHNIQUE,7216,1794e8967d3de91d,,,,,
Medieval.Village.MegaKit.Standard/Medieval Village MegaKit[Standard]/glTF/Roof_Modular_RoundTiles.gltf,Medieval.Village.MegaKit.Standard,Architecture,CANDIDAT_RUNTIME,2441,b49ac4330af1e39d,136,0,0,78,structures
Medieval.Village.MegaKit.Standard/Medieval Village MegaKit[Standard]/glTF/Roof_RoundTile_2x1.bin,Medieval.Village.MegaKit.Standard,Architecture,SOURCE_TECHNIQUE,38472,36dd32986d4272d1,,,,,
Medieval.Village.MegaKit.Standard/Medieval Village MegaKit[Standard]/glTF/Roof_RoundTile_2x1.gltf,Medieval.Village.MegaKit.Standard,Architecture,CANDIDAT_RUNTIME,4329,4710ee3a7451f475,612,0,0,84,structures
Medieval.Village.MegaKit.Standard/Medieval Village MegaKit[Standard]/glTF/Roof_RoundTile_2x1_Long.bin,Medieval.Village.MegaKit.Standard,Architecture,SOURCE_TECHNIQUE,39928,05e5cae2428acd09,,,,,
Medieval.Village.MegaKit.Standard/Medieval Village MegaKit[Standard]/glTF/Roof_RoundTile_2x1_Long.gltf,Medieval.Village.MegaKit.Standard,Architecture,CANDIDAT_RUNTIME,4333,a284ae84bd9eb0d9,628,0,0,84,structures
Medieval.Village.MegaKit.Standard/Medieval Village MegaKit[Standard]/glTF/Roof_RoundTiles_4x4.bin,Medieval.Village.MegaKit.Standard,Architecture,SOURCE_TECHNIQUE,107176,414067398f08e15e,,,,,
Medieval.Village.MegaKit.Standard/Medieval Village MegaKit[Standard]/glTF/Roof_RoundTiles_4x4.gltf,Medieval.Village.MegaKit.Standard,Architecture,CANDIDAT_RUNTIME,4337,c6a7ce0649b897a7,1996,0,0,84,structures
Medieval.Village.MegaKit.Standard/Medieval Village MegaKit[Standard]/glTF/Roof_RoundTiles_4x6.bin,Medieval.Village.MegaKit.Standard,Architecture,SOURCE_TECHNIQUE,129840,f68f36721d6d1000,,,,,
Medieval.Village.MegaKit.Standard/Medieval Village MegaKit[Standard]/glTF/Roof_RoundTiles_4x6.gltf,Medieval.Village.MegaKit.Standard,Architecture,CANDIDAT_RUNTIME,4341,4d969026106822eb,2520,0,0,84,structures
Medieval.Village.MegaKit.Standard/Medieval Village MegaKit[Standard]/glTF/Roof_RoundTiles_4x8.bin,Medieval.Village.MegaKit.Standard,Architecture,SOURCE_TECHNIQUE,157336,7a3d02ddd7c649a1,,,,,
Medieval.Village.MegaKit.Standard/Medieval Village MegaKit[Standard]/glTF/Roof_RoundTiles_4x8.gltf,Medieval.Village.MegaKit.Standard,Architecture,CANDIDAT_RUNTIME,4343,a33d41c743c8ff6b,3116,0,0,84,structures
Medieval.Village.MegaKit.Standard/Medieval Village MegaKit[Standard]/glTF/Roof_RoundTiles_6x10.bin,Medieval.Village.MegaKit.Standard,Architecture,SOURCE_TECHNIQUE,210120,92b6f11134949c89,,,,,
Medieval.Village.MegaKit.Standard/Medieval Village MegaKit[Standard]/glTF/Roof_RoundTiles_6x10.gltf,Medieval.Village.MegaKit.Standard,Architecture,CANDIDAT_RUNTIME,4344,c91658413d74c970,4300,0,0,84,structures
Medieval.Village.MegaKit.Standard/Medieval Village MegaKit[Standard]/glTF/Roof_RoundTiles_6x12.bin,Medieval.Village.MegaKit.Standard,Architecture,SOURCE_TECHNIQUE,229472,b19fc078dcb09e2f,,,,,
Medieval.Village.MegaKit.Standard/Medieval Village MegaKit[Standard]/glTF/Roof_RoundTiles_6x12.gltf,Medieval.Village.MegaKit.Standard,Architecture,CANDIDAT_RUNTIME,4345,e27546e8495dc60f,4752,0,0,84,structures
Medieval.Village.MegaKit.Standard/Medieval Village MegaKit[Standard]/glTF/Roof_RoundTiles_6x14.bin,Medieval.Village.MegaKit.Standard,Architecture,SOURCE_TECHNIQUE,252712,ed886a6243346a7a,,,,,
Medieval.Village.MegaKit.Standard/Medieval Village MegaKit[Standard]/glTF/Roof_RoundTiles_6x14.gltf,Medieval.Village.MegaKit.Standard,Architecture,CANDIDAT_RUNTIME,4342,de3b8400fd6894ac,5372,0,0,84,structures
Medieval.Village.MegaKit.Standard/Medieval Village MegaKit[Standard]/glTF/Roof_RoundTiles_6x4.bin,Medieval.Village.MegaKit.Standard,Architecture,SOURCE_TECHNIQUE,114352,aeb70110fbb656f9,,,,,
Medieval.Village.MegaKit.Standard/Medieval Village MegaKit[Standard]/glTF/Roof_RoundTiles_6x4.gltf,Medieval.Village.MegaKit.Standard,Architecture,CANDIDAT_RUNTIME,4340,c7a019fb592cd0f0,2192,0,0,84,structures
Medieval.Village.MegaKit.Standard/Medieval Village MegaKit[Standard]/glTF/Roof_RoundTiles_6x6.bin,Medieval.Village.MegaKit.Standard,Architecture,SOURCE_TECHNIQUE,167464,12296c0a8e161c76,,,,,
Medieval.Village.MegaKit.Standard/Medieval Village MegaKit[Standard]/glTF/Roof_RoundTiles_6x6.gltf,Medieval.Village.MegaKit.Standard,Architecture,CANDIDAT_RUNTIME,4343,646a34dc9c8da1f2,3244,0,0,84,structures
Medieval.Village.MegaKit.Standard/Medieval Village MegaKit[Standard]/glTF/Roof_RoundTiles_6x8.bin,Medieval.Village.MegaKit.Standard,Architecture,SOURCE_TECHNIQUE,187736,979bd49b8cf47b6a,,,,,
Medieval.Village.MegaKit.Standard/Medieval Village MegaKit[Standard]/glTF/Roof_RoundTiles_6x8.gltf,Medieval.Village.MegaKit.Standard,Architecture,CANDIDAT_RUNTIME,4342,ca277d643a9fecda,3796,0,0,84,structures
Medieval.Village.MegaKit.Standard/Medieval Village MegaKit[Standard]/glTF/Roof_RoundTiles_8x10.bin,Medieval.Village.MegaKit.Standard,Architecture,SOURCE_TECHNIQUE,225760,27c9f4c428b0bf48,,,,,
Medieval.Village.MegaKit.Standard/Medieval Village MegaKit[Standard]/glTF/Roof_RoundTiles_8x10.gltf,Medieval.Village.MegaKit.Standard,Architecture,CANDIDAT_RUNTIME,4344,d19ff6699fa5da7d,4480,0,0,84,structures
Medieval.Village.MegaKit.Standard/Medieval Village MegaKit[Standard]/glTF/Roof_RoundTiles_8x12.bin,Medieval.Village.MegaKit.Standard,Architecture,SOURCE_TECHNIQUE,318296,b95d6191e8d11d5e,,,,,
Medieval.Village.MegaKit.Standard/Medieval Village MegaKit[Standard]/glTF/Roof_RoundTiles_8x12.gltf,Medieval.Village.MegaKit.Standard,Architecture,CANDIDAT_RUNTIME,4346,48f1c83fe27c8b4d,6356,0,0,84,structures
Medieval.Village.MegaKit.Standard/Medieval Village MegaKit[Standard]/glTF/Roof_RoundTiles_8x14.bin,Medieval.Village.MegaKit.Standard,Architecture,SOURCE_TECHNIQUE,263104,2a9de46dee87ea46,,,,,
Medieval.Village.MegaKit.Standard/Medieval Village MegaKit[Standard]/glTF/Roof_RoundTiles_8x14.gltf,Medieval.Village.MegaKit.Standard,Architecture,CANDIDAT_RUNTIME,4456,aa56907f91b9cba4,5484,0,0,84,structures
Medieval.Village.MegaKit.Standard/Medieval Village MegaKit[Standard]/glTF/Roof_RoundTiles_8x8.bin,Medieval.Village.MegaKit.Standard,Architecture,SOURCE_TECHNIQUE,195328,e294f4c589e799f2,,,,,
Medieval.Village.MegaKit.Standard/Medieval Village MegaKit[Standard]/glTF/Roof_RoundTiles_8x8.gltf,Medieval.Village.MegaKit.Standard,Architecture,CANDIDAT_RUNTIME,4342,9c345408d676cc1d,3888,0,0,84,structures
Medieval.Village.MegaKit.Standard/Medieval Village MegaKit[Standard]/glTF/Roof_Support2.bin,Medieval.Village.MegaKit.Standard,Architecture,SOURCE_TECHNIQUE,4472,7b32d83006209fb6,,,,,
Medieval.Village.MegaKit.Standard/Medieval Village MegaKit[Standard]/glTF/Roof_Support2.gltf,Medieval.Village.MegaKit.Standard,Architecture,CANDIDAT_RUNTIME,2216,819006c2dd411105,84,0,0,76,structures
Medieval.Village.MegaKit.Standard/Medieval Village MegaKit[Standard]/glTF/Roof_Tower_RoundTiles.bin,Medieval.Village.MegaKit.Standard,Architecture,SOURCE_TECHNIQUE,203304,9b476b9ce73bb9fe,,,,,
Medieval.Village.MegaKit.Standard/Medieval Village MegaKit[Standard]/glTF/Roof_Tower_RoundTiles.gltf,Medieval.Village.MegaKit.Standard,Architecture,CANDIDAT_RUNTIME,7933,b484ef0275ec4012,4024,0,0,87,structures
Medieval.Village.MegaKit.Standard/Medieval Village MegaKit[Standard]/glTF/Roof_Wooden_2x1.bin,Medieval.Village.MegaKit.Standard,Architecture,SOURCE_TECHNIQUE,19104,e8f8a04efef5fbae,,,,,
Medieval.Village.MegaKit.Standard/Medieval Village MegaKit[Standard]/glTF/Roof_Wooden_2x1.gltf,Medieval.Village.MegaKit.Standard,Architecture,CANDIDAT_RUNTIME,3985,8b93dcb9bfa46884,224,0,0,79,structures
Medieval.Village.MegaKit.Standard/Medieval Village MegaKit[Standard]/glTF/Roof_Wooden_2x1_Center.bin,Medieval.Village.MegaKit.Standard,Architecture,SOURCE_TECHNIQUE,4472,1cc10d27154a206b,,,,,
Medieval.Village.MegaKit.Standard/Medieval Village MegaKit[Standard]/glTF/Roof_Wooden_2x1_Center.gltf,Medieval.Village.MegaKit.Standard,Architecture,CANDIDAT_RUNTIME,3937,7eae55e33fd7ae82,52,0,0,79,structures
Medieval.Village.MegaKit.Standard/Medieval Village MegaKit[Standard]/glTF/Roof_Wooden_2x1_Center_Mirror.bin,Medieval.Village.MegaKit.Standard,Architecture,SOURCE_TECHNIQUE,4472,726ab05515b4ab8e,,,,,
Medieval.Village.MegaKit.Standard/Medieval Village MegaKit[Standard]/glTF/Roof_Wooden_2x1_Center_Mirror.gltf,Medieval.Village.MegaKit.Standard,Architecture,CANDIDAT_RUNTIME,3951,a3827f56264e48e0,52,0,0,79,structures
Medieval.Village.MegaKit.Standard/Medieval Village MegaKit[Standard]/glTF/Roof_Wooden_2x1_Corner.bin,Medieval.Village.MegaKit.Standard,Architecture,SOURCE_TECHNIQUE,6892,0ee476e4a574183b,,,,,
Medieval.Village.MegaKit.Standard/Medieval Village MegaKit[Standard]/glTF/Roof_Wooden_2x1_Corner.gltf,Medieval.Village.MegaKit.Standard,Architecture,CANDIDAT_RUNTIME,3975,1577dd900ac326dc,82,0,0,81,structures
Medieval.Village.MegaKit.Standard/Medieval Village MegaKit[Standard]/glTF/Roof_Wooden_2x1_L.bin,Medieval.Village.MegaKit.Standard,Architecture,SOURCE_TECHNIQUE,13428,c2489976937747aa,,,,,
Medieval.Village.MegaKit.Standard/Medieval Village MegaKit[Standard]/glTF/Roof_Wooden_2x1_L.gltf,Medieval.Village.MegaKit.Standard,Architecture,CANDIDAT_RUNTIME,3969,7f36fa6b0a007a04,158,0,0,81,structures
Medieval.Village.MegaKit.Standard/Medieval Village MegaKit[Standard]/glTF/Roof_Wooden_2x1_Middle.bin,Medieval.Village.MegaKit.Standard,Architecture,SOURCE_TECHNIQUE,2064,3cfbfa82500b2817,,,,,
Medieval.Village.MegaKit.Standard/Medieval Village MegaKit[Standard]/glTF/Roof_Wooden_2x1_Middle.gltf,Medieval.Village.MegaKit.Standard,Architecture,CANDIDAT_RUNTIME,2367,9f842c2ff1d53db7,24,0,0,72,structures
Medieval.Village.MegaKit.Standard/Medieval Village MegaKit[Standard]/glTF/Roof_Wooden_2x1_R.bin,Medieval.Village.MegaKit.Standard,Architecture,SOURCE_TECHNIQUE,13428,5a53309c9aa633a2,,,,,
Medieval.Village.MegaKit.Standard/Medieval Village MegaKit[Standard]/glTF/Roof_Wooden_2x1_R.gltf,Medieval.Village.MegaKit.Standard,Architecture,CANDIDAT_RUNTIME,3969,22f1e20db9654883,158,0,0,81,structures
Medieval.Village.MegaKit.Standard/Medieval Village MegaKit[Standard]/glTF/Stair_Interior_Rails.bin,Medieval.Village.MegaKit.Standard,Architecture,SOURCE_TECHNIQUE,135344,815e20575f9753be,,,,,
Medieval.Village.MegaKit.Standard/Medieval Village MegaKit[Standard]/glTF/Stair_Interior_Rails.gltf,Medieval.Village.MegaKit.Standard,Architecture,CANDIDAT_RUNTIME,2240,5b64a488eda31ae0,3144,0,0,88,citadelle
Medieval.Village.MegaKit.Standard/Medieval Village MegaKit[Standard]/glTF/Stair_Interior_Simple.bin,Medieval.Village.MegaKit.Standard,Architecture,SOURCE_TECHNIQUE,14560,56746e0b3bf1dc0a,,,,,
Medieval.Village.MegaKit.Standard/Medieval Village MegaKit[Standard]/glTF/Stair_Interior_Simple.gltf,Medieval.Village.MegaKit.Standard,Architecture,CANDIDAT_RUNTIME,2231,dae162fb6f92b397,208,0,0,86,citadelle
Medieval.Village.MegaKit.Standard/Medieval Village MegaKit[Standard]/glTF/Stair_Interior_Solid.bin,Medieval.Village.MegaKit.Standard,Architecture,SOURCE_TECHNIQUE,21228,212ad937eaf473ef,,,,,
Medieval.Village.MegaKit.Standard/Medieval Village MegaKit[Standard]/glTF/Stair_Interior_Solid.gltf,Medieval.Village.MegaKit.Standard,Architecture,CANDIDAT_RUNTIME,2232,333bf204c5e3f6df,306,0,0,86,citadelle
Medieval.Village.MegaKit.Standard/Medieval Village MegaKit[Standard]/glTF/Stair_Interior_SolidExtended.bin,Medieval.Village.MegaKit.Standard,Architecture,SOURCE_TECHNIQUE,25360,0564e1bde8be0ee4,,,,,
Medieval.Village.MegaKit.Standard/Medieval Village MegaKit[Standard]/glTF/Stair_Interior_SolidExtended.gltf,Medieval.Village.MegaKit.Standard,Architecture,CANDIDAT_RUNTIME,2248,ff62d4852ad6e5a3,376,0,0,86,citadelle
Medieval.Village.MegaKit.Standard/Medieval Village MegaKit[Standard]/glTF/Stairs_Exterior_NoFirstStep.bin,Medieval.Village.MegaKit.Standard,Architecture,SOURCE_TECHNIQUE,3512,cb267cf3848c8421,,,,,
Medieval.Village.MegaKit.Standard/Medieval Village MegaKit[Standard]/glTF/Stairs_Exterior_NoFirstStep.gltf,Medieval.Village.MegaKit.Standard,Architecture,CANDIDAT_RUNTIME,3826,1900e1a4f08a1d11,52,0,0,83,citadelle
Medieval.Village.MegaKit.Standard/Medieval Village MegaKit[Standard]/glTF/Stairs_Exterior_Platform.bin,Medieval.Village.MegaKit.Standard,Architecture,SOURCE_TECHNIQUE,2208,13c119f96bec9fa5,,,,,
Medieval.Village.MegaKit.Standard/Medieval Village MegaKit[Standard]/glTF/Stairs_Exterior_Platform.gltf,Medieval.Village.MegaKit.Standard,Architecture,CANDIDAT_RUNTIME,3792,6793dfacd6cd556d,32,0,0,79,citadelle
Medieval.Village.MegaKit.Standard/Medieval Village MegaKit[Standard]/glTF/Stairs_Exterior_Platform45.bin,Medieval.Village.MegaKit.Standard,Architecture,SOURCE_TECHNIQUE,3116,9dbd33fc09c89d6d,,,,,
Medieval.Village.MegaKit.Standard/Medieval Village MegaKit[Standard]/glTF/Stairs_Exterior_Platform45.gltf,Medieval.Village.MegaKit.Standard,Architecture,CANDIDAT_RUNTIME,3801,1f4d7a8e7f57fb3d,55,0,0,83,citadelle
Medieval.Village.MegaKit.Standard/Medieval Village MegaKit[Standard]/glTF/Stairs_Exterior_Platform45Clean.bin,Medieval.Village.MegaKit.Standard,Architecture,SOURCE_TECHNIQUE,2416,3a67a3d75d860453,,,,,
Medieval.Village.MegaKit.Standard/Medieval Village MegaKit[Standard]/glTF/Stairs_Exterior_Platform45Clean.gltf,Medieval.Village.MegaKit.Standard,Architecture,CANDIDAT_RUNTIME,3810,f6f8d120303b76fd,45,0,0,79,citadelle
Medieval.Village.MegaKit.Standard/Medieval Village MegaKit[Standard]/glTF/Stairs_Exterior_PlatformU.bin,Medieval.Village.MegaKit.Standard,Architecture,SOURCE_TECHNIQUE,3416,7e56a56a2563ca68,,,,,
Medieval.Village.MegaKit.Standard/Medieval Village MegaKit[Standard]/glTF/Stairs_Exterior_PlatformU.gltf,Medieval.Village.MegaKit.Standard,Architecture,CANDIDAT_RUNTIME,3816,fc5344174eedd10f,68,0,0,83,citadelle
Medieval.Village.MegaKit.Standard/Medieval Village MegaKit[Standard]/glTF/Stairs_Exterior_SidePlatform.bin,Medieval.Village.MegaKit.Standard,Architecture,SOURCE_TECHNIQUE,1940,920a38bf11139d58,,,,,
Medieval.Village.MegaKit.Standard/Medieval Village MegaKit[Standard]/glTF/Stairs_Exterior_SidePlatform.gltf,Medieval.Village.MegaKit.Standard,Architecture,CANDIDAT_RUNTIME,3804,8cb77073d5d3e56c,30,0,0,79,citadelle
Medieval.Village.MegaKit.Standard/Medieval Village MegaKit[Standard]/glTF/Stairs_Exterior_Sides.bin,Medieval.Village.MegaKit.Standard,Architecture,SOURCE_TECHNIQUE,1120,42117190ccbaec33,,,,,
Medieval.Village.MegaKit.Standard/Medieval Village MegaKit[Standard]/glTF/Stairs_Exterior_Sides.gltf,Medieval.Village.MegaKit.Standard,Architecture,CANDIDAT_RUNTIME,2147,ad44393192a78070,16,0,0,79,citadelle
Medieval.Village.MegaKit.Standard/Medieval Village MegaKit[Standard]/glTF/Stairs_Exterior_Sides45.bin,Medieval.Village.MegaKit.Standard,Architecture,SOURCE_TECHNIQUE,1512,2694cd9065b4a33c,,,,,
Medieval.Village.MegaKit.Standard/Medieval Village MegaKit[Standard]/glTF/Stairs_Exterior_Sides45.gltf,Medieval.Village.MegaKit.Standard,Architecture,CANDIDAT_RUNTIME,2188,c0c94d432cb04056,28,0,0,79,citadelle
Medieval.Village.MegaKit.Standard/Medieval Village MegaKit[Standard]/glTF/Stairs_Exterior_SidesU.bin,Medieval.Village.MegaKit.Standard,Architecture,SOURCE_TECHNIQUE,2768,2356c782bcf4447c,,,,,
Medieval.Village.MegaKit.Standard/Medieval Village MegaKit[Standard]/glTF/Stairs_Exterior_SidesU.gltf,Medieval.Village.MegaKit.Standard,Architecture,CANDIDAT_RUNTIME,2171,556c116b28887858,56,0,0,83,citadelle
Medieval.Village.MegaKit.Standard/Medieval Village MegaKit[Standard]/glTF/Stairs_Exterior_SingleSide.bin,Medieval.Village.MegaKit.Standard,Architecture,SOURCE_TECHNIQUE,840,db19ba6ff453f369,,,,,
Medieval.Village.MegaKit.Standard/Medieval Village MegaKit[Standard]/glTF/Stairs_Exterior_SingleSide.gltf,Medieval.Village.MegaKit.Standard,Architecture,CANDIDAT_RUNTIME,2136,5c8339d88bb94f96,12,0,0,79,citadelle
Medieval.Village.MegaKit.Standard/Medieval Village MegaKit[Standard]/glTF/Stairs_Exterior_SingleSideThick.bin,Medieval.Village.MegaKit.Standard,Architecture,SOURCE_TECHNIQUE,840,6b6ae76b4f83f7c8,,,,,
Medieval.Village.MegaKit.Standard/Medieval Village MegaKit[Standard]/glTF/Stairs_Exterior_SingleSideThick.gltf,Medieval.Village.MegaKit.Standard,Architecture,CANDIDAT_RUNTIME,2148,4dd3a0854d33a4b1,12,0,0,79,citadelle
Medieval.Village.MegaKit.Standard/Medieval Village MegaKit[Standard]/glTF/Stairs_Exterior_Straight.bin,Medieval.Village.MegaKit.Standard,Architecture,SOURCE_TECHNIQUE,4148,2b09708cd0334b8d,,,,,
Medieval.Village.MegaKit.Standard/Medieval Village MegaKit[Standard]/glTF/Stairs_Exterior_Straight.gltf,Medieval.Village.MegaKit.Standard,Architecture,CANDIDAT_RUNTIME,3820,6fc0e396d3441eb0,62,0,0,85,citadelle
Medieval.Village.MegaKit.Standard/Medieval Village MegaKit[Standard]/glTF/Stairs_Exterior_Straight_Center.bin,Medieval.Village.MegaKit.Standard,Architecture,SOURCE_TECHNIQUE,3180,868a392618912f23,,,,,
Medieval.Village.MegaKit.Standard/Medieval Village MegaKit[Standard]/glTF/Stairs_Exterior_Straight_Center.gltf,Medieval.Village.MegaKit.Standard,Architecture,CANDIDAT_RUNTIME,2189,7987b48577c1efd6,50,0,0,85,citadelle
Medieval.Village.MegaKit.Standard/Medieval Village MegaKit[Standard]/glTF/Stairs_Exterior_Straight_L.bin,Medieval.Village.MegaKit.Standard,Architecture,SOURCE_TECHNIQUE,3664,9898e5d9ea581712,,,,,
Medieval.Village.MegaKit.Standard/Medieval Village MegaKit[Standard]/glTF/Stairs_Exterior_Straight_L.gltf,Medieval.Village.MegaKit.Standard,Architecture,CANDIDAT_RUNTIME,3825,47d486cef5fb490e,56,0,0,85,citadelle
Medieval.Village.MegaKit.Standard/Medieval Village MegaKit[Standard]/glTF/Stairs_Exterior_Straight_R.bin,Medieval.Village.MegaKit.Standard,Architecture,SOURCE_TECHNIQUE,3664,4b25c951db006caa,,,,,
Medieval.Village.MegaKit.Standard/Medieval Village MegaKit[Standard]/glTF/Stairs_Exterior_Straight_R.gltf,Medieval.Village.MegaKit.Standard,Architecture,CANDIDAT_RUNTIME,3823,9d27bc397cf0618d,56,0,0,85,citadelle
Medieval.Village.MegaKit.Standard/Medieval Village MegaKit[Standard]/glTF/T_Brick_BaseColor.png,Medieval.Village.MegaKit.Standard,Architecture,DOUBLON_CONTENU,2447169,5515f57e61767838,,,,,
Medieval.Village.MegaKit.Standard/Medieval Village MegaKit[Standard]/glTF/T_Brick_Normal.png,Medieval.Village.MegaKit.Standard,Architecture,DOUBLON_CONTENU,4474267,6349f1fb3eed9985,,,,,
Medieval.Village.MegaKit.Standard/Medieval Village MegaKit[Standard]/glTF/T_Brick_Roughness.png,Medieval.Village.MegaKit.Standard,Architecture,GALERIE,689204,981e7a4f8e311974,,,,,
Medieval.Village.MegaKit.Standard/Medieval Village MegaKit[Standard]/glTF/T_MetalOrnaments_BaseColor.png,Medieval.Village.MegaKit.Standard,Architecture,GALERIE,725116,28603125908bb443,,,,,
Medieval.Village.MegaKit.Standard/Medieval Village MegaKit[Standard]/glTF/T_MetalOrnaments_Roughness.png,Medieval.Village.MegaKit.Standard,Architecture,GALERIE,89547,2de0135d6ffc3021,,,,,
Medieval.Village.MegaKit.Standard/Medieval Village MegaKit[Standard]/glTF/T_Plaster_BaseColor.png,Medieval.Village.MegaKit.Standard,Architecture,DOUBLON_CONTENU,3316410,98547ca83888307e,,,,,
Medieval.Village.MegaKit.Standard/Medieval Village MegaKit[Standard]/glTF/T_Plaster_Normal.png,Medieval.Village.MegaKit.Standard,Architecture,DOUBLON_CONTENU,4607606,8b9617b561466cce,,,,,
Medieval.Village.MegaKit.Standard/Medieval Village MegaKit[Standard]/glTF/T_Plaster_ORM.png,Medieval.Village.MegaKit.Standard,Architecture,DOUBLON_CONTENU,2381579,7be9d64a6154ba12,,,,,
Medieval.Village.MegaKit.Standard/Medieval Village MegaKit[Standard]/glTF/T_RedBrick_BaseColor.png,Medieval.Village.MegaKit.Standard,Architecture,DOUBLON_CONTENU,2525865,44c6303a8b9cef89,,,,,
Medieval.Village.MegaKit.Standard/Medieval Village MegaKit[Standard]/glTF/T_RockTrim_BaseColor.png,Medieval.Village.MegaKit.Standard,Architecture,DOUBLON_CONTENU,1908835,aa571cd612091a8f,,,,,
Medieval.Village.MegaKit.Standard/Medieval Village MegaKit[Standard]/glTF/T_RockTrim_Normal.png,Medieval.Village.MegaKit.Standard,Architecture,DOUBLON_CONTENU,3925938,f93f82f7e69aa0bf,,,,,
Medieval.Village.MegaKit.Standard/Medieval Village MegaKit[Standard]/glTF/T_RockTrim_ORM.png,Medieval.Village.MegaKit.Standard,Architecture,DOUBLON_CONTENU,1625807,5287dd9a4e9fb742,,,,,
Medieval.Village.MegaKit.Standard/Medieval Village MegaKit[Standard]/glTF/T_RoundTiles_BaseColor.png,Medieval.Village.MegaKit.Standard,Architecture,DOUBLON_CONTENU,4352034,acf388ebd1a97346,,,,,
Medieval.Village.MegaKit.Standard/Medieval Village MegaKit[Standard]/glTF/T_RoundTiles_Normal.png,Medieval.Village.MegaKit.Standard,Architecture,DOUBLON_CONTENU,3792369,e8cf202fbc1ec36c,,,,,
Medieval.Village.MegaKit.Standard/Medieval Village MegaKit[Standard]/glTF/T_RoundTiles_Roughness.png,Medieval.Village.MegaKit.Standard,Architecture,GALERIE,1624660,02c5cdbb6768de6a,,,,,
Medieval.Village.MegaKit.Standard/Medieval Village MegaKit[Standard]/glTF/T_UnevenBrick_BaseColor.png,Medieval.Village.MegaKit.Standard,Architecture,DOUBLON_CONTENU,2945342,ee0f096df6110e94,,,,,
Medieval.Village.MegaKit.Standard/Medieval Village MegaKit[Standard]/glTF/T_UnevenBrick_Normal.png,Medieval.Village.MegaKit.Standard,Architecture,DOUBLON_CONTENU,3866626,bbf623cc35720d67,,,,,
Medieval.Village.MegaKit.Standard/Medieval Village MegaKit[Standard]/glTF/T_UnevenBrick_Roughness.png,Medieval.Village.MegaKit.Standard,Architecture,UTILISÉ_RUNTIME,1246162,da170cb92ac5479b,,,,,
Medieval.Village.MegaKit.Standard/Medieval Village MegaKit[Standard]/glTF/T_VineLeaf_png.png,Medieval.Village.MegaKit.Standard,Architecture,DOUBLON_CONTENU,162432,8c80a9835d29cf7b,,,,,
Medieval.Village.MegaKit.Standard/Medieval Village MegaKit[Standard]/glTF/T_WoodTrim_BaseColor.png,Medieval.Village.MegaKit.Standard,Architecture,DOUBLON_CONTENU,2082310,a59f410b07a9bc5f,,,,,
Medieval.Village.MegaKit.Standard/Medieval Village MegaKit[Standard]/glTF/T_WoodTrim_Normal.png,Medieval.Village.MegaKit.Standard,Architecture,DOUBLON_CONTENU,3596501,5847623e4ed6c206,,,,,
Medieval.Village.MegaKit.Standard/Medieval Village MegaKit[Standard]/glTF/T_WoodTrim_Roughness.png,Medieval.Village.MegaKit.Standard,Architecture,UTILISÉ_RUNTIME,1697111,e888464fd4199d45,,,,,
Medieval.Village.MegaKit.Standard/Medieval Village MegaKit[Standard]/glTF/Wall_Arch.bin,Medieval.Village.MegaKit.Standard,Architecture,SOURCE_TECHNIQUE,9496,f027b554caecf059,,,,,
Medieval.Village.MegaKit.Standard/Medieval Village MegaKit[Standard]/glTF/Wall_Arch.gltf,Medieval.Village.MegaKit.Standard,Architecture,CANDIDAT_RUNTIME,2163,4038e91fdd2ddbe2,196,0,0,89,citadelle
Medieval.Village.MegaKit.Standard/Medieval Village MegaKit[Standard]/glTF/Wall_BottomCover.bin,Medieval.Village.MegaKit.Standard,Architecture,SOURCE_TECHNIQUE,1752,41d79aabbf6c00ef,,,,,
Medieval.Village.MegaKit.Standard/Medieval Village MegaKit[Standard]/glTF/Wall_BottomCover.gltf,Medieval.Village.MegaKit.Standard,Architecture,CANDIDAT_RUNTIME,2197,193d9d1e6d1f150a,36,0,0,85,citadelle
Medieval.Village.MegaKit.Standard/Medieval Village MegaKit[Standard]/glTF/Wall_Plaster_Door_Flat.bin,Medieval.Village.MegaKit.Standard,Architecture,SOURCE_TECHNIQUE,6792,e169b64543f0ef81,,,,,
Medieval.Village.MegaKit.Standard/Medieval Village MegaKit[Standard]/glTF/Wall_Plaster_Door_Flat.gltf,Medieval.Village.MegaKit.Standard,Architecture,CANDIDAT_RUNTIME,5942,d2bf9bd8bb88068c,92,0,0,89,citadelle
Medieval.Village.MegaKit.Standard/Medieval Village MegaKit[Standard]/glTF/Wall_Plaster_Door_Round.bin,Medieval.Village.MegaKit.Standard,Architecture,SOURCE_TECHNIQUE,8864,0b347db7975bcf39,,,,,
Medieval.Village.MegaKit.Standard/Medieval Village MegaKit[Standard]/glTF/Wall_Plaster_Door_Round.gltf,Medieval.Village.MegaKit.Standard,Architecture,CANDIDAT_RUNTIME,5946,15514442b52ed9e4,137,0,0,91,citadelle
Medieval.Village.MegaKit.Standard/Medieval Village MegaKit[Standard]/glTF/Wall_Plaster_Door_RoundInset.bin,Medieval.Village.MegaKit.Standard,Architecture,SOURCE_TECHNIQUE,9440,b3cb5c95fdc2e387,,,,,
Medieval.Village.MegaKit.Standard/Medieval Village MegaKit[Standard]/glTF/Wall_Plaster_Door_RoundInset.gltf,Medieval.Village.MegaKit.Standard,Architecture,CANDIDAT_RUNTIME,5986,98e8e183cc17a105,180,0,0,91,citadelle
Medieval.Village.MegaKit.Standard/Medieval Village MegaKit[Standard]/glTF/Wall_Plaster_Straight.bin,Medieval.Village.MegaKit.Standard,Architecture,SOURCE_TECHNIQUE,5876,986bf171c62e9019,,,,,
Medieval.Village.MegaKit.Standard/Medieval Village MegaKit[Standard]/glTF/Wall_Plaster_Straight.gltf,Medieval.Village.MegaKit.Standard,Architecture,CANDIDAT_RUNTIME,4169,3bef920cbba4d124,86,0,0,91,citadelle
Medieval.Village.MegaKit.Standard/Medieval Village MegaKit[Standard]/glTF/Wall_Plaster_Straight_Base.bin,Medieval.Village.MegaKit.Standard,Architecture,SOURCE_TECHNIQUE,4064,dc92d6b119289637,,,,,
Medieval.Village.MegaKit.Standard/Medieval Village MegaKit[Standard]/glTF/Wall_Plaster_Straight_Base.gltf,Medieval.Village.MegaKit.Standard,Architecture,CANDIDAT_RUNTIME,5948,7a0872134768ccee,64,0,0,91,citadelle
Medieval.Village.MegaKit.Standard/Medieval Village MegaKit[Standard]/glTF/Wall_Plaster_Straight_L.bin,Medieval.Village.MegaKit.Standard,Architecture,SOURCE_TECHNIQUE,4752,32effda44cc081cc,,,,,
Medieval.Village.MegaKit.Standard/Medieval Village MegaKit[Standard]/glTF/Wall_Plaster_Straight_L.gltf,Medieval.Village.MegaKit.Standard,Architecture,CANDIDAT_RUNTIME,5962,fc2e8406c3ad8515,72,0,0,91,citadelle
Medieval.Village.MegaKit.Standard/Medieval Village MegaKit[Standard]/glTF/Wall_Plaster_Straight_R.bin,Medieval.Village.MegaKit.Standard,Architecture,SOURCE_TECHNIQUE,4752,eabd16863b458c30,,,,,
Medieval.Village.MegaKit.Standard/Medieval Village MegaKit[Standard]/glTF/Wall_Plaster_Straight_R.gltf,Medieval.Village.MegaKit.Standard,Architecture,CANDIDAT_RUNTIME,5945,7617828da5be6424,72,0,0,91,citadelle
Medieval.Village.MegaKit.Standard/Medieval Village MegaKit[Standard]/glTF/Wall_Plaster_Window_Thin_Round.bin,Medieval.Village.MegaKit.Standard,Architecture,SOURCE_TECHNIQUE,9556,b52fb0f380f2bfbf,,,,,
Medieval.Village.MegaKit.Standard/Medieval Village MegaKit[Standard]/glTF/Wall_Plaster_Window_Thin_Round.gltf,Medieval.Village.MegaKit.Standard,Architecture,CANDIDAT_RUNTIME,5986,94eedafb4964e5e4,166,0,0,91,citadelle
Medieval.Village.MegaKit.Standard/Medieval Village MegaKit[Standard]/glTF/Wall_Plaster_Window_Wide_Flat.bin,Medieval.Village.MegaKit.Standard,Architecture,SOURCE_TECHNIQUE,5376,45e3b1de7fac151e,,,,,
Medieval.Village.MegaKit.Standard/Medieval Village MegaKit[Standard]/glTF/Wall_Plaster_Window_Wide_Flat.gltf,Medieval.Village.MegaKit.Standard,Architecture,CANDIDAT_RUNTIME,5964,548aab2c01d593a7,96,0,0,89,citadelle
Medieval.Village.MegaKit.Standard/Medieval Village MegaKit[Standard]/glTF/Wall_Plaster_Window_Wide_Flat2.bin,Medieval.Village.MegaKit.Standard,Architecture,SOURCE_TECHNIQUE,7532,bb965f0a7bbceba1,,,,,
Medieval.Village.MegaKit.Standard/Medieval Village MegaKit[Standard]/glTF/Wall_Plaster_Window_Wide_Flat2.gltf,Medieval.Village.MegaKit.Standard,Architecture,CANDIDAT_RUNTIME,4192,2cc0413cfe7416f3,122,0,0,89,citadelle
Medieval.Village.MegaKit.Standard/Medieval Village MegaKit[Standard]/glTF/Wall_Plaster_Window_Wide_Round.bin,Medieval.Village.MegaKit.Standard,Architecture,SOURCE_TECHNIQUE,6664,833f44b4d5c60805,,,,,
Medieval.Village.MegaKit.Standard/Medieval Village MegaKit[Standard]/glTF/Wall_Plaster_Window_Wide_Round.gltf,Medieval.Village.MegaKit.Standard,Architecture,CANDIDAT_RUNTIME,5967,99400c34093727a7,124,0,0,91,citadelle
Medieval.Village.MegaKit.Standard/Medieval Village MegaKit[Standard]/glTF/Wall_Plaster_WoodGrid.bin,Medieval.Village.MegaKit.Standard,Architecture,SOURCE_TECHNIQUE,17248,c97643db2a58aed8,,,,,
Medieval.Village.MegaKit.Standard/Medieval Village MegaKit[Standard]/glTF/Wall_Plaster_WoodGrid.gltf,Medieval.Village.MegaKit.Standard,Architecture,CANDIDAT_RUNTIME,4201,63493359c240943f,248,0,0,89,citadelle
Medieval.Village.MegaKit.Standard/Medieval Village MegaKit[Standard]/glTF/Wall_UnevenBrick_Door_Flat.bin,Medieval.Village.MegaKit.Standard,Architecture,SOURCE_TECHNIQUE,3516,6cf49baa77c62df4,,,,,
Medieval.Village.MegaKit.Standard/Medieval Village MegaKit[Standard]/glTF/Wall_UnevenBrick_Door_Flat.gltf,Medieval.Village.MegaKit.Standard,Architecture,CANDIDAT_RUNTIME,5406,51c6364927fbe67b,74,0,0,89,citadelle
Medieval.Village.MegaKit.Standard/Medieval Village MegaKit[Standard]/glTF/Wall_UnevenBrick_Door_Round.bin,Medieval.Village.MegaKit.Standard,Architecture,SOURCE_TECHNIQUE,5364,525b3f918e81a9b6,,,,,
Medieval.Village.MegaKit.Standard/Medieval Village MegaKit[Standard]/glTF/Wall_UnevenBrick_Door_Round.gltf,Medieval.Village.MegaKit.Standard,Architecture,CANDIDAT_RUNTIME,5413,4bbb83c8ac7799e1,136,0,0,91,citadelle
Medieval.Village.MegaKit.Standard/Medieval Village MegaKit[Standard]/glTF/Wall_UnevenBrick_Straight.bin,Medieval.Village.MegaKit.Standard,Architecture,SOURCE_TECHNIQUE,2768,4d3b14acd4c5e6fe,,,,,
Medieval.Village.MegaKit.Standard/Medieval Village MegaKit[Standard]/glTF/Wall_UnevenBrick_Straight.gltf,Medieval.Village.MegaKit.Standard,Architecture,UTILISÉ_RUNTIME,5392,3b004772bace43cc,56,0,0,91,citadelle
Medieval.Village.MegaKit.Standard/Medieval Village MegaKit[Standard]/glTF/Wall_UnevenBrick_Window_Thin_Round.bin,Medieval.Village.MegaKit.Standard,Architecture,SOURCE_TECHNIQUE,7548,694702897a0b44a5,,,,,
Medieval.Village.MegaKit.Standard/Medieval Village MegaKit[Standard]/glTF/Wall_UnevenBrick_Window_Thin_Round.gltf,Medieval.Village.MegaKit.Standard,Architecture,CANDIDAT_RUNTIME,6009,e43cde1412d15cf2,158,0,0,91,citadelle
Medieval.Village.MegaKit.Standard/Medieval Village MegaKit[Standard]/glTF/Wall_UnevenBrick_Window_Wide_Flat.bin,Medieval.Village.MegaKit.Standard,Architecture,SOURCE_TECHNIQUE,4608,41e0b94bfda9e973,,,,,
Medieval.Village.MegaKit.Standard/Medieval Village MegaKit[Standard]/glTF/Wall_UnevenBrick_Window_Wide_Flat.gltf,Medieval.Village.MegaKit.Standard,Architecture,CANDIDAT_RUNTIME,6004,3e50147bd9356751,88,0,0,89,citadelle
Medieval.Village.MegaKit.Standard/Medieval Village MegaKit[Standard]/glTF/Wall_UnevenBrick_Window_Wide_Round.bin,Medieval.Village.MegaKit.Standard,Architecture,SOURCE_TECHNIQUE,5896,bac31b035e25cb8a,,,,,
Medieval.Village.MegaKit.Standard/Medieval Village MegaKit[Standard]/glTF/Wall_UnevenBrick_Window_Wide_Round.gltf,Medieval.Village.MegaKit.Standard,Architecture,CANDIDAT_RUNTIME,6008,9ca99d6f1ae10652,116,0,0,91,citadelle
Medieval.Village.MegaKit.Standard/Medieval Village MegaKit[Standard]/glTF/WindowShutters_Thin_Flat_Closed.bin,Medieval.Village.MegaKit.Standard,Architecture,SOURCE_TECHNIQUE,8256,5e4abb4cff41e110,,,,,
Medieval.Village.MegaKit.Standard/Medieval Village MegaKit[Standard]/glTF/WindowShutters_Thin_Flat_Closed.gltf,Medieval.Village.MegaKit.Standard,Architecture,CANDIDAT_RUNTIME,2443,7e2b10bc0de0e925,96,0,0,69,
Medieval.Village.MegaKit.Standard/Medieval Village MegaKit[Standard]/glTF/WindowShutters_Thin_Flat_Open.bin,Medieval.Village.MegaKit.Standard,Architecture,SOURCE_TECHNIQUE,8256,3cc8ccefb15492c8,,,,,
Medieval.Village.MegaKit.Standard/Medieval Village MegaKit[Standard]/glTF/WindowShutters_Thin_Flat_Open.gltf,Medieval.Village.MegaKit.Standard,Architecture,CANDIDAT_RUNTIME,2442,998cc67c1cbc7d00,96,0,0,69,
Medieval.Village.MegaKit.Standard/Medieval Village MegaKit[Standard]/glTF/WindowShutters_Thin_Round_Closed.bin,Medieval.Village.MegaKit.Standard,Architecture,SOURCE_TECHNIQUE,9472,6d101d20eb3a6262,,,,,
Medieval.Village.MegaKit.Standard/Medieval Village MegaKit[Standard]/glTF/WindowShutters_Thin_Round_Closed.gltf,Medieval.Village.MegaKit.Standard,Architecture,CANDIDAT_RUNTIME,2446,3dbdfbc57aeb708f,112,0,0,71,
Medieval.Village.MegaKit.Standard/Medieval Village MegaKit[Standard]/glTF/WindowShutters_Thin_Round_Open.bin,Medieval.Village.MegaKit.Standard,Architecture,SOURCE_TECHNIQUE,9472,dbffd622221dc83a,,,,,
Medieval.Village.MegaKit.Standard/Medieval Village MegaKit[Standard]/glTF/WindowShutters_Thin_Round_Open.gltf,Medieval.Village.MegaKit.Standard,Architecture,CANDIDAT_RUNTIME,2445,6aff6c02fc9670f7,112,0,0,71,
Medieval.Village.MegaKit.Standard/Medieval Village MegaKit[Standard]/glTF/WindowShutters_Wide_Flat_Closed.bin,Medieval.Village.MegaKit.Standard,Architecture,SOURCE_TECHNIQUE,10320,e215753b0a052a9e,,,,,
Medieval.Village.MegaKit.Standard/Medieval Village MegaKit[Standard]/glTF/WindowShutters_Wide_Flat_Closed.gltf,Medieval.Village.MegaKit.Standard,Architecture,CANDIDAT_RUNTIME,2444,5b9b105aad29aa56,120,0,0,69,
Medieval.Village.MegaKit.Standard/Medieval Village MegaKit[Standard]/glTF/WindowShutters_Wide_Flat_Open.bin,Medieval.Village.MegaKit.Standard,Architecture,SOURCE_TECHNIQUE,10320,522cd3f266423912,,,,,
Medieval.Village.MegaKit.Standard/Medieval Village MegaKit[Standard]/glTF/WindowShutters_Wide_Flat_Open.gltf,Medieval.Village.MegaKit.Standard,Architecture,CANDIDAT_RUNTIME,2441,af66b3955894e35a,120,0,0,69,
Medieval.Village.MegaKit.Standard/Medieval Village MegaKit[Standard]/glTF/WindowShutters_Wide_Round_Closed.bin,Medieval.Village.MegaKit.Standard,Architecture,SOURCE_TECHNIQUE,11536,94911edbbb2c8815,,,,,
Medieval.Village.MegaKit.Standard/Medieval Village MegaKit[Standard]/glTF/WindowShutters_Wide_Round_Closed.gltf,Medieval.Village.MegaKit.Standard,Architecture,CANDIDAT_RUNTIME,2448,852e2cc26c15c9ec,136,0,0,71,
Medieval.Village.MegaKit.Standard/Medieval Village MegaKit[Standard]/glTF/WindowShutters_Wide_Round_Open.bin,Medieval.Village.MegaKit.Standard,Architecture,SOURCE_TECHNIQUE,11536,e71bfabdac9ff7da,,,,,
Medieval.Village.MegaKit.Standard/Medieval Village MegaKit[Standard]/glTF/WindowShutters_Wide_Round_Open.gltf,Medieval.Village.MegaKit.Standard,Architecture,CANDIDAT_RUNTIME,2442,057f7df672397df7,136,0,0,71,
Medieval.Village.MegaKit.Standard/Medieval Village MegaKit[Standard]/glTF/Window_Roof_Thin.bin,Medieval.Village.MegaKit.Standard,Architecture,SOURCE_TECHNIQUE,3956,d6822678cb99052b,,,,,
Medieval.Village.MegaKit.Standard/Medieval Village MegaKit[Standard]/glTF/Window_Roof_Thin.gltf,Medieval.Village.MegaKit.Standard,Architecture,CANDIDAT_RUNTIME,3967,17ee993634742c2c,46,0,0,77,structures
Medieval.Village.MegaKit.Standard/Medieval Village MegaKit[Standard]/glTF/Window_Roof_Wide.bin,Medieval.Village.MegaKit.Standard,Architecture,SOURCE_TECHNIQUE,5676,8196f09d4dc81bd6,,,,,
Medieval.Village.MegaKit.Standard/Medieval Village MegaKit[Standard]/glTF/Window_Roof_Wide.gltf,Medieval.Village.MegaKit.Standard,Architecture,CANDIDAT_RUNTIME,3971,bc58f2e6f8545c6a,66,0,0,81,structures
Medieval.Village.MegaKit.Standard/Medieval Village MegaKit[Standard]/glTF/Window_Thin_Flat1.bin,Medieval.Village.MegaKit.Standard,Architecture,SOURCE_TECHNIQUE,7648,824a3393d73140fd,,,,,
Medieval.Village.MegaKit.Standard/Medieval Village MegaKit[Standard]/glTF/Window_Thin_Flat1.gltf,Medieval.Village.MegaKit.Standard,Architecture,CANDIDAT_RUNTIME,3514,3065d7788d7e844c,112,0,0,69,
Medieval.Village.MegaKit.Standard/Medieval Village MegaKit[Standard]/glTF/Window_Thin_Round1.bin,Medieval.Village.MegaKit.Standard,Architecture,SOURCE_TECHNIQUE,25828,757574fbdb5a42da,,,,,
Medieval.Village.MegaKit.Standard/Medieval Village MegaKit[Standard]/glTF/Window_Thin_Round1.gltf,Medieval.Village.MegaKit.Standard,Architecture,CANDIDAT_RUNTIME,3925,02ffe8984b2a7bff,418,0,0,71,
Medieval.Village.MegaKit.Standard/Medieval Village MegaKit[Standard]/glTF/Window_Wide_Flat1.bin,Medieval.Village.MegaKit.Standard,Architecture,SOURCE_TECHNIQUE,11104,95aabb93aa96572c,,,,,
Medieval.Village.MegaKit.Standard/Medieval Village MegaKit[Standard]/glTF/Window_Wide_Flat1.gltf,Medieval.Village.MegaKit.Standard,Architecture,CANDIDAT_RUNTIME,3516,28b91e0693bac376,160,0,0,69,
Medieval.Village.MegaKit.Standard/Medieval Village MegaKit[Standard]/glTF/Window_Wide_Round1.bin,Medieval.Village.MegaKit.Standard,Architecture,SOURCE_TECHNIQUE,21804,6b595d00be1c585b,,,,,
Medieval.Village.MegaKit.Standard/Medieval Village MegaKit[Standard]/glTF/Window_Wide_Round1.gltf,Medieval.Village.MegaKit.Standard,Architecture,CANDIDAT_RUNTIME,3919,031c380ad522cae1,354,0,0,71,
Medieval.Village.MegaKit.Standard/Medieval Village MegaKit[Standard]/FBX/Balcony_Cross_Corner.fbx,Medieval.Village.MegaKit.Standard,Architecture,DOUBLON_FORMAT,27948,072aec94b161be78,,,,,
Medieval.Village.MegaKit.Standard/Medieval Village MegaKit[Standard]/FBX/Balcony_Cross_Straight.fbx,Medieval.Village.MegaKit.Standard,Architecture,DOUBLON_FORMAT,25004,cf43713b9060ba0f,,,,,
Medieval.Village.MegaKit.Standard/Medieval Village MegaKit[Standard]/FBX/Balcony_Simple_Corner.fbx,Medieval.Village.MegaKit.Standard,Architecture,DOUBLON_FORMAT,62700,f5326422d3ade726,,,,,
Medieval.Village.MegaKit.Standard/Medieval Village MegaKit[Standard]/FBX/Balcony_Simple_Straight.fbx,Medieval.Village.MegaKit.Standard,Architecture,DOUBLON_FORMAT,42236,0b78e4b22317338a,,,,,
Medieval.Village.MegaKit.Standard/Medieval Village MegaKit[Standard]/FBX/Corner_ExteriorWide_Brick.fbx,Medieval.Village.MegaKit.Standard,Architecture,DOUBLON_FORMAT,98828,72b353ff5f0a0035,,,,,
Medieval.Village.MegaKit.Standard/Medieval Village MegaKit[Standard]/FBX/Corner_ExteriorWide_Wood.fbx,Medieval.Village.MegaKit.Standard,Architecture,DOUBLON_FORMAT,22796,0221916772e01168,,,,,
Medieval.Village.MegaKit.Standard/Medieval Village MegaKit[Standard]/FBX/Corner_Exterior_Brick.fbx,Medieval.Village.MegaKit.Standard,Architecture,DOUBLON_FORMAT,103916,a88bd316a38553b4,,,,,
Medieval.Village.MegaKit.Standard/Medieval Village MegaKit[Standard]/FBX/Corner_Exterior_TopDown.fbx,Medieval.Village.MegaKit.Standard,Architecture,DOUBLON_FORMAT,22428,ac56afc0d0394e9b,,,,,
Medieval.Village.MegaKit.Standard/Medieval Village MegaKit[Standard]/FBX/Corner_Exterior_TopOnly.fbx,Medieval.Village.MegaKit.Standard,Architecture,DOUBLON_FORMAT,21996,145b087849e1cb14,,,,,
Medieval.Village.MegaKit.Standard/Medieval Village MegaKit[Standard]/FBX/Corner_Exterior_Wood.fbx,Medieval.Village.MegaKit.Standard,Architecture,DOUBLON_FORMAT,22028,6df0cbcb13dd3021,,,,,
Medieval.Village.MegaKit.Standard/Medieval Village MegaKit[Standard]/FBX/Corner_Interior_Big.fbx,Medieval.Village.MegaKit.Standard,Architecture,DOUBLON_FORMAT,22252,e331f36554dfe989,,,,,
Medieval.Village.MegaKit.Standard/Medieval Village MegaKit[Standard]/FBX/Corner_Interior_Small.fbx,Medieval.Village.MegaKit.Standard,Architecture,DOUBLON_FORMAT,22012,349537aaf27434fe,,,,,
Medieval.Village.MegaKit.Standard/Medieval Village MegaKit[Standard]/FBX/DoorFrame_Flat_Brick.fbx,Medieval.Village.MegaKit.Standard,Architecture,DOUBLON_FORMAT,72556,8422ef9ee1f1c576,,,,,
Medieval.Village.MegaKit.Standard/Medieval Village MegaKit[Standard]/FBX/DoorFrame_Flat_WoodDark.fbx,Medieval.Village.MegaKit.Standard,Architecture,DOUBLON_FORMAT,23132,770daa08f225c262,,,,,
Medieval.Village.MegaKit.Standard/Medieval Village MegaKit[Standard]/FBX/DoorFrame_Round_Brick.fbx,Medieval.Village.MegaKit.Standard,Architecture,DOUBLON_FORMAT,75884,c74a995d4c5f74e5,,,,,
Medieval.Village.MegaKit.Standard/Medieval Village MegaKit[Standard]/FBX/DoorFrame_Round_WoodDark.fbx,Medieval.Village.MegaKit.Standard,Architecture,DOUBLON_FORMAT,29036,2f13a1fa7f0ab0b6,,,,,
Medieval.Village.MegaKit.Standard/Medieval Village MegaKit[Standard]/FBX/Door_1_Flat.fbx,Medieval.Village.MegaKit.Standard,Architecture,DOUBLON_FORMAT,33436,005faeb66d248874,,,,,
Medieval.Village.MegaKit.Standard/Medieval Village MegaKit[Standard]/FBX/Door_1_Round.fbx,Medieval.Village.MegaKit.Standard,Architecture,DOUBLON_FORMAT,37932,d1eab43f29760f91,,,,,
Medieval.Village.MegaKit.Standard/Medieval Village MegaKit[Standard]/FBX/Door_2_Flat.fbx,Medieval.Village.MegaKit.Standard,Architecture,DOUBLON_FORMAT,164156,f5a23342bc34759f,,,,,
Medieval.Village.MegaKit.Standard/Medieval Village MegaKit[Standard]/FBX/Door_2_Round.fbx,Medieval.Village.MegaKit.Standard,Architecture,DOUBLON_FORMAT,169788,7cf52f049139dbef,,,,,
Medieval.Village.MegaKit.Standard/Medieval Village MegaKit[Standard]/FBX/Door_4_Flat.fbx,Medieval.Village.MegaKit.Standard,Architecture,DOUBLON_FORMAT,57020,2e2c1420b00596da,,,,,
Medieval.Village.MegaKit.Standard/Medieval Village MegaKit[Standard]/FBX/Door_4_Round.fbx,Medieval.Village.MegaKit.Standard,Architecture,DOUBLON_FORMAT,62316,23364128bcbd4ae2,,,,,
Medieval.Village.MegaKit.Standard/Medieval Village MegaKit[Standard]/FBX/Door_8_Flat.fbx,Medieval.Village.MegaKit.Standard,Architecture,DOUBLON_FORMAT,53036,e79019545b33f16c,,,,,
Medieval.Village.MegaKit.Standard/Medieval Village MegaKit[Standard]/FBX/Door_8_Round.fbx,Medieval.Village.MegaKit.Standard,Architecture,DOUBLON_FORMAT,59452,c5dfb86a62d99c80,,,,,
Medieval.Village.MegaKit.Standard/Medieval Village MegaKit[Standard]/FBX/Floor_Brick.fbx,Medieval.Village.MegaKit.Standard,Architecture,DOUBLON_FORMAT,21692,87bfabc87715b32c,,,,,
Medieval.Village.MegaKit.Standard/Medieval Village MegaKit[Standard]/FBX/Floor_RedBrick.fbx,Medieval.Village.MegaKit.Standard,Architecture,DOUBLON_FORMAT,21724,2bd98ffd65ff218b,,,,,
Medieval.Village.MegaKit.Standard/Medieval Village MegaKit[Standard]/FBX/Floor_UnevenBrick.fbx,Medieval.Village.MegaKit.Standard,Architecture,DOUBLON_FORMAT,21836,faf9c4b55596b8e7,,,,,
Medieval.Village.MegaKit.Standard/Medieval Village MegaKit[Standard]/FBX/Floor_WoodDark.fbx,Medieval.Village.MegaKit.Standard,Architecture,DOUBLON_FORMAT,22284,007cc4ea363b385e,,,,,
Medieval.Village.MegaKit.Standard/Medieval Village MegaKit[Standard]/FBX/Floor_WoodDark_Half1.fbx,Medieval.Village.MegaKit.Standard,Architecture,DOUBLON_FORMAT,22364,e269af24ddb255ea,,,,,
Medieval.Village.MegaKit.Standard/Medieval Village MegaKit[Standard]/FBX/Floor_WoodDark_Half2.fbx,Medieval.Village.MegaKit.Standard,Architecture,DOUBLON_FORMAT,22364,e70c92234fa66506,,,,,
Medieval.Village.MegaKit.Standard/Medieval Village MegaKit[Standard]/FBX/Floor_WoodDark_Half3.fbx,Medieval.Village.MegaKit.Standard,Architecture,DOUBLON_FORMAT,22172,fe22b278600ee54a,,,,,
Medieval.Village.MegaKit.Standard/Medieval Village MegaKit[Standard]/FBX/Floor_WoodDark_OverhangCorner.fbx,Medieval.Village.MegaKit.Standard,Architecture,DOUBLON_FORMAT,22348,599d282a477702d5,,,,,
Medieval.Village.MegaKit.Standard/Medieval Village MegaKit[Standard]/FBX/Floor_WoodDark_OverhangCorner2.fbx,Medieval.Village.MegaKit.Standard,Architecture,DOUBLON_FORMAT,22412,c146cd418bbcbfcd,,,,,
Medieval.Village.MegaKit.Standard/Medieval Village MegaKit[Standard]/FBX/Floor_WoodLight.fbx,Medieval.Village.MegaKit.Standard,Architecture,DOUBLON_FORMAT,22284,5297b97ef4d765d5,,,,,
Medieval.Village.MegaKit.Standard/Medieval Village MegaKit[Standard]/FBX/Floor_WoodLight_OverhangCorner.fbx,Medieval.Village.MegaKit.Standard,Architecture,DOUBLON_FORMAT,22364,fd33a5c28c09f79b,,,,,
Medieval.Village.MegaKit.Standard/Medieval Village MegaKit[Standard]/FBX/Floor_WoodLight_OverhangCorner2.fbx,Medieval.Village.MegaKit.Standard,Architecture,DOUBLON_FORMAT,22412,4eb04c8237cc4163,,,,,
Medieval.Village.MegaKit.Standard/Medieval Village MegaKit[Standard]/FBX/HoleCover_90Angle.fbx,Medieval.Village.MegaKit.Standard,Architecture,DOUBLON_FORMAT,22124,0e5ce8fdbd51dba5,,,,,
Medieval.Village.MegaKit.Standard/Medieval Village MegaKit[Standard]/FBX/HoleCover_90Half.fbx,Medieval.Village.MegaKit.Standard,Architecture,DOUBLON_FORMAT,22252,62ae2d9990cb8559,,,,,
Medieval.Village.MegaKit.Standard/Medieval Village MegaKit[Standard]/FBX/HoleCover_90Stairs.fbx,Medieval.Village.MegaKit.Standard,Architecture,DOUBLON_FORMAT,22124,691b2a36dd39e60e,,,,,
Medieval.Village.MegaKit.Standard/Medieval Village MegaKit[Standard]/FBX/HoleCover_Straight.fbx,Medieval.Village.MegaKit.Standard,Architecture,DOUBLON_FORMAT,22012,1a6e70a03414d24f,,,,,
Medieval.Village.MegaKit.Standard/Medieval Village MegaKit[Standard]/FBX/HoleCover_StraightHalf.fbx,Medieval.Village.MegaKit.Standard,Architecture,DOUBLON_FORMAT,21964,092946e5bd02f117,,,,,
Medieval.Village.MegaKit.Standard/Medieval Village MegaKit[Standard]/FBX/Overhang_Plaster_Corner.fbx,Medieval.Village.MegaKit.Standard,Architecture,DOUBLON_FORMAT,36556,6004eb2fc4415d3a,,,,,
Medieval.Village.MegaKit.Standard/Medieval Village MegaKit[Standard]/FBX/Overhang_Plaster_Corner_Front.fbx,Medieval.Village.MegaKit.Standard,Architecture,DOUBLON_FORMAT,29084,2d9e7708aef0dd2b,,,,,
Medieval.Village.MegaKit.Standard/Medieval Village MegaKit[Standard]/FBX/Overhang_Plaster_Long.fbx,Medieval.Village.MegaKit.Standard,Architecture,DOUBLON_FORMAT,31804,90de2ebe57b4fb23,,,,,
Medieval.Village.MegaKit.Standard/Medieval Village MegaKit[Standard]/FBX/Overhang_Plaster_Short.fbx,Medieval.Village.MegaKit.Standard,Architecture,DOUBLON_FORMAT,32380,0a472e052578be7b,,,,,
Medieval.Village.MegaKit.Standard/Medieval Village MegaKit[Standard]/FBX/Overhang_RoofIncline_Plaster.fbx,Medieval.Village.MegaKit.Standard,Architecture,DOUBLON_FORMAT,26348,4de9b7694d0c19da,,,,,
Medieval.Village.MegaKit.Standard/Medieval Village MegaKit[Standard]/FBX/Overhang_RoofIncline_UnevenBricks.fbx,Medieval.Village.MegaKit.Standard,Architecture,DOUBLON_FORMAT,27820,17cfa087ecdc137a,,,,,
Medieval.Village.MegaKit.Standard/Medieval Village MegaKit[Standard]/FBX/Overhang_Roof_Plaster.fbx,Medieval.Village.MegaKit.Standard,Architecture,DOUBLON_FORMAT,26316,1682a858f2c498fe,,,,,
Medieval.Village.MegaKit.Standard/Medieval Village MegaKit[Standard]/FBX/Overhang_Roof_UnevenBricks.fbx,Medieval.Village.MegaKit.Standard,Architecture,DOUBLON_FORMAT,27804,75763678bbd93f43,,,,,
Medieval.Village.MegaKit.Standard/Medieval Village MegaKit[Standard]/FBX/Overhang_Side_Plaster_Long_L.fbx,Medieval.Village.MegaKit.Standard,Architecture,DOUBLON_FORMAT,34764,c58cecb52c781bed,,,,,
Medieval.Village.MegaKit.Standard/Medieval Village MegaKit[Standard]/FBX/Overhang_Side_Plaster_Long_R.fbx,Medieval.Village.MegaKit.Standard,Architecture,DOUBLON_FORMAT,34828,703ebfef4edf54cf,,,,,
Medieval.Village.MegaKit.Standard/Medieval Village MegaKit[Standard]/FBX/Overhang_Side_Plaster_Short_L.fbx,Medieval.Village.MegaKit.Standard,Architecture,DOUBLON_FORMAT,33932,a21b708509612773,,,,,
Medieval.Village.MegaKit.Standard/Medieval Village MegaKit[Standard]/FBX/Overhang_Side_Plaster_Short_R.fbx,Medieval.Village.MegaKit.Standard,Architecture,DOUBLON_FORMAT,33980,0f8616bf35d64173,,,,,
Medieval.Village.MegaKit.Standard/Medieval Village MegaKit[Standard]/FBX/Overhang_Side_UnevenBrick_Long_L.fbx,Medieval.Village.MegaKit.Standard,Architecture,DOUBLON_FORMAT,39148,02bf57b4357d7c82,,,,,
Medieval.Village.MegaKit.Standard/Medieval Village MegaKit[Standard]/FBX/Overhang_Side_UnevenBrick_Long_R.fbx,Medieval.Village.MegaKit.Standard,Architecture,DOUBLON_FORMAT,39196,db975e97c271e25c,,,,,
Medieval.Village.MegaKit.Standard/Medieval Village MegaKit[Standard]/FBX/Overhang_Side_UnevenBrick_Short_L.fbx,Medieval.Village.MegaKit.Standard,Architecture,DOUBLON_FORMAT,38892,1b2646f6f86b59cf,,,,,
Medieval.Village.MegaKit.Standard/Medieval Village MegaKit[Standard]/FBX/Overhang_Side_UnevenBrick_Short_R.fbx,Medieval.Village.MegaKit.Standard,Architecture,DOUBLON_FORMAT,38940,98d8526a4a2fc295,,,,,
Medieval.Village.MegaKit.Standard/Medieval Village MegaKit[Standard]/FBX/Overhang_UnevenBrick_Corner.fbx,Medieval.Village.MegaKit.Standard,Architecture,DOUBLON_FORMAT,41340,772d919ffcf58fb6,,,,,
Medieval.Village.MegaKit.Standard/Medieval Village MegaKit[Standard]/FBX/Overhang_UnevenBrick_Corner_Front.fbx,Medieval.Village.MegaKit.Standard,Architecture,DOUBLON_FORMAT,32252,1b6c0ec2c638c822,,,,,
Medieval.Village.MegaKit.Standard/Medieval Village MegaKit[Standard]/FBX/Overhang_UnevenBrick_Long.fbx,Medieval.Village.MegaKit.Standard,Architecture,DOUBLON_FORMAT,36748,e1abc1a1dddbd7df,,,,,
Medieval.Village.MegaKit.Standard/Medieval Village MegaKit[Standard]/FBX/Overhang_UnevenBrick_Short.fbx,Medieval.Village.MegaKit.Standard,Architecture,DOUBLON_FORMAT,37308,4eaf7f455e6bae4d,,,,,
Medieval.Village.MegaKit.Standard/Medieval Village MegaKit[Standard]/FBX/Prop_Brick1.fbx,Medieval.Village.MegaKit.Standard,Architecture,DOUBLON_FORMAT,23836,f6fbcaac922b33f0,,,,,
Medieval.Village.MegaKit.Standard/Medieval Village MegaKit[Standard]/FBX/Prop_Brick2.fbx,Medieval.Village.MegaKit.Standard,Architecture,DOUBLON_FORMAT,23452,0ba5396e77812e6b,,,,,
Medieval.Village.MegaKit.Standard/Medieval Village MegaKit[Standard]/FBX/Prop_Brick3.fbx,Medieval.Village.MegaKit.Standard,Architecture,DOUBLON_FORMAT,24460,83870b8cad9363dd,,,,,
Medieval.Village.MegaKit.Standard/Medieval Village MegaKit[Standard]/FBX/Prop_Brick4.fbx,Medieval.Village.MegaKit.Standard,Architecture,DOUBLON_FORMAT,24396,9f670e6faa478986,,,,,
Medieval.Village.MegaKit.Standard/Medieval Village MegaKit[Standard]/FBX/Prop_Chimney.fbx,Medieval.Village.MegaKit.Standard,Architecture,DOUBLON_FORMAT,44044,ecfbe3e9ae586ec5,,,,,
Medieval.Village.MegaKit.Standard/Medieval Village MegaKit[Standard]/FBX/Prop_Chimney2.fbx,Medieval.Village.MegaKit.Standard,Architecture,DOUBLON_FORMAT,25532,e5127f3766cf76ca,,,,,
Medieval.Village.MegaKit.Standard/Medieval Village MegaKit[Standard]/FBX/Prop_Crate.fbx,Medieval.Village.MegaKit.Standard,Architecture,DOUBLON_FORMAT,26796,3c3dc336b1fda289,,,,,
Medieval.Village.MegaKit.Standard/Medieval Village MegaKit[Standard]/FBX/Prop_ExteriorBorder_Corner.fbx,Medieval.Village.MegaKit.Standard,Architecture,DOUBLON_FORMAT,20748,28dc28f6612c46f2,,,,,
Medieval.Village.MegaKit.Standard/Medieval Village MegaKit[Standard]/FBX/Prop_ExteriorBorder_Straight1.fbx,Medieval.Village.MegaKit.Standard,Architecture,DOUBLON_FORMAT,20732,3c9b1d5dd5672a1b,,,,,
Medieval.Village.MegaKit.Standard/Medieval Village MegaKit[Standard]/FBX/Prop_ExteriorBorder_Straight2.fbx,Medieval.Village.MegaKit.Standard,Architecture,DOUBLON_FORMAT,20732,51f67ba35a0e1872,,,,,
Medieval.Village.MegaKit.Standard/Medieval Village MegaKit[Standard]/FBX/Prop_MetalFence_Ornament.fbx,Medieval.Village.MegaKit.Standard,Architecture,DOUBLON_FORMAT,119068,01601dfbecc2024b,,,,,
Medieval.Village.MegaKit.Standard/Medieval Village MegaKit[Standard]/FBX/Prop_MetalFence_Simple.fbx,Medieval.Village.MegaKit.Standard,Architecture,DOUBLON_FORMAT,82284,b0b232f39e400b6d,,,,,
Medieval.Village.MegaKit.Standard/Medieval Village MegaKit[Standard]/FBX/Prop_Support.fbx,Medieval.Village.MegaKit.Standard,Architecture,DOUBLON_FORMAT,22396,af88b48d480f4c98,,,,,
Medieval.Village.MegaKit.Standard/Medieval Village MegaKit[Standard]/FBX/Prop_Vine1.fbx,Medieval.Village.MegaKit.Standard,Architecture,DOUBLON_FORMAT,23676,ededbd53ac898961,,,,,
Medieval.Village.MegaKit.Standard/Medieval Village MegaKit[Standard]/FBX/Prop_Vine2.fbx,Medieval.Village.MegaKit.Standard,Architecture,DOUBLON_FORMAT,21692,60dc5206e965f408,,,,,
Medieval.Village.MegaKit.Standard/Medieval Village MegaKit[Standard]/FBX/Prop_Vine4.fbx,Medieval.Village.MegaKit.Standard,Architecture,DOUBLON_FORMAT,20828,65e1cbd457738200,,,,,
Medieval.Village.MegaKit.Standard/Medieval Village MegaKit[Standard]/FBX/Prop_Vine5.fbx,Medieval.Village.MegaKit.Standard,Architecture,DOUBLON_FORMAT,24972,902a343862668560,,,,,
Medieval.Village.MegaKit.Standard/Medieval Village MegaKit[Standard]/FBX/Prop_Vine6.fbx,Medieval.Village.MegaKit.Standard,Architecture,DOUBLON_FORMAT,24732,0302ac3f17c28916,,,,,
Medieval.Village.MegaKit.Standard/Medieval Village MegaKit[Standard]/FBX/Prop_Vine9.fbx,Medieval.Village.MegaKit.Standard,Architecture,DOUBLON_FORMAT,21340,6969e53956870aa2,,,,,
Medieval.Village.MegaKit.Standard/Medieval Village MegaKit[Standard]/FBX/Prop_Wagon.fbx,Medieval.Village.MegaKit.Standard,Architecture,DOUBLON_FORMAT,70700,ae03724c8c3063f8,,,,,
Medieval.Village.MegaKit.Standard/Medieval Village MegaKit[Standard]/FBX/Prop_WoodenFence_Extension1.fbx,Medieval.Village.MegaKit.Standard,Architecture,DOUBLON_FORMAT,22684,ec897834c92171b7,,,,,
Medieval.Village.MegaKit.Standard/Medieval Village MegaKit[Standard]/FBX/Prop_WoodenFence_Extension2.fbx,Medieval.Village.MegaKit.Standard,Architecture,DOUBLON_FORMAT,22588,9d4461fa7b3f010a,,,,,
Medieval.Village.MegaKit.Standard/Medieval Village MegaKit[Standard]/FBX/Prop_WoodenFence_Single.fbx,Medieval.Village.MegaKit.Standard,Architecture,DOUBLON_FORMAT,22876,7b1de4665567ea0c,,,,,
Medieval.Village.MegaKit.Standard/Medieval Village MegaKit[Standard]/FBX/Roof_2x4_RoundTile.fbx,Medieval.Village.MegaKit.Standard,Architecture,DOUBLON_FORMAT,59020,fb894ee9ab93a9c8,,,,,
Medieval.Village.MegaKit.Standard/Medieval Village MegaKit[Standard]/FBX/Roof_Dormer_RoundTile.fbx,Medieval.Village.MegaKit.Standard,Architecture,DOUBLON_FORMAT,60972,71d96e6e7ab08cff,,,,,
Medieval.Village.MegaKit.Standard/Medieval Village MegaKit[Standard]/FBX/Roof_FrontSupports.fbx,Medieval.Village.MegaKit.Standard,Architecture,DOUBLON_FORMAT,23260,1dcdb5187e465eda,,,,,
Medieval.Village.MegaKit.Standard/Medieval Village MegaKit[Standard]/FBX/Roof_Front_Brick2.fbx,Medieval.Village.MegaKit.Standard,Architecture,DOUBLON_FORMAT,27708,ca9fd8523f706566,,,,,
Medieval.Village.MegaKit.Standard/Medieval Village MegaKit[Standard]/FBX/Roof_Front_Brick4.fbx,Medieval.Village.MegaKit.Standard,Architecture,DOUBLON_FORMAT,32348,6649b2a1bb1d7b15,,,,,
Medieval.Village.MegaKit.Standard/Medieval Village MegaKit[Standard]/FBX/Roof_Front_Brick4_Half_L.fbx,Medieval.Village.MegaKit.Standard,Architecture,DOUBLON_FORMAT,29772,19d15dbc8c1fed11,,,,,
Medieval.Village.MegaKit.Standard/Medieval Village MegaKit[Standard]/FBX/Roof_Front_Brick4_Half_R.fbx,Medieval.Village.MegaKit.Standard,Architecture,DOUBLON_FORMAT,29916,4338047ce6c68140,,,,,
Medieval.Village.MegaKit.Standard/Medieval Village MegaKit[Standard]/FBX/Roof_Front_Brick6.fbx,Medieval.Village.MegaKit.Standard,Architecture,DOUBLON_FORMAT,33900,ea591db14f8a48b2,,,,,
Medieval.Village.MegaKit.Standard/Medieval Village MegaKit[Standard]/FBX/Roof_Front_Brick6_Half_L.fbx,Medieval.Village.MegaKit.Standard,Architecture,DOUBLON_FORMAT,30748,4f6af88f65bb3e0a,,,,,
Medieval.Village.MegaKit.Standard/Medieval Village MegaKit[Standard]/FBX/Roof_Front_Brick6_Half_R.fbx,Medieval.Village.MegaKit.Standard,Architecture,DOUBLON_FORMAT,30764,eac0102fd2cf3722,,,,,
Medieval.Village.MegaKit.Standard/Medieval Village MegaKit[Standard]/FBX/Roof_Front_Brick8.fbx,Medieval.Village.MegaKit.Standard,Architecture,DOUBLON_FORMAT,34412,6c61528757c37c82,,,,,
Medieval.Village.MegaKit.Standard/Medieval Village MegaKit[Standard]/FBX/Roof_Front_Brick8_Half_L.fbx,Medieval.Village.MegaKit.Standard,Architecture,DOUBLON_FORMAT,31164,6d0042fe006c7499,,,,,
Medieval.Village.MegaKit.Standard/Medieval Village MegaKit[Standard]/FBX/Roof_Front_Brick8_Half_R.fbx,Medieval.Village.MegaKit.Standard,Architecture,DOUBLON_FORMAT,31132,dbf463ea5d4f0c1a,,,,,
Medieval.Village.MegaKit.Standard/Medieval Village MegaKit[Standard]/FBX/Roof_Log.fbx,Medieval.Village.MegaKit.Standard,Architecture,DOUBLON_FORMAT,26460,100ee830f9b5d00b,,,,,
Medieval.Village.MegaKit.Standard/Medieval Village MegaKit[Standard]/FBX/Roof_Modular_RoundTiles.fbx,Medieval.Village.MegaKit.Standard,Architecture,DOUBLON_FORMAT,26236,1324241507dc9982,,,,,
Medieval.Village.MegaKit.Standard/Medieval Village MegaKit[Standard]/FBX/Roof_RoundTile_2x1.fbx,Medieval.Village.MegaKit.Standard,Architecture,DOUBLON_FORMAT,45964,e10913b4a90fda37,,,,,
Medieval.Village.MegaKit.Standard/Medieval Village MegaKit[Standard]/FBX/Roof_RoundTile_2x1_Long.fbx,Medieval.Village.MegaKit.Standard,Architecture,DOUBLON_FORMAT,46764,94f79e89267e0744,,,,,
Medieval.Village.MegaKit.Standard/Medieval Village MegaKit[Standard]/FBX/Roof_RoundTiles_4x4.fbx,Medieval.Village.MegaKit.Standard,Architecture,DOUBLON_FORMAT,84444,ce10f4d655223747,,,,,
Medieval.Village.MegaKit.Standard/Medieval Village MegaKit[Standard]/FBX/Roof_RoundTiles_4x6.fbx,Medieval.Village.MegaKit.Standard,Architecture,DOUBLON_FORMAT,98924,75f85ee0fbd65e2f,,,,,
Medieval.Village.MegaKit.Standard/Medieval Village MegaKit[Standard]/FBX/Roof_RoundTiles_4x8.fbx,Medieval.Village.MegaKit.Standard,Architecture,DOUBLON_FORMAT,115340,3377c133dc7a206f,,,,,
Medieval.Village.MegaKit.Standard/Medieval Village MegaKit[Standard]/FBX/Roof_RoundTiles_6x10.fbx,Medieval.Village.MegaKit.Standard,Architecture,DOUBLON_FORMAT,150316,2d975b76581ddfee,,,,,
Medieval.Village.MegaKit.Standard/Medieval Village MegaKit[Standard]/FBX/Roof_RoundTiles_6x12.fbx,Medieval.Village.MegaKit.Standard,Architecture,DOUBLON_FORMAT,161260,285a41cedf7a75ad,,,,,
Medieval.Village.MegaKit.Standard/Medieval Village MegaKit[Standard]/FBX/Roof_RoundTiles_6x14.fbx,Medieval.Village.MegaKit.Standard,Architecture,DOUBLON_FORMAT,180732,96cc7942ed7eb92e,,,,,
Medieval.Village.MegaKit.Standard/Medieval Village MegaKit[Standard]/FBX/Roof_RoundTiles_6x4.fbx,Medieval.Village.MegaKit.Standard,Architecture,DOUBLON_FORMAT,88396,574f12a1f9af329d,,,,,
Medieval.Village.MegaKit.Standard/Medieval Village MegaKit[Standard]/FBX/Roof_RoundTiles_6x6.fbx,Medieval.Village.MegaKit.Standard,Architecture,DOUBLON_FORMAT,119708,e6eb69e0da150e3f,,,,,
Medieval.Village.MegaKit.Standard/Medieval Village MegaKit[Standard]/FBX/Roof_RoundTiles_6x8.fbx,Medieval.Village.MegaKit.Standard,Architecture,DOUBLON_FORMAT,135580,10f8d9f8429d9d86,,,,,
Medieval.Village.MegaKit.Standard/Medieval Village MegaKit[Standard]/FBX/Roof_RoundTiles_8x10.fbx,Medieval.Village.MegaKit.Standard,Architecture,DOUBLON_FORMAT,156508,2b3ad46a61f9d4b3,,,,,
Medieval.Village.MegaKit.Standard/Medieval Village MegaKit[Standard]/FBX/Roof_RoundTiles_8x12.fbx,Medieval.Village.MegaKit.Standard,Architecture,DOUBLON_FORMAT,203660,d9e9146700dc18ab,,,,,
Medieval.Village.MegaKit.Standard/Medieval Village MegaKit[Standard]/FBX/Roof_RoundTiles_8x14.fbx,Medieval.Village.MegaKit.Standard,Architecture,DOUBLON_FORMAT,183772,79b82c8b75dfc7be,,,,,
Medieval.Village.MegaKit.Standard/Medieval Village MegaKit[Standard]/FBX/Roof_RoundTiles_8x8.fbx,Medieval.Village.MegaKit.Standard,Architecture,DOUBLON_FORMAT,139356,ef7be35c9cff259c,,,,,
Medieval.Village.MegaKit.Standard/Medieval Village MegaKit[Standard]/FBX/Roof_Support2.fbx,Medieval.Village.MegaKit.Standard,Architecture,DOUBLON_FORMAT,23964,a09aef1931044d3a,,,,,
Medieval.Village.MegaKit.Standard/Medieval Village MegaKit[Standard]/FBX/Roof_Tower_RoundTiles.fbx,Medieval.Village.MegaKit.Standard,Architecture,DOUBLON_FORMAT,150444,6a2e00d5d41f3b59,,,,,
Medieval.Village.MegaKit.Standard/Medieval Village MegaKit[Standard]/FBX/Roof_Wooden_2x1.fbx,Medieval.Village.MegaKit.Standard,Architecture,DOUBLON_FORMAT,32924,5bb22452224ad239,,,,,
Medieval.Village.MegaKit.Standard/Medieval Village MegaKit[Standard]/FBX/Roof_Wooden_2x1_Center.fbx,Medieval.Village.MegaKit.Standard,Architecture,DOUBLON_FORMAT,27436,3270d2076a759a5a,,,,,
Medieval.Village.MegaKit.Standard/Medieval Village MegaKit[Standard]/FBX/Roof_Wooden_2x1_Center_Mirror.fbx,Medieval.Village.MegaKit.Standard,Architecture,DOUBLON_FORMAT,27420,e4f22e499d490173,,,,,
Medieval.Village.MegaKit.Standard/Medieval Village MegaKit[Standard]/FBX/Roof_Wooden_2x1_Corner.fbx,Medieval.Village.MegaKit.Standard,Architecture,DOUBLON_FORMAT,29180,3b9345112cea3780,,,,,
Medieval.Village.MegaKit.Standard/Medieval Village MegaKit[Standard]/FBX/Roof_Wooden_2x1_L.fbx,Medieval.Village.MegaKit.Standard,Architecture,DOUBLON_FORMAT,31420,2b26bb5ffc5e92d0,,,,,
Medieval.Village.MegaKit.Standard/Medieval Village MegaKit[Standard]/FBX/Roof_Wooden_2x1_Middle.fbx,Medieval.Village.MegaKit.Standard,Architecture,DOUBLON_FORMAT,26204,5f2742e7c0e5a1b9,,,,,
Medieval.Village.MegaKit.Standard/Medieval Village MegaKit[Standard]/FBX/Roof_Wooden_2x1_R.fbx,Medieval.Village.MegaKit.Standard,Architecture,DOUBLON_FORMAT,31420,9c409a749b66bab7,,,,,
Medieval.Village.MegaKit.Standard/Medieval Village MegaKit[Standard]/FBX/Stair_Interior_Rails.fbx,Medieval.Village.MegaKit.Standard,Architecture,DOUBLON_FORMAT,84876,3904f95cfde08024,,,,,
Medieval.Village.MegaKit.Standard/Medieval Village MegaKit[Standard]/FBX/Stair_Interior_Simple.fbx,Medieval.Village.MegaKit.Standard,Architecture,DOUBLON_FORMAT,25996,d1e701149bc6cc97,,,,,
Medieval.Village.MegaKit.Standard/Medieval Village MegaKit[Standard]/FBX/Stair_Interior_Solid.fbx,Medieval.Village.MegaKit.Standard,Architecture,DOUBLON_FORMAT,30460,e23f9c38b5f8caa4,,,,,
Medieval.Village.MegaKit.Standard/Medieval Village MegaKit[Standard]/FBX/Stair_Interior_SolidExtended.fbx,Medieval.Village.MegaKit.Standard,Architecture,DOUBLON_FORMAT,31100,f8bf33d4ad1f9f47,,,,,
Medieval.Village.MegaKit.Standard/Medieval Village MegaKit[Standard]/FBX/Stairs_Exterior_NoFirstStep.fbx,Medieval.Village.MegaKit.Standard,Architecture,DOUBLON_FORMAT,26972,cbd9f14710234d13,,,,,
Medieval.Village.MegaKit.Standard/Medieval Village MegaKit[Standard]/FBX/Stairs_Exterior_Platform.fbx,Medieval.Village.MegaKit.Standard,Architecture,DOUBLON_FORMAT,26268,beed30a7c22f4fea,,,,,
Medieval.Village.MegaKit.Standard/Medieval Village MegaKit[Standard]/FBX/Stairs_Exterior_Platform45.fbx,Medieval.Village.MegaKit.Standard,Architecture,DOUBLON_FORMAT,26892,f6b459d1a727e88d,,,,,
Medieval.Village.MegaKit.Standard/Medieval Village MegaKit[Standard]/FBX/Stairs_Exterior_Platform45Clean.fbx,Medieval.Village.MegaKit.Standard,Architecture,DOUBLON_FORMAT,26636,0cbe410236f6233f,,,,,
Medieval.Village.MegaKit.Standard/Medieval Village MegaKit[Standard]/FBX/Stairs_Exterior_PlatformU.fbx,Medieval.Village.MegaKit.Standard,Architecture,DOUBLON_FORMAT,27292,a2c03a445bb81965,,,,,
Medieval.Village.MegaKit.Standard/Medieval Village MegaKit[Standard]/FBX/Stairs_Exterior_SidePlatform.fbx,Medieval.Village.MegaKit.Standard,Architecture,DOUBLON_FORMAT,26140,32a4eb686e6ff7e5,,,,,
Medieval.Village.MegaKit.Standard/Medieval Village MegaKit[Standard]/FBX/Stairs_Exterior_Sides.fbx,Medieval.Village.MegaKit.Standard,Architecture,DOUBLON_FORMAT,22140,13854530ae4e15f6,,,,,
Medieval.Village.MegaKit.Standard/Medieval Village MegaKit[Standard]/FBX/Stairs_Exterior_Sides45.fbx,Medieval.Village.MegaKit.Standard,Architecture,DOUBLON_FORMAT,22460,c27a070f9c349501,,,,,
Medieval.Village.MegaKit.Standard/Medieval Village MegaKit[Standard]/FBX/Stairs_Exterior_SidesU.fbx,Medieval.Village.MegaKit.Standard,Architecture,DOUBLON_FORMAT,23036,3bce2ab3da9d9e2a,,,,,
Medieval.Village.MegaKit.Standard/Medieval Village MegaKit[Standard]/FBX/Stairs_Exterior_SingleSide.fbx,Medieval.Village.MegaKit.Standard,Architecture,DOUBLON_FORMAT,21932,8b42bd3dc7744e19,,,,,
Medieval.Village.MegaKit.Standard/Medieval Village MegaKit[Standard]/FBX/Stairs_Exterior_SingleSideThick.fbx,Medieval.Village.MegaKit.Standard,Architecture,DOUBLON_FORMAT,21900,97dc45033e23c5aa,,,,,
Medieval.Village.MegaKit.Standard/Medieval Village MegaKit[Standard]/FBX/Stairs_Exterior_Straight.fbx,Medieval.Village.MegaKit.Standard,Architecture,DOUBLON_FORMAT,27020,e923936e2a81fa95,,,,,
Medieval.Village.MegaKit.Standard/Medieval Village MegaKit[Standard]/FBX/Stairs_Exterior_Straight_Center.fbx,Medieval.Village.MegaKit.Standard,Architecture,DOUBLON_FORMAT,26716,e87119e4e6e65812,,,,,
Medieval.Village.MegaKit.Standard/Medieval Village MegaKit[Standard]/FBX/Stairs_Exterior_Straight_L.fbx,Medieval.Village.MegaKit.Standard,Architecture,DOUBLON_FORMAT,27084,5a0be321370f7942,,,,,
Medieval.Village.MegaKit.Standard/Medieval Village MegaKit[Standard]/FBX/Stairs_Exterior_Straight_R.fbx,Medieval.Village.MegaKit.Standard,Architecture,DOUBLON_FORMAT,27068,ecc903449092161e,,,,,
Medieval.Village.MegaKit.Standard/Medieval Village MegaKit[Standard]/FBX/Wall_Arch.fbx,Medieval.Village.MegaKit.Standard,Architecture,DOUBLON_FORMAT,26252,a753b10a12b2730d,,,,,
Medieval.Village.MegaKit.Standard/Medieval Village MegaKit[Standard]/FBX/Wall_BottomCover.fbx,Medieval.Village.MegaKit.Standard,Architecture,DOUBLON_FORMAT,22860,0d3a1efc8056d034,,,,,
Medieval.Village.MegaKit.Standard/Medieval Village MegaKit[Standard]/FBX/Wall_Plaster_Door_Flat.fbx,Medieval.Village.MegaKit.Standard,Architecture,DOUBLON_FORMAT,32220,00b8c9389ceb8ccd,,,,,
Medieval.Village.MegaKit.Standard/Medieval Village MegaKit[Standard]/FBX/Wall_Plaster_Door_Round.fbx,Medieval.Village.MegaKit.Standard,Architecture,DOUBLON_FORMAT,33740,07577a717488d490,,,,,
Medieval.Village.MegaKit.Standard/Medieval Village MegaKit[Standard]/FBX/Wall_Plaster_Door_RoundInset.fbx,Medieval.Village.MegaKit.Standard,Architecture,DOUBLON_FORMAT,35788,8cc9c01933064956,,,,,
Medieval.Village.MegaKit.Standard/Medieval Village MegaKit[Standard]/FBX/Wall_Plaster_Straight.fbx,Medieval.Village.MegaKit.Standard,Architecture,DOUBLON_FORMAT,28700,5ef84f632e74ab0b,,,,,
Medieval.Village.MegaKit.Standard/Medieval Village MegaKit[Standard]/FBX/Wall_Plaster_Straight_Base.fbx,Medieval.Village.MegaKit.Standard,Architecture,DOUBLON_FORMAT,33132,946f7df01d27b2b6,,,,,
Medieval.Village.MegaKit.Standard/Medieval Village MegaKit[Standard]/FBX/Wall_Plaster_Straight_L.fbx,Medieval.Village.MegaKit.Standard,Architecture,DOUBLON_FORMAT,33292,f2edb6d054665ce4,,,,,
Medieval.Village.MegaKit.Standard/Medieval Village MegaKit[Standard]/FBX/Wall_Plaster_Straight_R.fbx,Medieval.Village.MegaKit.Standard,Architecture,DOUBLON_FORMAT,33276,32f81a235d43d202,,,,,
Medieval.Village.MegaKit.Standard/Medieval Village MegaKit[Standard]/FBX/Wall_Plaster_Window_Thin_Round.fbx,Medieval.Village.MegaKit.Standard,Architecture,DOUBLON_FORMAT,35516,257fffb8f0aa38e5,,,,,
Medieval.Village.MegaKit.Standard/Medieval Village MegaKit[Standard]/FBX/Wall_Plaster_Window_Wide_Flat.fbx,Medieval.Village.MegaKit.Standard,Architecture,DOUBLON_FORMAT,33964,3c9d5624bc3c7ae4,,,,,
Medieval.Village.MegaKit.Standard/Medieval Village MegaKit[Standard]/FBX/Wall_Plaster_Window_Wide_Flat2.fbx,Medieval.Village.MegaKit.Standard,Architecture,DOUBLON_FORMAT,29740,c995afa20ffdbbe0,,,,,
Medieval.Village.MegaKit.Standard/Medieval Village MegaKit[Standard]/FBX/Wall_Plaster_Window_Wide_Round.fbx,Medieval.Village.MegaKit.Standard,Architecture,DOUBLON_FORMAT,35020,13d4dc9779ae699c,,,,,
Medieval.Village.MegaKit.Standard/Medieval Village MegaKit[Standard]/FBX/Wall_Plaster_WoodGrid.fbx,Medieval.Village.MegaKit.Standard,Architecture,DOUBLON_FORMAT,32476,32d4ecf9b2e82792,,,,,
Medieval.Village.MegaKit.Standard/Medieval Village MegaKit[Standard]/FBX/Wall_UnevenBrick_Door_Flat.fbx,Medieval.Village.MegaKit.Standard,Architecture,DOUBLON_FORMAT,32796,0a8ebca501b19519,,,,,
Medieval.Village.MegaKit.Standard/Medieval Village MegaKit[Standard]/FBX/Wall_UnevenBrick_Door_Round.fbx,Medieval.Village.MegaKit.Standard,Architecture,DOUBLON_FORMAT,34124,2d0dfcb7065a2872,,,,,
Medieval.Village.MegaKit.Standard/Medieval Village MegaKit[Standard]/FBX/Wall_UnevenBrick_Straight.fbx,Medieval.Village.MegaKit.Standard,Architecture,DOUBLON_FORMAT,32396,f4c7d302a4604293,,,,,
Medieval.Village.MegaKit.Standard/Medieval Village MegaKit[Standard]/FBX/Wall_UnevenBrick_Window_Thin_Round.fbx,Medieval.Village.MegaKit.Standard,Architecture,DOUBLON_FORMAT,36012,441e6b7a57e5fc47,,,,,
Medieval.Village.MegaKit.Standard/Medieval Village MegaKit[Standard]/FBX/Wall_UnevenBrick_Window_Wide_Flat.fbx,Medieval.Village.MegaKit.Standard,Architecture,DOUBLON_FORMAT,33804,94c6e37e73780b22,,,,,
Medieval.Village.MegaKit.Standard/Medieval Village MegaKit[Standard]/FBX/Wall_UnevenBrick_Window_Wide_Round.fbx,Medieval.Village.MegaKit.Standard,Architecture,DOUBLON_FORMAT,34940,eba4d61452d5a719,,,,,
Medieval.Village.MegaKit.Standard/Medieval Village MegaKit[Standard]/FBX/WindowShutters_Thin_Flat_Closed.fbx,Medieval.Village.MegaKit.Standard,Architecture,DOUBLON_FORMAT,25532,61e666257222633d,,,,,
Medieval.Village.MegaKit.Standard/Medieval Village MegaKit[Standard]/FBX/WindowShutters_Thin_Flat_Open.fbx,Medieval.Village.MegaKit.Standard,Architecture,DOUBLON_FORMAT,25772,4765fc677f8e8e3f,,,,,
Medieval.Village.MegaKit.Standard/Medieval Village MegaKit[Standard]/FBX/WindowShutters_Thin_Round_Closed.fbx,Medieval.Village.MegaKit.Standard,Architecture,DOUBLON_FORMAT,26156,b19041d29afdef93,,,,,
Medieval.Village.MegaKit.Standard/Medieval Village MegaKit[Standard]/FBX/WindowShutters_Thin_Round_Open.fbx,Medieval.Village.MegaKit.Standard,Architecture,DOUBLON_FORMAT,26412,36151e61e2c8dd41,,,,,
Medieval.Village.MegaKit.Standard/Medieval Village MegaKit[Standard]/FBX/WindowShutters_Wide_Flat_Closed.fbx,Medieval.Village.MegaKit.Standard,Architecture,DOUBLON_FORMAT,25804,fc7c094736755d6f,,,,,
Medieval.Village.MegaKit.Standard/Medieval Village MegaKit[Standard]/FBX/WindowShutters_Wide_Flat_Open.fbx,Medieval.Village.MegaKit.Standard,Architecture,DOUBLON_FORMAT,26124,640576a2077281f0,,,,,
Medieval.Village.MegaKit.Standard/Medieval Village MegaKit[Standard]/FBX/WindowShutters_Wide_Round_Closed.fbx,Medieval.Village.MegaKit.Standard,Architecture,DOUBLON_FORMAT,26540,aeea8fb245b364d1,,,,,
Medieval.Village.MegaKit.Standard/Medieval Village MegaKit[Standard]/FBX/WindowShutters_Wide_Round_Open.fbx,Medieval.Village.MegaKit.Standard,Architecture,DOUBLON_FORMAT,26892,6727db093c685f31,,,,,
Medieval.Village.MegaKit.Standard/Medieval Village MegaKit[Standard]/FBX/Window_Roof_Thin.fbx,Medieval.Village.MegaKit.Standard,Architecture,DOUBLON_FORMAT,27420,31fa25c1e8f556d9,,,,,
Medieval.Village.MegaKit.Standard/Medieval Village MegaKit[Standard]/FBX/Window_Roof_Wide.fbx,Medieval.Village.MegaKit.Standard,Architecture,DOUBLON_FORMAT,28044,b22ecf2f1dedc979,,,,,
Medieval.Village.MegaKit.Standard/Medieval Village MegaKit[Standard]/FBX/Window_Thin_Flat1.fbx,Medieval.Village.MegaKit.Standard,Architecture,DOUBLON_FORMAT,25868,4493c62d3c7e4c8f,,,,,
Medieval.Village.MegaKit.Standard/Medieval Village MegaKit[Standard]/FBX/Window_Thin_Round1.fbx,Medieval.Village.MegaKit.Standard,Architecture,DOUBLON_FORMAT,37292,d9d3b6955780b47c,,,,,
Medieval.Village.MegaKit.Standard/Medieval Village MegaKit[Standard]/FBX/Window_Wide_Flat1.fbx,Medieval.Village.MegaKit.Standard,Architecture,DOUBLON_FORMAT,26812,bcb849e5cb0d6ba9,,,,,
Medieval.Village.MegaKit.Standard/Medieval Village MegaKit[Standard]/FBX/Window_Wide_Round1.fbx,Medieval.Village.MegaKit.Standard,Architecture,DOUBLON_FORMAT,35724,ec369099fa519625,,,,,
Medieval.Village.MegaKit.Standard/Medieval Village MegaKit[Standard]/OBJ/Balcony_Cross_Corner.mtl,Medieval.Village.MegaKit.Standard,Architecture,SOURCE_TECHNIQUE,598,1caff2a3f932e7de,,,,,
Medieval.Village.MegaKit.Standard/Medieval Village MegaKit[Standard]/OBJ/Balcony_Cross_Corner.obj,Medieval.Village.MegaKit.Standard,Architecture,DOUBLON_FORMAT,14526,950ef0e5e9cab477,,,,,
Medieval.Village.MegaKit.Standard/Medieval Village MegaKit[Standard]/OBJ/Balcony_Cross_Straight.mtl,Medieval.Village.MegaKit.Standard,Architecture,DOUBLON_CONTENU,598,1caff2a3f932e7de,,,,,
Medieval.Village.MegaKit.Standard/Medieval Village MegaKit[Standard]/OBJ/Balcony_Cross_Straight.obj,Medieval.Village.MegaKit.Standard,Architecture,DOUBLON_FORMAT,7749,e487d14c083096ce,,,,,
Medieval.Village.MegaKit.Standard/Medieval Village MegaKit[Standard]/OBJ/Balcony_Simple_Corner.mtl,Medieval.Village.MegaKit.Standard,Architecture,DOUBLON_CONTENU,598,1caff2a3f932e7de,,,,,
Medieval.Village.MegaKit.Standard/Medieval Village MegaKit[Standard]/OBJ/Balcony_Simple_Corner.obj,Medieval.Village.MegaKit.Standard,Architecture,DOUBLON_FORMAT,88806,5ea36df99f6046fc,,,,,
Medieval.Village.MegaKit.Standard/Medieval Village MegaKit[Standard]/OBJ/Balcony_Simple_Straight.mtl,Medieval.Village.MegaKit.Standard,Architecture,DOUBLON_CONTENU,598,1caff2a3f932e7de,,,,,
Medieval.Village.MegaKit.Standard/Medieval Village MegaKit[Standard]/OBJ/Balcony_Simple_Straight.obj,Medieval.Village.MegaKit.Standard,Architecture,DOUBLON_FORMAT,45329,3b5af01257c863ed,,,,,
Medieval.Village.MegaKit.Standard/Medieval Village MegaKit[Standard]/OBJ/Corner_ExteriorWide_Brick.mtl,Medieval.Village.MegaKit.Standard,Architecture,SOURCE_TECHNIQUE,492,d99605c254a61438,,,,,
Medieval.Village.MegaKit.Standard/Medieval Village MegaKit[Standard]/OBJ/Corner_ExteriorWide_Brick.obj,Medieval.Village.MegaKit.Standard,Architecture,DOUBLON_FORMAT,170076,72486e4a363d454e,,,,,
Medieval.Village.MegaKit.Standard/Medieval Village MegaKit[Standard]/OBJ/Corner_ExteriorWide_Wood.mtl,Medieval.Village.MegaKit.Standard,Architecture,DOUBLON_CONTENU,598,1caff2a3f932e7de,,,,,
Medieval.Village.MegaKit.Standard/Medieval Village MegaKit[Standard]/OBJ/Corner_ExteriorWide_Wood.obj,Medieval.Village.MegaKit.Standard,Architecture,DOUBLON_FORMAT,2514,100dcb8dffbe85bb,,,,,
Medieval.Village.MegaKit.Standard/Medieval Village MegaKit[Standard]/OBJ/Corner_Exterior_Brick.mtl,Medieval.Village.MegaKit.Standard,Architecture,DOUBLON_CONTENU,492,d99605c254a61438,,,,,
Medieval.Village.MegaKit.Standard/Medieval Village MegaKit[Standard]/OBJ/Corner_Exterior_Brick.obj,Medieval.Village.MegaKit.Standard,Architecture,DOUBLON_FORMAT,182980,c547af45bc94581a,,,,,
Medieval.Village.MegaKit.Standard/Medieval Village MegaKit[Standard]/OBJ/Corner_Exterior_TopDown.mtl,Medieval.Village.MegaKit.Standard,Architecture,DOUBLON_CONTENU,598,1caff2a3f932e7de,,,,,
Medieval.Village.MegaKit.Standard/Medieval Village MegaKit[Standard]/OBJ/Corner_Exterior_TopDown.obj,Medieval.Village.MegaKit.Standard,Architecture,DOUBLON_FORMAT,1441,2c39d78e29a0576f,,,,,
Medieval.Village.MegaKit.Standard/Medieval Village MegaKit[Standard]/OBJ/Corner_Exterior_TopOnly.mtl,Medieval.Village.MegaKit.Standard,Architecture,DOUBLON_CONTENU,598,1caff2a3f932e7de,,,,,
Medieval.Village.MegaKit.Standard/Medieval Village MegaKit[Standard]/OBJ/Corner_Exterior_TopOnly.obj,Medieval.Village.MegaKit.Standard,Architecture,DOUBLON_FORMAT,826,2e4e019a4979c324,,,,,
Medieval.Village.MegaKit.Standard/Medieval Village MegaKit[Standard]/OBJ/Corner_Exterior_Wood.mtl,Medieval.Village.MegaKit.Standard,Architecture,DOUBLON_CONTENU,598,1caff2a3f932e7de,,,,,
Medieval.Village.MegaKit.Standard/Medieval Village MegaKit[Standard]/OBJ/Corner_Exterior_Wood.obj,Medieval.Village.MegaKit.Standard,Architecture,DOUBLON_FORMAT,929,a8a855e8a076ace7,,,,,
Medieval.Village.MegaKit.Standard/Medieval Village MegaKit[Standard]/OBJ/Corner_Interior_Big.mtl,Medieval.Village.MegaKit.Standard,Architecture,DOUBLON_CONTENU,598,1caff2a3f932e7de,,,,,
Medieval.Village.MegaKit.Standard/Medieval Village MegaKit[Standard]/OBJ/Corner_Interior_Big.obj,Medieval.Village.MegaKit.Standard,Architecture,DOUBLON_FORMAT,1595,d13e596463ab4580,,,,,
Medieval.Village.MegaKit.Standard/Medieval Village MegaKit[Standard]/OBJ/Corner_Interior_Small.mtl,Medieval.Village.MegaKit.Standard,Architecture,DOUBLON_CONTENU,598,1caff2a3f932e7de,,,,,
Medieval.Village.MegaKit.Standard/Medieval Village MegaKit[Standard]/OBJ/Corner_Interior_Small.obj,Medieval.Village.MegaKit.Standard,Architecture,DOUBLON_FORMAT,931,ab3cca546bfc313a,,,,,
Medieval.Village.MegaKit.Standard/Medieval Village MegaKit[Standard]/OBJ/DoorFrame_Flat_Brick.mtl,Medieval.Village.MegaKit.Standard,Architecture,DOUBLON_CONTENU,492,d99605c254a61438,,,,,
Medieval.Village.MegaKit.Standard/Medieval Village MegaKit[Standard]/OBJ/DoorFrame_Flat_Brick.obj,Medieval.Village.MegaKit.Standard,Architecture,DOUBLON_FORMAT,109965,f768a92bbdf67b2c,,,,,
Medieval.Village.MegaKit.Standard/Medieval Village MegaKit[Standard]/OBJ/DoorFrame_Flat_WoodDark.mtl,Medieval.Village.MegaKit.Standard,Architecture,DOUBLON_CONTENU,598,1caff2a3f932e7de,,,,,
Medieval.Village.MegaKit.Standard/Medieval Village MegaKit[Standard]/OBJ/DoorFrame_Flat_WoodDark.obj,Medieval.Village.MegaKit.Standard,Architecture,DOUBLON_FORMAT,3625,ff677b8439fa2ffd,,,,,
Medieval.Village.MegaKit.Standard/Medieval Village MegaKit[Standard]/OBJ/DoorFrame_Round_Brick.mtl,Medieval.Village.MegaKit.Standard,Architecture,DOUBLON_CONTENU,492,d99605c254a61438,,,,,
Medieval.Village.MegaKit.Standard/Medieval Village MegaKit[Standard]/OBJ/DoorFrame_Round_Brick.obj,Medieval.Village.MegaKit.Standard,Architecture,DOUBLON_FORMAT,116756,fe57d6e352b81c7f,,,,,
Medieval.Village.MegaKit.Standard/Medieval Village MegaKit[Standard]/OBJ/DoorFrame_Round_WoodDark.mtl,Medieval.Village.MegaKit.Standard,Architecture,DOUBLON_CONTENU,598,1caff2a3f932e7de,,,,,
Medieval.Village.MegaKit.Standard/Medieval Village MegaKit[Standard]/OBJ/DoorFrame_Round_WoodDark.obj,Medieval.Village.MegaKit.Standard,Architecture,DOUBLON_FORMAT,18347,df03af23ec22e989,,,,,
Medieval.Village.MegaKit.Standard/Medieval Village MegaKit[Standard]/OBJ/Door_1_Flat.mtl,Medieval.Village.MegaKit.Standard,Architecture,SOURCE_TECHNIQUE,786,74b13678a8ebf384,,,,,
Medieval.Village.MegaKit.Standard/Medieval Village MegaKit[Standard]/OBJ/Door_1_Flat.obj,Medieval.Village.MegaKit.Standard,Architecture,DOUBLON_FORMAT,20717,3b4648fcf95e078f,,,,,
Medieval.Village.MegaKit.Standard/Medieval Village MegaKit[Standard]/OBJ/Door_1_Round.mtl,Medieval.Village.MegaKit.Standard,Architecture,DOUBLON_CONTENU,786,74b13678a8ebf384,,,,,
Medieval.Village.MegaKit.Standard/Medieval Village MegaKit[Standard]/OBJ/Door_1_Round.obj,Medieval.Village.MegaKit.Standard,Architecture,DOUBLON_FORMAT,31131,905521b68ea3bbbc,,,,,
Medieval.Village.MegaKit.Standard/Medieval Village MegaKit[Standard]/OBJ/Door_2_Flat.mtl,Medieval.Village.MegaKit.Standard,Architecture,SOURCE_TECHNIQUE,1002,c7fed79137acfc0c,,,,,
Medieval.Village.MegaKit.Standard/Medieval Village MegaKit[Standard]/OBJ/Door_2_Flat.obj,Medieval.Village.MegaKit.Standard,Architecture,DOUBLON_FORMAT,264775,582d86e8d44cbdd3,,,,,
Medieval.Village.MegaKit.Standard/Medieval Village MegaKit[Standard]/OBJ/Door_2_Round.mtl,Medieval.Village.MegaKit.Standard,Architecture,DOUBLON_CONTENU,1002,c7fed79137acfc0c,,,,,
Medieval.Village.MegaKit.Standard/Medieval Village MegaKit[Standard]/OBJ/Door_2_Round.obj,Medieval.Village.MegaKit.Standard,Architecture,DOUBLON_FORMAT,275787,77564582a59c755c,,,,,
Medieval.Village.MegaKit.Standard/Medieval Village MegaKit[Standard]/OBJ/Door_4_Flat.mtl,Medieval.Village.MegaKit.Standard,Architecture,DOUBLON_CONTENU,1002,c7fed79137acfc0c,,,,,
Medieval.Village.MegaKit.Standard/Medieval Village MegaKit[Standard]/OBJ/Door_4_Flat.obj,Medieval.Village.MegaKit.Standard,Architecture,DOUBLON_FORMAT,70888,b26a8fa81b04e0f7,,,,,
Medieval.Village.MegaKit.Standard/Medieval Village MegaKit[Standard]/OBJ/Door_4_Round.mtl,Medieval.Village.MegaKit.Standard,Architecture,DOUBLON_CONTENU,1002,c7fed79137acfc0c,,,,,
Medieval.Village.MegaKit.Standard/Medieval Village MegaKit[Standard]/OBJ/Door_4_Round.obj,Medieval.Village.MegaKit.Standard,Architecture,DOUBLON_FORMAT,81546,05d84f1c1ff33f2c,,,,,
Medieval.Village.MegaKit.Standard/Medieval Village MegaKit[Standard]/OBJ/Door_8_Flat.mtl,Medieval.Village.MegaKit.Standard,Architecture,DOUBLON_CONTENU,1002,c7fed79137acfc0c,,,,,
Medieval.Village.MegaKit.Standard/Medieval Village MegaKit[Standard]/OBJ/Door_8_Flat.obj,Medieval.Village.MegaKit.Standard,Architecture,DOUBLON_FORMAT,58918,cdf74abeb8f856d5,,,,,
Medieval.Village.MegaKit.Standard/Medieval Village MegaKit[Standard]/OBJ/Door_8_Round.mtl,Medieval.Village.MegaKit.Standard,Architecture,DOUBLON_CONTENU,1002,c7fed79137acfc0c,,,,,
Medieval.Village.MegaKit.Standard/Medieval Village MegaKit[Standard]/OBJ/Door_8_Round.obj,Medieval.Village.MegaKit.Standard,Architecture,DOUBLON_FORMAT,70584,eb4ef9cf894383de,,,,,
Medieval.Village.MegaKit.Standard/Medieval Village MegaKit[Standard]/OBJ/Floor_Brick.mtl,Medieval.Village.MegaKit.Standard,Architecture,SOURCE_TECHNIQUE,586,c7458fe450f3845b,,,,,
Medieval.Village.MegaKit.Standard/Medieval Village MegaKit[Standard]/OBJ/Floor_Brick.obj,Medieval.Village.MegaKit.Standard,Architecture,DOUBLON_FORMAT,524,ed09822475829b7f,,,,,
Medieval.Village.MegaKit.Standard/Medieval Village MegaKit[Standard]/OBJ/Floor_RedBrick.mtl,Medieval.Village.MegaKit.Standard,Architecture,SOURCE_TECHNIQUE,592,b97194b3bac902d7,,,,,
Medieval.Village.MegaKit.Standard/Medieval Village MegaKit[Standard]/OBJ/Floor_RedBrick.obj,Medieval.Village.MegaKit.Standard,Architecture,DOUBLON_FORMAT,533,289ddfba398637d6,,,,,
Medieval.Village.MegaKit.Standard/Medieval Village MegaKit[Standard]/OBJ/Floor_UnevenBrick.mtl,Medieval.Village.MegaKit.Standard,Architecture,SOURCE_TECHNIQUE,610,9c27ab893b0106e5,,,,,
Medieval.Village.MegaKit.Standard/Medieval Village MegaKit[Standard]/OBJ/Floor_UnevenBrick.obj,Medieval.Village.MegaKit.Standard,Architecture,DOUBLON_FORMAT,542,bdc0832758c7c278,,,,,
Medieval.Village.MegaKit.Standard/Medieval Village MegaKit[Standard]/OBJ/Floor_WoodDark.mtl,Medieval.Village.MegaKit.Standard,Architecture,DOUBLON_CONTENU,598,1caff2a3f932e7de,,,,,
Medieval.Village.MegaKit.Standard/Medieval Village MegaKit[Standard]/OBJ/Floor_WoodDark.obj,Medieval.Village.MegaKit.Standard,Architecture,DOUBLON_FORMAT,2268,cdb7a8d68d74351c,,,,,
Medieval.Village.MegaKit.Standard/Medieval Village MegaKit[Standard]/OBJ/Floor_WoodDark_Half1.mtl,Medieval.Village.MegaKit.Standard,Architecture,DOUBLON_CONTENU,598,1caff2a3f932e7de,,,,,
Medieval.Village.MegaKit.Standard/Medieval Village MegaKit[Standard]/OBJ/Floor_WoodDark_Half1.obj,Medieval.Village.MegaKit.Standard,Architecture,DOUBLON_FORMAT,2564,8d7436fad8032b02,,,,,
Medieval.Village.MegaKit.Standard/Medieval Village MegaKit[Standard]/OBJ/Floor_WoodDark_Half2.mtl,Medieval.Village.MegaKit.Standard,Architecture,DOUBLON_CONTENU,598,1caff2a3f932e7de,,,,,
Medieval.Village.MegaKit.Standard/Medieval Village MegaKit[Standard]/OBJ/Floor_WoodDark_Half2.obj,Medieval.Village.MegaKit.Standard,Architecture,DOUBLON_FORMAT,2547,8b44cbc494a8b8c2,,,,,
Medieval.Village.MegaKit.Standard/Medieval Village MegaKit[Standard]/OBJ/Floor_WoodDark_Half3.mtl,Medieval.Village.MegaKit.Standard,Architecture,DOUBLON_CONTENU,598,1caff2a3f932e7de,,,,,
Medieval.Village.MegaKit.Standard/Medieval Village MegaKit[Standard]/OBJ/Floor_WoodDark_Half3.obj,Medieval.Village.MegaKit.Standard,Architecture,DOUBLON_FORMAT,1362,df321bcf7de04260,,,,,
Medieval.Village.MegaKit.Standard/Medieval Village MegaKit[Standard]/OBJ/Floor_WoodDark_OverhangCorner.mtl,Medieval.Village.MegaKit.Standard,Architecture,DOUBLON_CONTENU,598,1caff2a3f932e7de,,,,,
Medieval.Village.MegaKit.Standard/Medieval Village MegaKit[Standard]/OBJ/Floor_WoodDark_OverhangCorner.obj,Medieval.Village.MegaKit.Standard,Architecture,DOUBLON_FORMAT,1732,0ab259a7264873e2,,,,,
Medieval.Village.MegaKit.Standard/Medieval Village MegaKit[Standard]/OBJ/Floor_WoodDark_OverhangCorner2.mtl,Medieval.Village.MegaKit.Standard,Architecture,DOUBLON_CONTENU,598,1caff2a3f932e7de,,,,,
Medieval.Village.MegaKit.Standard/Medieval Village MegaKit[Standard]/OBJ/Floor_WoodDark_OverhangCorner2.obj,Medieval.Village.MegaKit.Standard,Architecture,DOUBLON_FORMAT,2524,fc96f90d323afda5,,,,,
Medieval.Village.MegaKit.Standard/Medieval Village MegaKit[Standard]/OBJ/Floor_WoodLight.mtl,Medieval.Village.MegaKit.Standard,Architecture,DOUBLON_CONTENU,598,1caff2a3f932e7de,,,,,
Medieval.Village.MegaKit.Standard/Medieval Village MegaKit[Standard]/OBJ/Floor_WoodLight.obj,Medieval.Village.MegaKit.Standard,Architecture,DOUBLON_FORMAT,2270,d2e01a21789d34bd,,,,,
Medieval.Village.MegaKit.Standard/Medieval Village MegaKit[Standard]/OBJ/Floor_WoodLight_OverhangCorner.mtl,Medieval.Village.MegaKit.Standard,Architecture,DOUBLON_CONTENU,598,1caff2a3f932e7de,,,,,
Medieval.Village.MegaKit.Standard/Medieval Village MegaKit[Standard]/OBJ/Floor_WoodLight_OverhangCorner.obj,Medieval.Village.MegaKit.Standard,Architecture,DOUBLON_FORMAT,1734,10645c94453251b3,,,,,
Medieval.Village.MegaKit.Standard/Medieval Village MegaKit[Standard]/OBJ/Floor_WoodLight_OverhangCorner2.mtl,Medieval.Village.MegaKit.Standard,Architecture,DOUBLON_CONTENU,598,1caff2a3f932e7de,,,,,
Medieval.Village.MegaKit.Standard/Medieval Village MegaKit[Standard]/OBJ/Floor_WoodLight_OverhangCorner2.obj,Medieval.Village.MegaKit.Standard,Architecture,DOUBLON_FORMAT,2526,93943ae0d5e2c031,,,,,
Medieval.Village.MegaKit.Standard/Medieval Village MegaKit[Standard]/OBJ/HoleCover_90Angle.mtl,Medieval.Village.MegaKit.Standard,Architecture,DOUBLON_CONTENU,598,1caff2a3f932e7de,,,,,
Medieval.Village.MegaKit.Standard/Medieval Village MegaKit[Standard]/OBJ/HoleCover_90Angle.obj,Medieval.Village.MegaKit.Standard,Architecture,DOUBLON_FORMAT,1167,fdc537bf05b054a3,,,,,
Medieval.Village.MegaKit.Standard/Medieval Village MegaKit[Standard]/OBJ/HoleCover_90Half.mtl,Medieval.Village.MegaKit.Standard,Architecture,DOUBLON_CONTENU,598,1caff2a3f932e7de,,,,,
Medieval.Village.MegaKit.Standard/Medieval Village MegaKit[Standard]/OBJ/HoleCover_90Half.obj,Medieval.Village.MegaKit.Standard,Architecture,DOUBLON_FORMAT,1190,3cdf6aa599569220,,,,,
Medieval.Village.MegaKit.Standard/Medieval Village MegaKit[Standard]/OBJ/HoleCover_90Stairs.mtl,Medieval.Village.MegaKit.Standard,Architecture,DOUBLON_CONTENU,598,1caff2a3f932e7de,,,,,
Medieval.Village.MegaKit.Standard/Medieval Village MegaKit[Standard]/OBJ/HoleCover_90Stairs.obj,Medieval.Village.MegaKit.Standard,Architecture,DOUBLON_FORMAT,1304,033759d72dd329e0,,,,,
Medieval.Village.MegaKit.Standard/Medieval Village MegaKit[Standard]/OBJ/HoleCover_Straight.mtl,Medieval.Village.MegaKit.Standard,Architecture,DOUBLON_CONTENU,598,1caff2a3f932e7de,,,,,
Medieval.Village.MegaKit.Standard/Medieval Village MegaKit[Standard]/OBJ/HoleCover_Straight.obj,Medieval.Village.MegaKit.Standard,Architecture,DOUBLON_FORMAT,929,f5482392d66717be,,,,,
Medieval.Village.MegaKit.Standard/Medieval Village MegaKit[Standard]/OBJ/HoleCover_StraightHalf.mtl,Medieval.Village.MegaKit.Standard,Architecture,DOUBLON_CONTENU,598,1caff2a3f932e7de,,,,,
Medieval.Village.MegaKit.Standard/Medieval Village MegaKit[Standard]/OBJ/HoleCover_StraightHalf.obj,Medieval.Village.MegaKit.Standard,Architecture,DOUBLON_FORMAT,887,01bd44b4116c534e,,,,,
Medieval.Village.MegaKit.Standard/Medieval Village MegaKit[Standard]/OBJ/Overhang_Plaster_Corner.mtl,Medieval.Village.MegaKit.Standard,Architecture,SOURCE_TECHNIQUE,1002,84e63ae6c6b95823,,,,,
Medieval.Village.MegaKit.Standard/Medieval Village MegaKit[Standard]/OBJ/Overhang_Plaster_Corner.obj,Medieval.Village.MegaKit.Standard,Architecture,DOUBLON_FORMAT,26162,897f073c1fdec44d,,,,,
Medieval.Village.MegaKit.Standard/Medieval Village MegaKit[Standard]/OBJ/Overhang_Plaster_Corner_Front.mtl,Medieval.Village.MegaKit.Standard,Architecture,DOUBLON_CONTENU,1002,84e63ae6c6b95823,,,,,
Medieval.Village.MegaKit.Standard/Medieval Village MegaKit[Standard]/OBJ/Overhang_Plaster_Corner_Front.obj,Medieval.Village.MegaKit.Standard,Architecture,DOUBLON_FORMAT,8353,c240a24310811fa9,,,,,
Medieval.Village.MegaKit.Standard/Medieval Village MegaKit[Standard]/OBJ/Overhang_Plaster_Long.mtl,Medieval.Village.MegaKit.Standard,Architecture,DOUBLON_CONTENU,1002,84e63ae6c6b95823,,,,,
Medieval.Village.MegaKit.Standard/Medieval Village MegaKit[Standard]/OBJ/Overhang_Plaster_Long.obj,Medieval.Village.MegaKit.Standard,Architecture,DOUBLON_FORMAT,13854,bc6eeae5e29e1eeb,,,,,
Medieval.Village.MegaKit.Standard/Medieval Village MegaKit[Standard]/OBJ/Overhang_Plaster_Short.mtl,Medieval.Village.MegaKit.Standard,Architecture,DOUBLON_CONTENU,1002,84e63ae6c6b95823,,,,,
Medieval.Village.MegaKit.Standard/Medieval Village MegaKit[Standard]/OBJ/Overhang_Plaster_Short.obj,Medieval.Village.MegaKit.Standard,Architecture,DOUBLON_FORMAT,14740,3c59b2c1b62ad7c7,,,,,
Medieval.Village.MegaKit.Standard/Medieval Village MegaKit[Standard]/OBJ/Overhang_RoofIncline_Plaster.mtl,Medieval.Village.MegaKit.Standard,Architecture,DOUBLON_CONTENU,1002,84e63ae6c6b95823,,,,,
Medieval.Village.MegaKit.Standard/Medieval Village MegaKit[Standard]/OBJ/Overhang_RoofIncline_Plaster.obj,Medieval.Village.MegaKit.Standard,Architecture,DOUBLON_FORMAT,2409,99a81020c273c5f3,,,,,
Medieval.Village.MegaKit.Standard/Medieval Village MegaKit[Standard]/OBJ/Overhang_RoofIncline_UnevenBricks.mtl,Medieval.Village.MegaKit.Standard,Architecture,SOURCE_TECHNIQUE,1123,e26b9a66e0a8c70b,,,,,
Medieval.Village.MegaKit.Standard/Medieval Village MegaKit[Standard]/OBJ/Overhang_RoofIncline_UnevenBricks.obj,Medieval.Village.MegaKit.Standard,Architecture,DOUBLON_FORMAT,2423,36508cbd1130ec9b,,,,,
Medieval.Village.MegaKit.Standard/Medieval Village MegaKit[Standard]/OBJ/Overhang_Roof_Plaster.mtl,Medieval.Village.MegaKit.Standard,Architecture,DOUBLON_CONTENU,1002,84e63ae6c6b95823,,,,,
Medieval.Village.MegaKit.Standard/Medieval Village MegaKit[Standard]/OBJ/Overhang_Roof_Plaster.obj,Medieval.Village.MegaKit.Standard,Architecture,DOUBLON_FORMAT,2358,f90123e3786f98e6,,,,,
Medieval.Village.MegaKit.Standard/Medieval Village MegaKit[Standard]/OBJ/Overhang_Roof_UnevenBricks.mtl,Medieval.Village.MegaKit.Standard,Architecture,DOUBLON_CONTENU,1123,e26b9a66e0a8c70b,,,,,
Medieval.Village.MegaKit.Standard/Medieval Village MegaKit[Standard]/OBJ/Overhang_Roof_UnevenBricks.obj,Medieval.Village.MegaKit.Standard,Architecture,DOUBLON_FORMAT,2372,8df09864bccc0b66,,,,,
Medieval.Village.MegaKit.Standard/Medieval Village MegaKit[Standard]/OBJ/Overhang_Side_Plaster_Long_L.mtl,Medieval.Village.MegaKit.Standard,Architecture,DOUBLON_CONTENU,1002,84e63ae6c6b95823,,,,,
Medieval.Village.MegaKit.Standard/Medieval Village MegaKit[Standard]/OBJ/Overhang_Side_Plaster_Long_L.obj,Medieval.Village.MegaKit.Standard,Architecture,DOUBLON_FORMAT,20007,ec478dab1c6421a4,,,,,
Medieval.Village.MegaKit.Standard/Medieval Village MegaKit[Standard]/OBJ/Overhang_Side_Plaster_Long_R.mtl,Medieval.Village.MegaKit.Standard,Architecture,DOUBLON_CONTENU,1002,84e63ae6c6b95823,,,,,
Medieval.Village.MegaKit.Standard/Medieval Village MegaKit[Standard]/OBJ/Overhang_Side_Plaster_Long_R.obj,Medieval.Village.MegaKit.Standard,Architecture,DOUBLON_FORMAT,19758,3923c4647a590759,,,,,
Medieval.Village.MegaKit.Standard/Medieval Village MegaKit[Standard]/OBJ/Overhang_Side_Plaster_Short_L.mtl,Medieval.Village.MegaKit.Standard,Architecture,DOUBLON_CONTENU,1002,84e63ae6c6b95823,,,,,
Medieval.Village.MegaKit.Standard/Medieval Village MegaKit[Standard]/OBJ/Overhang_Side_Plaster_Short_L.obj,Medieval.Village.MegaKit.Standard,Architecture,DOUBLON_FORMAT,18234,0f8b870702977f7e,,,,,
Medieval.Village.MegaKit.Standard/Medieval Village MegaKit[Standard]/OBJ/Overhang_Side_Plaster_Short_R.mtl,Medieval.Village.MegaKit.Standard,Architecture,DOUBLON_CONTENU,1002,84e63ae6c6b95823,,,,,
Medieval.Village.MegaKit.Standard/Medieval Village MegaKit[Standard]/OBJ/Overhang_Side_Plaster_Short_R.obj,Medieval.Village.MegaKit.Standard,Architecture,DOUBLON_FORMAT,18009,7a9c10f15a5d407a,,,,,
Medieval.Village.MegaKit.Standard/Medieval Village MegaKit[Standard]/OBJ/Overhang_Side_UnevenBrick_Long_L.mtl,Medieval.Village.MegaKit.Standard,Architecture,SOURCE_TECHNIQUE,1527,2632a4b078b360a8,,,,,
Medieval.Village.MegaKit.Standard/Medieval Village MegaKit[Standard]/OBJ/Overhang_Side_UnevenBrick_Long_L.obj,Medieval.Village.MegaKit.Standard,Architecture,DOUBLON_FORMAT,18312,044c0a98cb1c5f3e,,,,,
Medieval.Village.MegaKit.Standard/Medieval Village MegaKit[Standard]/OBJ/Overhang_Side_UnevenBrick_Long_R.mtl,Medieval.Village.MegaKit.Standard,Architecture,DOUBLON_CONTENU,1527,2632a4b078b360a8,,,,,
Medieval.Village.MegaKit.Standard/Medieval Village MegaKit[Standard]/OBJ/Overhang_Side_UnevenBrick_Long_R.obj,Medieval.Village.MegaKit.Standard,Architecture,DOUBLON_FORMAT,18087,f72df90a46560ad5,,,,,
Medieval.Village.MegaKit.Standard/Medieval Village MegaKit[Standard]/OBJ/Overhang_Side_UnevenBrick_Short_L.mtl,Medieval.Village.MegaKit.Standard,Architecture,DOUBLON_CONTENU,1527,2632a4b078b360a8,,,,,
Medieval.Village.MegaKit.Standard/Medieval Village MegaKit[Standard]/OBJ/Overhang_Side_UnevenBrick_Short_L.obj,Medieval.Village.MegaKit.Standard,Architecture,DOUBLON_FORMAT,17875,8a3d8d56961f5ab0,,,,,
Medieval.Village.MegaKit.Standard/Medieval Village MegaKit[Standard]/OBJ/Overhang_Side_UnevenBrick_Short_R.mtl,Medieval.Village.MegaKit.Standard,Architecture,DOUBLON_CONTENU,1527,2632a4b078b360a8,,,,,
Medieval.Village.MegaKit.Standard/Medieval Village MegaKit[Standard]/OBJ/Overhang_Side_UnevenBrick_Short_R.obj,Medieval.Village.MegaKit.Standard,Architecture,DOUBLON_FORMAT,17658,c7d3f07f9bc4a494,,,,,
Medieval.Village.MegaKit.Standard/Medieval Village MegaKit[Standard]/OBJ/Overhang_UnevenBrick_Corner.mtl,Medieval.Village.MegaKit.Standard,Architecture,DOUBLON_CONTENU,1527,2632a4b078b360a8,,,,,
Medieval.Village.MegaKit.Standard/Medieval Village MegaKit[Standard]/OBJ/Overhang_UnevenBrick_Corner.obj,Medieval.Village.MegaKit.Standard,Architecture,DOUBLON_FORMAT,25434,f2feb70b6546ee2e,,,,,
Medieval.Village.MegaKit.Standard/Medieval Village MegaKit[Standard]/OBJ/Overhang_UnevenBrick_Corner_Front.mtl,Medieval.Village.MegaKit.Standard,Architecture,DOUBLON_CONTENU,1527,2632a4b078b360a8,,,,,
Medieval.Village.MegaKit.Standard/Medieval Village MegaKit[Standard]/OBJ/Overhang_UnevenBrick_Corner_Front.obj,Medieval.Village.MegaKit.Standard,Architecture,DOUBLON_FORMAT,3520,74f10031a858f01e,,,,,
Medieval.Village.MegaKit.Standard/Medieval Village MegaKit[Standard]/OBJ/Overhang_UnevenBrick_Long.mtl,Medieval.Village.MegaKit.Standard,Architecture,DOUBLON_CONTENU,1527,2632a4b078b360a8,,,,,
Medieval.Village.MegaKit.Standard/Medieval Village MegaKit[Standard]/OBJ/Overhang_UnevenBrick_Long.obj,Medieval.Village.MegaKit.Standard,Architecture,DOUBLON_FORMAT,13456,177737970d03e3ef,,,,,
Medieval.Village.MegaKit.Standard/Medieval Village MegaKit[Standard]/OBJ/Overhang_UnevenBrick_Short.mtl,Medieval.Village.MegaKit.Standard,Architecture,DOUBLON_CONTENU,1527,2632a4b078b360a8,,,,,
Medieval.Village.MegaKit.Standard/Medieval Village MegaKit[Standard]/OBJ/Overhang_UnevenBrick_Short.obj,Medieval.Village.MegaKit.Standard,Architecture,DOUBLON_FORMAT,14363,12272bbba85c3bc6,,,,,
Medieval.Village.MegaKit.Standard/Medieval Village MegaKit[Standard]/OBJ/Prop_Brick1.mtl,Medieval.Village.MegaKit.Standard,Architecture,DOUBLON_CONTENU,492,d99605c254a61438,,,,,
Medieval.Village.MegaKit.Standard/Medieval Village MegaKit[Standard]/OBJ/Prop_Brick1.obj,Medieval.Village.MegaKit.Standard,Architecture,DOUBLON_FORMAT,7014,6336a18f1c954d14,,,,,
Medieval.Village.MegaKit.Standard/Medieval Village MegaKit[Standard]/OBJ/Prop_Brick2.mtl,Medieval.Village.MegaKit.Standard,Architecture,DOUBLON_CONTENU,492,d99605c254a61438,,,,,
Medieval.Village.MegaKit.Standard/Medieval Village MegaKit[Standard]/OBJ/Prop_Brick2.obj,Medieval.Village.MegaKit.Standard,Architecture,DOUBLON_FORMAT,6236,718187673c456ec8,,,,,
Medieval.Village.MegaKit.Standard/Medieval Village MegaKit[Standard]/OBJ/Prop_Brick3.mtl,Medieval.Village.MegaKit.Standard,Architecture,DOUBLON_CONTENU,492,d99605c254a61438,,,,,
Medieval.Village.MegaKit.Standard/Medieval Village MegaKit[Standard]/OBJ/Prop_Brick3.obj,Medieval.Village.MegaKit.Standard,Architecture,DOUBLON_FORMAT,8317,29c7e65ff771223d,,,,,
Medieval.Village.MegaKit.Standard/Medieval Village MegaKit[Standard]/OBJ/Prop_Brick4.mtl,Medieval.Village.MegaKit.Standard,Architecture,DOUBLON_CONTENU,492,d99605c254a61438,,,,,
Medieval.Village.MegaKit.Standard/Medieval Village MegaKit[Standard]/OBJ/Prop_Brick4.obj,Medieval.Village.MegaKit.Standard,Architecture,DOUBLON_FORMAT,8317,83f4e5de6b06a40c,,,,,
Medieval.Village.MegaKit.Standard/Medieval Village MegaKit[Standard]/OBJ/Prop_Chimney.mtl,Medieval.Village.MegaKit.Standard,Architecture,SOURCE_TECHNIQUE,993,036f29d96f5e0c1d,,,,,
Medieval.Village.MegaKit.Standard/Medieval Village MegaKit[Standard]/OBJ/Prop_Chimney.obj,Medieval.Village.MegaKit.Standard,Architecture,DOUBLON_FORMAT,40053,37f81fa34a61843a,,,,,
Medieval.Village.MegaKit.Standard/Medieval Village MegaKit[Standard]/OBJ/Prop_Chimney2.mtl,Medieval.Village.MegaKit.Standard,Architecture,DOUBLON_CONTENU,610,9c27ab893b0106e5,,,,,
Medieval.Village.MegaKit.Standard/Medieval Village MegaKit[Standard]/OBJ/Prop_Chimney2.obj,Medieval.Village.MegaKit.Standard,Architecture,DOUBLON_FORMAT,9027,545f6b19be3995d8,,,,,
Medieval.Village.MegaKit.Standard/Medieval Village MegaKit[Standard]/OBJ/Prop_Crate.mtl,Medieval.Village.MegaKit.Standard,Architecture,DOUBLON_CONTENU,598,1caff2a3f932e7de,,,,,
Medieval.Village.MegaKit.Standard/Medieval Village MegaKit[Standard]/OBJ/Prop_Crate.obj,Medieval.Village.MegaKit.Standard,Architecture,DOUBLON_FORMAT,12483,358116789c2f18d2,,,,,
Medieval.Village.MegaKit.Standard/Medieval Village MegaKit[Standard]/OBJ/Prop_ExteriorBorder_Corner.mtl,Medieval.Village.MegaKit.Standard,Architecture,DOUBLON_CONTENU,492,d99605c254a61438,,,,,
Medieval.Village.MegaKit.Standard/Medieval Village MegaKit[Standard]/OBJ/Prop_ExteriorBorder_Corner.obj,Medieval.Village.MegaKit.Standard,Architecture,DOUBLON_FORMAT,1605,a5c1f5346741d218,,,,,
Medieval.Village.MegaKit.Standard/Medieval Village MegaKit[Standard]/OBJ/Prop_ExteriorBorder_Straight1.mtl,Medieval.Village.MegaKit.Standard,Architecture,DOUBLON_CONTENU,492,d99605c254a61438,,,,,
Medieval.Village.MegaKit.Standard/Medieval Village MegaKit[Standard]/OBJ/Prop_ExteriorBorder_Straight1.obj,Medieval.Village.MegaKit.Standard,Architecture,DOUBLON_FORMAT,1352,ac3f86926ffcf8b0,,,,,
Medieval.Village.MegaKit.Standard/Medieval Village MegaKit[Standard]/OBJ/Prop_ExteriorBorder_Straight2.mtl,Medieval.Village.MegaKit.Standard,Architecture,DOUBLON_CONTENU,492,d99605c254a61438,,,,,
Medieval.Village.MegaKit.Standard/Medieval Village MegaKit[Standard]/OBJ/Prop_ExteriorBorder_Straight2.obj,Medieval.Village.MegaKit.Standard,Architecture,DOUBLON_FORMAT,1352,608f523134537c80,,,,,
Medieval.Village.MegaKit.Standard/Medieval Village MegaKit[Standard]/OBJ/Prop_MetalFence_Ornament.mtl,Medieval.Village.MegaKit.Standard,Architecture,SOURCE_TECHNIQUE,484,15b5a3392c06c044,,,,,
Medieval.Village.MegaKit.Standard/Medieval Village MegaKit[Standard]/OBJ/Prop_MetalFence_Ornament.obj,Medieval.Village.MegaKit.Standard,Architecture,DOUBLON_FORMAT,211679,cd16cf310a81682a,,,,,
Medieval.Village.MegaKit.Standard/Medieval Village MegaKit[Standard]/OBJ/Prop_MetalFence_Simple.mtl,Medieval.Village.MegaKit.Standard,Architecture,DOUBLON_CONTENU,484,15b5a3392c06c044,,,,,
Medieval.Village.MegaKit.Standard/Medieval Village MegaKit[Standard]/OBJ/Prop_MetalFence_Simple.obj,Medieval.Village.MegaKit.Standard,Architecture,DOUBLON_FORMAT,116444,3cf66814914c2ab9,,,,,
Medieval.Village.MegaKit.Standard/Medieval Village MegaKit[Standard]/OBJ/Prop_Support.mtl,Medieval.Village.MegaKit.Standard,Architecture,DOUBLON_CONTENU,598,1caff2a3f932e7de,,,,,
Medieval.Village.MegaKit.Standard/Medieval Village MegaKit[Standard]/OBJ/Prop_Support.obj,Medieval.Village.MegaKit.Standard,Architecture,DOUBLON_FORMAT,1624,6e89b6c05a76f200,,,,,
Medieval.Village.MegaKit.Standard/Medieval Village MegaKit[Standard]/OBJ/Prop_Vine1.mtl,Medieval.Village.MegaKit.Standard,Architecture,SOURCE_TECHNIQUE,364,c23e77147615dfba,,,,,
Medieval.Village.MegaKit.Standard/Medieval Village MegaKit[Standard]/OBJ/Prop_Vine1.obj,Medieval.Village.MegaKit.Standard,Architecture,DOUBLON_FORMAT,9819,53981b536c0adfff,,,,,
Medieval.Village.MegaKit.Standard/Medieval Village MegaKit[Standard]/OBJ/Prop_Vine2.mtl,Medieval.Village.MegaKit.Standard,Architecture,DOUBLON_CONTENU,364,c23e77147615dfba,,,,,
Medieval.Village.MegaKit.Standard/Medieval Village MegaKit[Standard]/OBJ/Prop_Vine2.obj,Medieval.Village.MegaKit.Standard,Architecture,DOUBLON_FORMAT,5573,ebcc2a51a754ce9d,,,,,
Medieval.Village.MegaKit.Standard/Medieval Village MegaKit[Standard]/OBJ/Prop_Vine4.mtl,Medieval.Village.MegaKit.Standard,Architecture,DOUBLON_CONTENU,364,c23e77147615dfba,,,,,
Medieval.Village.MegaKit.Standard/Medieval Village MegaKit[Standard]/OBJ/Prop_Vine4.obj,Medieval.Village.MegaKit.Standard,Architecture,DOUBLON_FORMAT,3945,8c46558adbf71c63,,,,,
Medieval.Village.MegaKit.Standard/Medieval Village MegaKit[Standard]/OBJ/Prop_Vine5.mtl,Medieval.Village.MegaKit.Standard,Architecture,DOUBLON_CONTENU,364,c23e77147615dfba,,,,,
Medieval.Village.MegaKit.Standard/Medieval Village MegaKit[Standard]/OBJ/Prop_Vine5.obj,Medieval.Village.MegaKit.Standard,Architecture,DOUBLON_FORMAT,13507,332a429176f6972e,,,,,
Medieval.Village.MegaKit.Standard/Medieval Village MegaKit[Standard]/OBJ/Prop_Vine6.mtl,Medieval.Village.MegaKit.Standard,Architecture,DOUBLON_CONTENU,364,c23e77147615dfba,,,,,
Medieval.Village.MegaKit.Standard/Medieval Village MegaKit[Standard]/OBJ/Prop_Vine6.obj,Medieval.Village.MegaKit.Standard,Architecture,DOUBLON_FORMAT,12312,cd7a48c261d9f777,,,,,
Medieval.Village.MegaKit.Standard/Medieval Village MegaKit[Standard]/OBJ/Prop_Vine9.mtl,Medieval.Village.MegaKit.Standard,Architecture,DOUBLON_CONTENU,364,c23e77147615dfba,,,,,
Medieval.Village.MegaKit.Standard/Medieval Village MegaKit[Standard]/OBJ/Prop_Vine9.obj,Medieval.Village.MegaKit.Standard,Architecture,DOUBLON_FORMAT,4636,c5a8e2236c2621c9,,,,,
Medieval.Village.MegaKit.Standard/Medieval Village MegaKit[Standard]/OBJ/Prop_Wagon.mtl,Medieval.Village.MegaKit.Standard,Architecture,SOURCE_TECHNIQUE,603,ea59c29633f4f175,,,,,
Medieval.Village.MegaKit.Standard/Medieval Village MegaKit[Standard]/OBJ/Prop_Wagon.obj,Medieval.Village.MegaKit.Standard,Architecture,DOUBLON_FORMAT,92930,54e0f6639df883e1,,,,,
Medieval.Village.MegaKit.Standard/Medieval Village MegaKit[Standard]/OBJ/Prop_WoodenFence_Extension1.mtl,Medieval.Village.MegaKit.Standard,Architecture,DOUBLON_CONTENU,598,1caff2a3f932e7de,,,,,
Medieval.Village.MegaKit.Standard/Medieval Village MegaKit[Standard]/OBJ/Prop_WoodenFence_Extension1.obj,Medieval.Village.MegaKit.Standard,Architecture,DOUBLON_FORMAT,2443,45871f72e5bb8593,,,,,
Medieval.Village.MegaKit.Standard/Medieval Village MegaKit[Standard]/OBJ/Prop_WoodenFence_Extension2.mtl,Medieval.Village.MegaKit.Standard,Architecture,DOUBLON_CONTENU,598,1caff2a3f932e7de,,,,,
Medieval.Village.MegaKit.Standard/Medieval Village MegaKit[Standard]/OBJ/Prop_WoodenFence_Extension2.obj,Medieval.Village.MegaKit.Standard,Architecture,DOUBLON_FORMAT,2232,9588e907498806b4,,,,,
Medieval.Village.MegaKit.Standard/Medieval Village MegaKit[Standard]/OBJ/Prop_WoodenFence_Single.mtl,Medieval.Village.MegaKit.Standard,Architecture,DOUBLON_CONTENU,598,1caff2a3f932e7de,,,,,
Medieval.Village.MegaKit.Standard/Medieval Village MegaKit[Standard]/OBJ/Prop_WoodenFence_Single.obj,Medieval.Village.MegaKit.Standard,Architecture,DOUBLON_FORMAT,2817,3107b933b169ffa7,,,,,
Medieval.Village.MegaKit.Standard/Medieval Village MegaKit[Standard]/OBJ/Roof_2x4_RoundTile.mtl,Medieval.Village.MegaKit.Standard,Architecture,SOURCE_TECHNIQUE,1119,22829fc04111958f,,,,,
Medieval.Village.MegaKit.Standard/Medieval Village MegaKit[Standard]/OBJ/Roof_2x4_RoundTile.obj,Medieval.Village.MegaKit.Standard,Architecture,DOUBLON_FORMAT,60349,6b95e1522aeca4ee,,,,,
Medieval.Village.MegaKit.Standard/Medieval Village MegaKit[Standard]/OBJ/Roof_Dormer_RoundTile.mtl,Medieval.Village.MegaKit.Standard,Architecture,SOURCE_TECHNIQUE,1711,f0322a02bbb6af23,,,,,
Medieval.Village.MegaKit.Standard/Medieval Village MegaKit[Standard]/OBJ/Roof_Dormer_RoundTile.obj,Medieval.Village.MegaKit.Standard,Architecture,DOUBLON_FORMAT,60510,e78fe9bcee9eb4a5,,,,,
Medieval.Village.MegaKit.Standard/Medieval Village MegaKit[Standard]/OBJ/Roof_FrontSupports.mtl,Medieval.Village.MegaKit.Standard,Architecture,DOUBLON_CONTENU,598,1caff2a3f932e7de,,,,,
Medieval.Village.MegaKit.Standard/Medieval Village MegaKit[Standard]/OBJ/Roof_FrontSupports.obj,Medieval.Village.MegaKit.Standard,Architecture,DOUBLON_FORMAT,3867,3216081e768a1b9f,,,,,
Medieval.Village.MegaKit.Standard/Medieval Village MegaKit[Standard]/OBJ/Roof_Front_Brick2.mtl,Medieval.Village.MegaKit.Standard,Architecture,DOUBLON_CONTENU,1002,84e63ae6c6b95823,,,,,
Medieval.Village.MegaKit.Standard/Medieval Village MegaKit[Standard]/OBJ/Roof_Front_Brick2.obj,Medieval.Village.MegaKit.Standard,Architecture,DOUBLON_FORMAT,5366,147a29991573eff2,,,,,
Medieval.Village.MegaKit.Standard/Medieval Village MegaKit[Standard]/OBJ/Roof_Front_Brick4.mtl,Medieval.Village.MegaKit.Standard,Architecture,DOUBLON_CONTENU,1002,84e63ae6c6b95823,,,,,
Medieval.Village.MegaKit.Standard/Medieval Village MegaKit[Standard]/OBJ/Roof_Front_Brick4.obj,Medieval.Village.MegaKit.Standard,Architecture,DOUBLON_FORMAT,15837,8f450df99c843519,,,,,
Medieval.Village.MegaKit.Standard/Medieval Village MegaKit[Standard]/OBJ/Roof_Front_Brick4_Half_L.mtl,Medieval.Village.MegaKit.Standard,Architecture,DOUBLON_CONTENU,1002,84e63ae6c6b95823,,,,,
Medieval.Village.MegaKit.Standard/Medieval Village MegaKit[Standard]/OBJ/Roof_Front_Brick4_Half_L.obj,Medieval.Village.MegaKit.Standard,Architecture,DOUBLON_FORMAT,10187,642232af4589b06d,,,,,
Medieval.Village.MegaKit.Standard/Medieval Village MegaKit[Standard]/OBJ/Roof_Front_Brick4_Half_R.mtl,Medieval.Village.MegaKit.Standard,Architecture,DOUBLON_CONTENU,1002,84e63ae6c6b95823,,,,,
Medieval.Village.MegaKit.Standard/Medieval Village MegaKit[Standard]/OBJ/Roof_Front_Brick4_Half_R.obj,Medieval.Village.MegaKit.Standard,Architecture,DOUBLON_FORMAT,10503,d68d4969381affcd,,,,,
Medieval.Village.MegaKit.Standard/Medieval Village MegaKit[Standard]/OBJ/Roof_Front_Brick6.mtl,Medieval.Village.MegaKit.Standard,Architecture,DOUBLON_CONTENU,1002,84e63ae6c6b95823,,,,,
Medieval.Village.MegaKit.Standard/Medieval Village MegaKit[Standard]/OBJ/Roof_Front_Brick6.obj,Medieval.Village.MegaKit.Standard,Architecture,DOUBLON_FORMAT,19931,b7b59bf32dc6e846,,,,,
Medieval.Village.MegaKit.Standard/Medieval Village MegaKit[Standard]/OBJ/Roof_Front_Brick6_Half_L.mtl,Medieval.Village.MegaKit.Standard,Architecture,DOUBLON_CONTENU,1002,84e63ae6c6b95823,,,,,
Medieval.Village.MegaKit.Standard/Medieval Village MegaKit[Standard]/OBJ/Roof_Front_Brick6_Half_L.obj,Medieval.Village.MegaKit.Standard,Architecture,DOUBLON_FORMAT,12664,485c7e6d664a2de6,,,,,
Medieval.Village.MegaKit.Standard/Medieval Village MegaKit[Standard]/OBJ/Roof_Front_Brick6_Half_R.mtl,Medieval.Village.MegaKit.Standard,Architecture,DOUBLON_CONTENU,1002,84e63ae6c6b95823,,,,,
Medieval.Village.MegaKit.Standard/Medieval Village MegaKit[Standard]/OBJ/Roof_Front_Brick6_Half_R.obj,Medieval.Village.MegaKit.Standard,Architecture,DOUBLON_FORMAT,12535,e412ec22a5119741,,,,,
Medieval.Village.MegaKit.Standard/Medieval Village MegaKit[Standard]/OBJ/Roof_Front_Brick8.mtl,Medieval.Village.MegaKit.Standard,Architecture,DOUBLON_CONTENU,1002,84e63ae6c6b95823,,,,,
Medieval.Village.MegaKit.Standard/Medieval Village MegaKit[Standard]/OBJ/Roof_Front_Brick8.obj,Medieval.Village.MegaKit.Standard,Architecture,DOUBLON_FORMAT,21231,af4e2ae2fd66e1ed,,,,,
Medieval.Village.MegaKit.Standard/Medieval Village MegaKit[Standard]/OBJ/Roof_Front_Brick8_Half_L.mtl,Medieval.Village.MegaKit.Standard,Architecture,DOUBLON_CONTENU,1002,84e63ae6c6b95823,,,,,
Medieval.Village.MegaKit.Standard/Medieval Village MegaKit[Standard]/OBJ/Roof_Front_Brick8_Half_L.obj,Medieval.Village.MegaKit.Standard,Architecture,DOUBLON_FORMAT,13426,b35e18ae1c552cc8,,,,,
Medieval.Village.MegaKit.Standard/Medieval Village MegaKit[Standard]/OBJ/Roof_Front_Brick8_Half_R.mtl,Medieval.Village.MegaKit.Standard,Architecture,DOUBLON_CONTENU,1002,84e63ae6c6b95823,,,,,
Medieval.Village.MegaKit.Standard/Medieval Village MegaKit[Standard]/OBJ/Roof_Front_Brick8_Half_R.obj,Medieval.Village.MegaKit.Standard,Architecture,DOUBLON_FORMAT,13280,b68a80d95ca690ac,,,,,
Medieval.Village.MegaKit.Standard/Medieval Village MegaKit[Standard]/OBJ/Roof_Log.mtl,Medieval.Village.MegaKit.Standard,Architecture,DOUBLON_CONTENU,598,1caff2a3f932e7de,,,,,
Medieval.Village.MegaKit.Standard/Medieval Village MegaKit[Standard]/OBJ/Roof_Log.obj,Medieval.Village.MegaKit.Standard,Architecture,DOUBLON_FORMAT,10704,cf371746d4b59de6,,,,,
Medieval.Village.MegaKit.Standard/Medieval Village MegaKit[Standard]/OBJ/Roof_Modular_RoundTiles.mtl,Medieval.Village.MegaKit.Standard,Architecture,SOURCE_TECHNIQUE,606,82fa924a0d756012,,,,,
Medieval.Village.MegaKit.Standard/Medieval Village MegaKit[Standard]/OBJ/Roof_Modular_RoundTiles.obj,Medieval.Village.MegaKit.Standard,Architecture,DOUBLON_FORMAT,6938,68da0c763430c937,,,,,
Medieval.Village.MegaKit.Standard/Medieval Village MegaKit[Standard]/OBJ/Roof_RoundTile_2x1.mtl,Medieval.Village.MegaKit.Standard,Architecture,DOUBLON_CONTENU,1119,22829fc04111958f,,,,,
Medieval.Village.MegaKit.Standard/Medieval Village MegaKit[Standard]/OBJ/Roof_RoundTile_2x1.obj,Medieval.Village.MegaKit.Standard,Architecture,DOUBLON_FORMAT,37870,66dc94f3f37f1079,,,,,
Medieval.Village.MegaKit.Standard/Medieval Village MegaKit[Standard]/OBJ/Roof_RoundTile_2x1_Long.mtl,Medieval.Village.MegaKit.Standard,Architecture,DOUBLON_CONTENU,1119,22829fc04111958f,,,,,
Medieval.Village.MegaKit.Standard/Medieval Village MegaKit[Standard]/OBJ/Roof_RoundTile_2x1_Long.obj,Medieval.Village.MegaKit.Standard,Architecture,DOUBLON_FORMAT,39238,5405153aefbc143e,,,,,
Medieval.Village.MegaKit.Standard/Medieval Village MegaKit[Standard]/OBJ/Roof_RoundTiles_4x4.mtl,Medieval.Village.MegaKit.Standard,Architecture,DOUBLON_CONTENU,1119,22829fc04111958f,,,,,
Medieval.Village.MegaKit.Standard/Medieval Village MegaKit[Standard]/OBJ/Roof_RoundTiles_4x4.obj,Medieval.Village.MegaKit.Standard,Architecture,DOUBLON_FORMAT,103981,6a40b4cccb158e6f,,,,,
Medieval.Village.MegaKit.Standard/Medieval Village MegaKit[Standard]/OBJ/Roof_RoundTiles_4x6.mtl,Medieval.Village.MegaKit.Standard,Architecture,DOUBLON_CONTENU,1119,22829fc04111958f,,,,,
Medieval.Village.MegaKit.Standard/Medieval Village MegaKit[Standard]/OBJ/Roof_RoundTiles_4x6.obj,Medieval.Village.MegaKit.Standard,Architecture,DOUBLON_FORMAT,132201,50c45ac1d6a7a880,,,,,
Medieval.Village.MegaKit.Standard/Medieval Village MegaKit[Standard]/OBJ/Roof_RoundTiles_4x8.mtl,Medieval.Village.MegaKit.Standard,Architecture,DOUBLON_CONTENU,1119,22829fc04111958f,,,,,
Medieval.Village.MegaKit.Standard/Medieval Village MegaKit[Standard]/OBJ/Roof_RoundTiles_4x8.obj,Medieval.Village.MegaKit.Standard,Architecture,DOUBLON_FORMAT,161897,987a4eabdd3c16c1,,,,,
Medieval.Village.MegaKit.Standard/Medieval Village MegaKit[Standard]/OBJ/Roof_RoundTiles_6x10.mtl,Medieval.Village.MegaKit.Standard,Architecture,DOUBLON_CONTENU,1119,22829fc04111958f,,,,,
Medieval.Village.MegaKit.Standard/Medieval Village MegaKit[Standard]/OBJ/Roof_RoundTiles_6x10.obj,Medieval.Village.MegaKit.Standard,Architecture,DOUBLON_FORMAT,225663,e9dcc8f8ce517c60,,,,,
Medieval.Village.MegaKit.Standard/Medieval Village MegaKit[Standard]/OBJ/Roof_RoundTiles_6x12.mtl,Medieval.Village.MegaKit.Standard,Architecture,DOUBLON_CONTENU,1119,22829fc04111958f,,,,,
Medieval.Village.MegaKit.Standard/Medieval Village MegaKit[Standard]/OBJ/Roof_RoundTiles_6x12.obj,Medieval.Village.MegaKit.Standard,Architecture,DOUBLON_FORMAT,258589,ae97fc41ee618cd6,,,,,
Medieval.Village.MegaKit.Standard/Medieval Village MegaKit[Standard]/OBJ/Roof_RoundTiles_6x14.mtl,Medieval.Village.MegaKit.Standard,Architecture,DOUBLON_CONTENU,1119,22829fc04111958f,,,,,
Medieval.Village.MegaKit.Standard/Medieval Village MegaKit[Standard]/OBJ/Roof_RoundTiles_6x14.obj,Medieval.Village.MegaKit.Standard,Architecture,DOUBLON_FORMAT,282581,f82c6e06055721ff,,,,,
Medieval.Village.MegaKit.Standard/Medieval Village MegaKit[Standard]/OBJ/Roof_RoundTiles_6x4.mtl,Medieval.Village.MegaKit.Standard,Architecture,DOUBLON_CONTENU,1119,22829fc04111958f,,,,,
Medieval.Village.MegaKit.Standard/Medieval Village MegaKit[Standard]/OBJ/Roof_RoundTiles_6x4.obj,Medieval.Village.MegaKit.Standard,Architecture,DOUBLON_FORMAT,113142,5a77e5cb0f6cda3a,,,,,
Medieval.Village.MegaKit.Standard/Medieval Village MegaKit[Standard]/OBJ/Roof_RoundTiles_6x6.mtl,Medieval.Village.MegaKit.Standard,Architecture,DOUBLON_CONTENU,1119,22829fc04111958f,,,,,
Medieval.Village.MegaKit.Standard/Medieval Village MegaKit[Standard]/OBJ/Roof_RoundTiles_6x6.obj,Medieval.Village.MegaKit.Standard,Architecture,DOUBLON_FORMAT,169929,e5c3c5d5a3d274b9,,,,,
Medieval.Village.MegaKit.Standard/Medieval Village MegaKit[Standard]/OBJ/Roof_RoundTiles_6x8.mtl,Medieval.Village.MegaKit.Standard,Architecture,DOUBLON_CONTENU,1119,22829fc04111958f,,,,,
Medieval.Village.MegaKit.Standard/Medieval Village MegaKit[Standard]/OBJ/Roof_RoundTiles_6x8.obj,Medieval.Village.MegaKit.Standard,Architecture,DOUBLON_FORMAT,195700,f7f2a99e5ab3e6e0,,,,,
Medieval.Village.MegaKit.Standard/Medieval Village MegaKit[Standard]/OBJ/Roof_RoundTiles_8x10.mtl,Medieval.Village.MegaKit.Standard,Architecture,DOUBLON_CONTENU,1119,22829fc04111958f,,,,,
Medieval.Village.MegaKit.Standard/Medieval Village MegaKit[Standard]/OBJ/Roof_RoundTiles_8x10.obj,Medieval.Village.MegaKit.Standard,Architecture,DOUBLON_FORMAT,241491,bfcc5f419f0fc36b,,,,,
Medieval.Village.MegaKit.Standard/Medieval Village MegaKit[Standard]/OBJ/Roof_RoundTiles_8x12.mtl,Medieval.Village.MegaKit.Standard,Architecture,DOUBLON_CONTENU,1119,22829fc04111958f,,,,,
Medieval.Village.MegaKit.Standard/Medieval Village MegaKit[Standard]/OBJ/Roof_RoundTiles_8x12.obj,Medieval.Village.MegaKit.Standard,Architecture,DOUBLON_FORMAT,331056,3a532b7dcbba7a9c,,,,,
Medieval.Village.MegaKit.Standard/Medieval Village MegaKit[Standard]/OBJ/Roof_RoundTiles_8x14.mtl,Medieval.Village.MegaKit.Standard,Architecture,DOUBLON_CONTENU,1119,22829fc04111958f,,,,,
Medieval.Village.MegaKit.Standard/Medieval Village MegaKit[Standard]/OBJ/Roof_RoundTiles_8x14.obj,Medieval.Village.MegaKit.Standard,Architecture,DOUBLON_FORMAT,283760,0b7b5d6862affbe9,,,,,
Medieval.Village.MegaKit.Standard/Medieval Village MegaKit[Standard]/OBJ/Roof_RoundTiles_8x8.mtl,Medieval.Village.MegaKit.Standard,Architecture,DOUBLON_CONTENU,1119,22829fc04111958f,,,,,
Medieval.Village.MegaKit.Standard/Medieval Village MegaKit[Standard]/OBJ/Roof_RoundTiles_8x8.obj,Medieval.Village.MegaKit.Standard,Architecture,DOUBLON_FORMAT,205787,79bd8e2cf18ca16c,,,,,
Medieval.Village.MegaKit.Standard/Medieval Village MegaKit[Standard]/OBJ/Roof_Support2.mtl,Medieval.Village.MegaKit.Standard,Architecture,DOUBLON_CONTENU,598,1caff2a3f932e7de,,,,,
Medieval.Village.MegaKit.Standard/Medieval Village MegaKit[Standard]/OBJ/Roof_Support2.obj,Medieval.Village.MegaKit.Standard,Architecture,DOUBLON_FORMAT,5393,1b43ea58d07ecbcd,,,,,
Medieval.Village.MegaKit.Standard/Medieval Village MegaKit[Standard]/OBJ/Roof_Tower_RoundTiles.mtl,Medieval.Village.MegaKit.Standard,Architecture,SOURCE_TECHNIQUE,1925,fd98f30a7b497d25,,,,,
Medieval.Village.MegaKit.Standard/Medieval Village MegaKit[Standard]/OBJ/Roof_Tower_RoundTiles.obj,Medieval.Village.MegaKit.Standard,Architecture,DOUBLON_FORMAT,247159,fc597ad7c83a3672,,,,,
Medieval.Village.MegaKit.Standard/Medieval Village MegaKit[Standard]/OBJ/Roof_Wooden_2x1.mtl,Medieval.Village.MegaKit.Standard,Architecture,SOURCE_TECHNIQUE,1116,679a273fcdd1a2b0,,,,,
Medieval.Village.MegaKit.Standard/Medieval Village MegaKit[Standard]/OBJ/Roof_Wooden_2x1.obj,Medieval.Village.MegaKit.Standard,Architecture,DOUBLON_FORMAT,15775,cf6d73a83d3a15ef,,,,,
Medieval.Village.MegaKit.Standard/Medieval Village MegaKit[Standard]/OBJ/Roof_Wooden_2x1_Center.mtl,Medieval.Village.MegaKit.Standard,Architecture,DOUBLON_CONTENU,1116,679a273fcdd1a2b0,,,,,
Medieval.Village.MegaKit.Standard/Medieval Village MegaKit[Standard]/OBJ/Roof_Wooden_2x1_Center.obj,Medieval.Village.MegaKit.Standard,Architecture,DOUBLON_FORMAT,3625,39cd390c48c5cd65,,,,,
Medieval.Village.MegaKit.Standard/Medieval Village MegaKit[Standard]/OBJ/Roof_Wooden_2x1_Center_Mirror.mtl,Medieval.Village.MegaKit.Standard,Architecture,DOUBLON_CONTENU,1116,679a273fcdd1a2b0,,,,,
Medieval.Village.MegaKit.Standard/Medieval Village MegaKit[Standard]/OBJ/Roof_Wooden_2x1_Center_Mirror.obj,Medieval.Village.MegaKit.Standard,Architecture,DOUBLON_FORMAT,3656,4c2a50f7282952a8,,,,,
Medieval.Village.MegaKit.Standard/Medieval Village MegaKit[Standard]/OBJ/Roof_Wooden_2x1_Corner.mtl,Medieval.Village.MegaKit.Standard,Architecture,DOUBLON_CONTENU,1116,679a273fcdd1a2b0,,,,,
Medieval.Village.MegaKit.Standard/Medieval Village MegaKit[Standard]/OBJ/Roof_Wooden_2x1_Corner.obj,Medieval.Village.MegaKit.Standard,Architecture,DOUBLON_FORMAT,7425,765463c9c7f67f26,,,,,
Medieval.Village.MegaKit.Standard/Medieval Village MegaKit[Standard]/OBJ/Roof_Wooden_2x1_L.mtl,Medieval.Village.MegaKit.Standard,Architecture,DOUBLON_CONTENU,1116,679a273fcdd1a2b0,,,,,
Medieval.Village.MegaKit.Standard/Medieval Village MegaKit[Standard]/OBJ/Roof_Wooden_2x1_L.obj,Medieval.Village.MegaKit.Standard,Architecture,DOUBLON_FORMAT,11623,cd4acb1ccb46df9c,,,,,
Medieval.Village.MegaKit.Standard/Medieval Village MegaKit[Standard]/OBJ/Roof_Wooden_2x1_Middle.mtl,Medieval.Village.MegaKit.Standard,Architecture,DOUBLON_CONTENU,1116,679a273fcdd1a2b0,,,,,
Medieval.Village.MegaKit.Standard/Medieval Village MegaKit[Standard]/OBJ/Roof_Wooden_2x1_Middle.obj,Medieval.Village.MegaKit.Standard,Architecture,DOUBLON_FORMAT,1880,0dcfc8dbdb02164c,,,,,
Medieval.Village.MegaKit.Standard/Medieval Village MegaKit[Standard]/OBJ/Roof_Wooden_2x1_R.mtl,Medieval.Village.MegaKit.Standard,Architecture,DOUBLON_CONTENU,1116,679a273fcdd1a2b0,,,,,
Medieval.Village.MegaKit.Standard/Medieval Village MegaKit[Standard]/OBJ/Roof_Wooden_2x1_R.obj,Medieval.Village.MegaKit.Standard,Architecture,DOUBLON_FORMAT,11562,c54c3af1d6be996c,,,,,
Medieval.Village.MegaKit.Standard/Medieval Village MegaKit[Standard]/OBJ/Stair_Interior_Rails.mtl,Medieval.Village.MegaKit.Standard,Architecture,DOUBLON_CONTENU,598,1caff2a3f932e7de,,,,,
Medieval.Village.MegaKit.Standard/Medieval Village MegaKit[Standard]/OBJ/Stair_Interior_Rails.obj,Medieval.Village.MegaKit.Standard,Architecture,DOUBLON_FORMAT,125734,de41ecec647520ff,,,,,
Medieval.Village.MegaKit.Standard/Medieval Village MegaKit[Standard]/OBJ/Stair_Interior_Simple.mtl,Medieval.Village.MegaKit.Standard,Architecture,DOUBLON_CONTENU,598,1caff2a3f932e7de,,,,,
Medieval.Village.MegaKit.Standard/Medieval Village MegaKit[Standard]/OBJ/Stair_Interior_Simple.obj,Medieval.Village.MegaKit.Standard,Architecture,DOUBLON_FORMAT,10936,6472a1a16519a63b,,,,,
Medieval.Village.MegaKit.Standard/Medieval Village MegaKit[Standard]/OBJ/Stair_Interior_Solid.mtl,Medieval.Village.MegaKit.Standard,Architecture,DOUBLON_CONTENU,598,1caff2a3f932e7de,,,,,
Medieval.Village.MegaKit.Standard/Medieval Village MegaKit[Standard]/OBJ/Stair_Interior_Solid.obj,Medieval.Village.MegaKit.Standard,Architecture,DOUBLON_FORMAT,22957,ea1dc64a29de46f1,,,,,
Medieval.Village.MegaKit.Standard/Medieval Village MegaKit[Standard]/OBJ/Stair_Interior_SolidExtended.mtl,Medieval.Village.MegaKit.Standard,Architecture,DOUBLON_CONTENU,598,1caff2a3f932e7de,,,,,
Medieval.Village.MegaKit.Standard/Medieval Village MegaKit[Standard]/OBJ/Stair_Interior_SolidExtended.obj,Medieval.Village.MegaKit.Standard,Architecture,DOUBLON_FORMAT,26763,9c02153085ad2186,,,,,
Medieval.Village.MegaKit.Standard/Medieval Village MegaKit[Standard]/OBJ/Stairs_Exterior_NoFirstStep.mtl,Medieval.Village.MegaKit.Standard,Architecture,DOUBLON_CONTENU,993,036f29d96f5e0c1d,,,,,
Medieval.Village.MegaKit.Standard/Medieval Village MegaKit[Standard]/OBJ/Stairs_Exterior_NoFirstStep.obj,Medieval.Village.MegaKit.Standard,Architecture,DOUBLON_FORMAT,4505,e0eebe279327c2c5,,,,,
Medieval.Village.MegaKit.Standard/Medieval Village MegaKit[Standard]/OBJ/Stairs_Exterior_Platform.mtl,Medieval.Village.MegaKit.Standard,Architecture,DOUBLON_CONTENU,993,036f29d96f5e0c1d,,,,,
Medieval.Village.MegaKit.Standard/Medieval Village MegaKit[Standard]/OBJ/Stairs_Exterior_Platform.obj,Medieval.Village.MegaKit.Standard,Architecture,DOUBLON_FORMAT,2790,08574144ff7901cb,,,,,
Medieval.Village.MegaKit.Standard/Medieval Village MegaKit[Standard]/OBJ/Stairs_Exterior_Platform45.mtl,Medieval.Village.MegaKit.Standard,Architecture,DOUBLON_CONTENU,993,036f29d96f5e0c1d,,,,,
Medieval.Village.MegaKit.Standard/Medieval Village MegaKit[Standard]/OBJ/Stairs_Exterior_Platform45.obj,Medieval.Village.MegaKit.Standard,Architecture,DOUBLON_FORMAT,3850,c92c219748aa358e,,,,,
Medieval.Village.MegaKit.Standard/Medieval Village MegaKit[Standard]/OBJ/Stairs_Exterior_Platform45Clean.mtl,Medieval.Village.MegaKit.Standard,Architecture,DOUBLON_CONTENU,993,036f29d96f5e0c1d,,,,,
Medieval.Village.MegaKit.Standard/Medieval Village MegaKit[Standard]/OBJ/Stairs_Exterior_Platform45Clean.obj,Medieval.Village.MegaKit.Standard,Architecture,DOUBLON_FORMAT,3202,c3b34f87f6e58c49,,,,,
Medieval.Village.MegaKit.Standard/Medieval Village MegaKit[Standard]/OBJ/Stairs_Exterior_PlatformU.mtl,Medieval.Village.MegaKit.Standard,Architecture,DOUBLON_CONTENU,993,036f29d96f5e0c1d,,,,,
Medieval.Village.MegaKit.Standard/Medieval Village MegaKit[Standard]/OBJ/Stairs_Exterior_PlatformU.obj,Medieval.Village.MegaKit.Standard,Architecture,DOUBLON_FORMAT,4210,320a903a919567d0,,,,,
Medieval.Village.MegaKit.Standard/Medieval Village MegaKit[Standard]/OBJ/Stairs_Exterior_SidePlatform.mtl,Medieval.Village.MegaKit.Standard,Architecture,DOUBLON_CONTENU,993,036f29d96f5e0c1d,,,,,
Medieval.Village.MegaKit.Standard/Medieval Village MegaKit[Standard]/OBJ/Stairs_Exterior_SidePlatform.obj,Medieval.Village.MegaKit.Standard,Architecture,DOUBLON_FORMAT,2621,ab0411b77f79e22a,,,,,
Medieval.Village.MegaKit.Standard/Medieval Village MegaKit[Standard]/OBJ/Stairs_Exterior_Sides.mtl,Medieval.Village.MegaKit.Standard,Architecture,DOUBLON_CONTENU,586,c7458fe450f3845b,,,,,
Medieval.Village.MegaKit.Standard/Medieval Village MegaKit[Standard]/OBJ/Stairs_Exterior_Sides.obj,Medieval.Village.MegaKit.Standard,Architecture,DOUBLON_FORMAT,1318,2391e71f02a8eb11,,,,,
Medieval.Village.MegaKit.Standard/Medieval Village MegaKit[Standard]/OBJ/Stairs_Exterior_Sides45.mtl,Medieval.Village.MegaKit.Standard,Architecture,DOUBLON_CONTENU,586,c7458fe450f3845b,,,,,
Medieval.Village.MegaKit.Standard/Medieval Village MegaKit[Standard]/OBJ/Stairs_Exterior_Sides45.obj,Medieval.Village.MegaKit.Standard,Architecture,DOUBLON_FORMAT,1999,5bbda62a9b219b09,,,,,
Medieval.Village.MegaKit.Standard/Medieval Village MegaKit[Standard]/OBJ/Stairs_Exterior_SidesU.mtl,Medieval.Village.MegaKit.Standard,Architecture,DOUBLON_CONTENU,586,c7458fe450f3845b,,,,,
Medieval.Village.MegaKit.Standard/Medieval Village MegaKit[Standard]/OBJ/Stairs_Exterior_SidesU.obj,Medieval.Village.MegaKit.Standard,Architecture,DOUBLON_FORMAT,3117,157fc338dbec6a48,,,,,
Medieval.Village.MegaKit.Standard/Medieval Village MegaKit[Standard]/OBJ/Stairs_Exterior_SingleSide.mtl,Medieval.Village.MegaKit.Standard,Architecture,DOUBLON_CONTENU,586,c7458fe450f3845b,,,,,
Medieval.Village.MegaKit.Standard/Medieval Village MegaKit[Standard]/OBJ/Stairs_Exterior_SingleSide.obj,Medieval.Village.MegaKit.Standard,Architecture,DOUBLON_FORMAT,1114,9441cb5f671bf45a,,,,,
Medieval.Village.MegaKit.Standard/Medieval Village MegaKit[Standard]/OBJ/Stairs_Exterior_SingleSideThick.mtl,Medieval.Village.MegaKit.Standard,Architecture,DOUBLON_CONTENU,586,c7458fe450f3845b,,,,,
Medieval.Village.MegaKit.Standard/Medieval Village MegaKit[Standard]/OBJ/Stairs_Exterior_SingleSideThick.obj,Medieval.Village.MegaKit.Standard,Architecture,DOUBLON_FORMAT,1120,7b9105b8b7b6d256,,,,,
Medieval.Village.MegaKit.Standard/Medieval Village MegaKit[Standard]/OBJ/Stairs_Exterior_Straight.mtl,Medieval.Village.MegaKit.Standard,Architecture,DOUBLON_CONTENU,993,036f29d96f5e0c1d,,,,,
Medieval.Village.MegaKit.Standard/Medieval Village MegaKit[Standard]/OBJ/Stairs_Exterior_Straight.obj,Medieval.Village.MegaKit.Standard,Architecture,DOUBLON_FORMAT,5067,56431a7fe87db99d,,,,,
Medieval.Village.MegaKit.Standard/Medieval Village MegaKit[Standard]/OBJ/Stairs_Exterior_Straight_Center.mtl,Medieval.Village.MegaKit.Standard,Architecture,DOUBLON_CONTENU,993,036f29d96f5e0c1d,,,,,
Medieval.Village.MegaKit.Standard/Medieval Village MegaKit[Standard]/OBJ/Stairs_Exterior_Straight_Center.obj,Medieval.Village.MegaKit.Standard,Architecture,DOUBLON_FORMAT,4124,0c6005ab67b53316,,,,,
Medieval.Village.MegaKit.Standard/Medieval Village MegaKit[Standard]/OBJ/Stairs_Exterior_Straight_L.mtl,Medieval.Village.MegaKit.Standard,Architecture,DOUBLON_CONTENU,993,036f29d96f5e0c1d,,,,,
Medieval.Village.MegaKit.Standard/Medieval Village MegaKit[Standard]/OBJ/Stairs_Exterior_Straight_L.obj,Medieval.Village.MegaKit.Standard,Architecture,DOUBLON_FORMAT,4758,4141269209e8d15b,,,,,
Medieval.Village.MegaKit.Standard/Medieval Village MegaKit[Standard]/OBJ/Stairs_Exterior_Straight_R.mtl,Medieval.Village.MegaKit.Standard,Architecture,DOUBLON_CONTENU,993,036f29d96f5e0c1d,,,,,
Medieval.Village.MegaKit.Standard/Medieval Village MegaKit[Standard]/OBJ/Stairs_Exterior_Straight_R.obj,Medieval.Village.MegaKit.Standard,Architecture,DOUBLON_FORMAT,4752,0b6ae808225a6126,,,,,
Medieval.Village.MegaKit.Standard/Medieval Village MegaKit[Standard]/OBJ/Wall_Arch.mtl,Medieval.Village.MegaKit.Standard,Architecture,DOUBLON_CONTENU,598,1caff2a3f932e7de,,,,,
Medieval.Village.MegaKit.Standard/Medieval Village MegaKit[Standard]/OBJ/Wall_Arch.obj,Medieval.Village.MegaKit.Standard,Architecture,DOUBLON_FORMAT,10767,6a69bce3df0af6d4,,,,,
Medieval.Village.MegaKit.Standard/Medieval Village MegaKit[Standard]/OBJ/Wall_BottomCover.mtl,Medieval.Village.MegaKit.Standard,Architecture,DOUBLON_CONTENU,598,1caff2a3f932e7de,,,,,
Medieval.Village.MegaKit.Standard/Medieval Village MegaKit[Standard]/OBJ/Wall_BottomCover.obj,Medieval.Village.MegaKit.Standard,Architecture,DOUBLON_FORMAT,2604,8c099cd0972a7d56,,,,,
Medieval.Village.MegaKit.Standard/Medieval Village MegaKit[Standard]/OBJ/Wall_Plaster_Door_Flat.mtl,Medieval.Village.MegaKit.Standard,Architecture,SOURCE_TECHNIQUE,1409,65b6bf7300842017,,,,,
Medieval.Village.MegaKit.Standard/Medieval Village MegaKit[Standard]/OBJ/Wall_Plaster_Door_Flat.obj,Medieval.Village.MegaKit.Standard,Architecture,DOUBLON_FORMAT,6514,4d630ef8180073e8,,,,,
Medieval.Village.MegaKit.Standard/Medieval Village MegaKit[Standard]/OBJ/Wall_Plaster_Door_Round.mtl,Medieval.Village.MegaKit.Standard,Architecture,DOUBLON_CONTENU,1409,65b6bf7300842017,,,,,
Medieval.Village.MegaKit.Standard/Medieval Village MegaKit[Standard]/OBJ/Wall_Plaster_Door_Round.obj,Medieval.Village.MegaKit.Standard,Architecture,DOUBLON_FORMAT,9506,0391568e37af4803,,,,,
Medieval.Village.MegaKit.Standard/Medieval Village MegaKit[Standard]/OBJ/Wall_Plaster_Door_RoundInset.mtl,Medieval.Village.MegaKit.Standard,Architecture,DOUBLON_CONTENU,1409,65b6bf7300842017,,,,,
Medieval.Village.MegaKit.Standard/Medieval Village MegaKit[Standard]/OBJ/Wall_Plaster_Door_RoundInset.obj,Medieval.Village.MegaKit.Standard,Architecture,DOUBLON_FORMAT,13310,ce0290b713231911,,,,,
Medieval.Village.MegaKit.Standard/Medieval Village MegaKit[Standard]/OBJ/Wall_Plaster_Straight.mtl,Medieval.Village.MegaKit.Standard,Architecture,DOUBLON_CONTENU,1002,84e63ae6c6b95823,,,,,
Medieval.Village.MegaKit.Standard/Medieval Village MegaKit[Standard]/OBJ/Wall_Plaster_Straight.obj,Medieval.Village.MegaKit.Standard,Architecture,DOUBLON_FORMAT,6412,728d7f47b562c066,,,,,
Medieval.Village.MegaKit.Standard/Medieval Village MegaKit[Standard]/OBJ/Wall_Plaster_Straight_Base.mtl,Medieval.Village.MegaKit.Standard,Architecture,SOURCE_TECHNIQUE,1503,a96d1cb0b9b9e587,,,,,
Medieval.Village.MegaKit.Standard/Medieval Village MegaKit[Standard]/OBJ/Wall_Plaster_Straight_Base.obj,Medieval.Village.MegaKit.Standard,Architecture,DOUBLON_FORMAT,4417,74c064faa434280a,,,,,
Medieval.Village.MegaKit.Standard/Medieval Village MegaKit[Standard]/OBJ/Wall_Plaster_Straight_L.mtl,Medieval.Village.MegaKit.Standard,Architecture,DOUBLON_CONTENU,1503,a96d1cb0b9b9e587,,,,,
Medieval.Village.MegaKit.Standard/Medieval Village MegaKit[Standard]/OBJ/Wall_Plaster_Straight_L.obj,Medieval.Village.MegaKit.Standard,Architecture,DOUBLON_FORMAT,5187,30162673fe8f05cd,,,,,
Medieval.Village.MegaKit.Standard/Medieval Village MegaKit[Standard]/OBJ/Wall_Plaster_Straight_R.mtl,Medieval.Village.MegaKit.Standard,Architecture,DOUBLON_CONTENU,1503,a96d1cb0b9b9e587,,,,,
Medieval.Village.MegaKit.Standard/Medieval Village MegaKit[Standard]/OBJ/Wall_Plaster_Straight_R.obj,Medieval.Village.MegaKit.Standard,Architecture,DOUBLON_FORMAT,5187,88066568386a11ba,,,,,
Medieval.Village.MegaKit.Standard/Medieval Village MegaKit[Standard]/OBJ/Wall_Plaster_Window_Thin_Round.mtl,Medieval.Village.MegaKit.Standard,Architecture,DOUBLON_CONTENU,1503,a96d1cb0b9b9e587,,,,,
Medieval.Village.MegaKit.Standard/Medieval Village MegaKit[Standard]/OBJ/Wall_Plaster_Window_Thin_Round.obj,Medieval.Village.MegaKit.Standard,Architecture,DOUBLON_FORMAT,11066,c66217605849681a,,,,,
Medieval.Village.MegaKit.Standard/Medieval Village MegaKit[Standard]/OBJ/Wall_Plaster_Window_Wide_Flat.mtl,Medieval.Village.MegaKit.Standard,Architecture,DOUBLON_CONTENU,1503,a96d1cb0b9b9e587,,,,,
Medieval.Village.MegaKit.Standard/Medieval Village MegaKit[Standard]/OBJ/Wall_Plaster_Window_Wide_Flat.obj,Medieval.Village.MegaKit.Standard,Architecture,DOUBLON_FORMAT,6368,d6af5a06df296fb6,,,,,
Medieval.Village.MegaKit.Standard/Medieval Village MegaKit[Standard]/OBJ/Wall_Plaster_Window_Wide_Flat2.mtl,Medieval.Village.MegaKit.Standard,Architecture,DOUBLON_CONTENU,1002,84e63ae6c6b95823,,,,,
Medieval.Village.MegaKit.Standard/Medieval Village MegaKit[Standard]/OBJ/Wall_Plaster_Window_Wide_Flat2.obj,Medieval.Village.MegaKit.Standard,Architecture,DOUBLON_FORMAT,8660,f77f84aef299a237,,,,,
Medieval.Village.MegaKit.Standard/Medieval Village MegaKit[Standard]/OBJ/Wall_Plaster_Window_Wide_Round.mtl,Medieval.Village.MegaKit.Standard,Architecture,DOUBLON_CONTENU,1503,a96d1cb0b9b9e587,,,,,
Medieval.Village.MegaKit.Standard/Medieval Village MegaKit[Standard]/OBJ/Wall_Plaster_Window_Wide_Round.obj,Medieval.Village.MegaKit.Standard,Architecture,DOUBLON_FORMAT,8378,b97f978da0903665,,,,,
Medieval.Village.MegaKit.Standard/Medieval Village MegaKit[Standard]/OBJ/Wall_Plaster_WoodGrid.mtl,Medieval.Village.MegaKit.Standard,Architecture,DOUBLON_CONTENU,1002,84e63ae6c6b95823,,,,,
Medieval.Village.MegaKit.Standard/Medieval Village MegaKit[Standard]/OBJ/Wall_Plaster_WoodGrid.obj,Medieval.Village.MegaKit.Standard,Architecture,DOUBLON_FORMAT,14790,f829bd589eff083c,,,,,
Medieval.Village.MegaKit.Standard/Medieval Village MegaKit[Standard]/OBJ/Wall_UnevenBrick_Door_Flat.mtl,Medieval.Village.MegaKit.Standard,Architecture,DOUBLON_CONTENU,1527,2632a4b078b360a8,,,,,
Medieval.Village.MegaKit.Standard/Medieval Village MegaKit[Standard]/OBJ/Wall_UnevenBrick_Door_Flat.obj,Medieval.Village.MegaKit.Standard,Architecture,DOUBLON_FORMAT,5352,bf008517fa3534f7,,,,,
Medieval.Village.MegaKit.Standard/Medieval Village MegaKit[Standard]/OBJ/Wall_UnevenBrick_Door_Round.mtl,Medieval.Village.MegaKit.Standard,Architecture,DOUBLON_CONTENU,1527,2632a4b078b360a8,,,,,
Medieval.Village.MegaKit.Standard/Medieval Village MegaKit[Standard]/OBJ/Wall_UnevenBrick_Door_Round.obj,Medieval.Village.MegaKit.Standard,Architecture,DOUBLON_FORMAT,8861,8c20f452b80f5150,,,,,
Medieval.Village.MegaKit.Standard/Medieval Village MegaKit[Standard]/OBJ/Wall_UnevenBrick_Straight.mtl,Medieval.Village.MegaKit.Standard,Architecture,DOUBLON_CONTENU,1527,2632a4b078b360a8,,,,,
Medieval.Village.MegaKit.Standard/Medieval Village MegaKit[Standard]/OBJ/Wall_UnevenBrick_Straight.obj,Medieval.Village.MegaKit.Standard,Architecture,DOUBLON_FORMAT,4080,bd889d0c2ee182e7,,,,,
Medieval.Village.MegaKit.Standard/Medieval Village MegaKit[Standard]/OBJ/Wall_UnevenBrick_Window_Thin_Round.mtl,Medieval.Village.MegaKit.Standard,Architecture,DOUBLON_CONTENU,1527,2632a4b078b360a8,,,,,
Medieval.Village.MegaKit.Standard/Medieval Village MegaKit[Standard]/OBJ/Wall_UnevenBrick_Window_Thin_Round.obj,Medieval.Village.MegaKit.Standard,Architecture,DOUBLON_FORMAT,10566,ec90cc905d382471,,,,,
Medieval.Village.MegaKit.Standard/Medieval Village MegaKit[Standard]/OBJ/Wall_UnevenBrick_Window_Wide_Flat.mtl,Medieval.Village.MegaKit.Standard,Architecture,DOUBLON_CONTENU,1527,2632a4b078b360a8,,,,,
Medieval.Village.MegaKit.Standard/Medieval Village MegaKit[Standard]/OBJ/Wall_UnevenBrick_Window_Wide_Flat.obj,Medieval.Village.MegaKit.Standard,Architecture,DOUBLON_FORMAT,6002,17ec66dfa8de41e5,,,,,
Medieval.Village.MegaKit.Standard/Medieval Village MegaKit[Standard]/OBJ/Wall_UnevenBrick_Window_Wide_Round.mtl,Medieval.Village.MegaKit.Standard,Architecture,DOUBLON_CONTENU,1527,2632a4b078b360a8,,,,,
Medieval.Village.MegaKit.Standard/Medieval Village MegaKit[Standard]/OBJ/Wall_UnevenBrick_Window_Wide_Round.obj,Medieval.Village.MegaKit.Standard,Architecture,DOUBLON_FORMAT,7958,8c0a2d3501d641a3,,,,,
Medieval.Village.MegaKit.Standard/Medieval Village MegaKit[Standard]/OBJ/WindowShutters_Thin_Flat_Closed.mtl,Medieval.Village.MegaKit.Standard,Architecture,DOUBLON_CONTENU,603,ea59c29633f4f175,,,,,
Medieval.Village.MegaKit.Standard/Medieval Village MegaKit[Standard]/OBJ/WindowShutters_Thin_Flat_Closed.obj,Medieval.Village.MegaKit.Standard,Architecture,DOUBLON_FORMAT,6468,c532bf805cafd7e3,,,,,
Medieval.Village.MegaKit.Standard/Medieval Village MegaKit[Standard]/OBJ/WindowShutters_Thin_Flat_Open.mtl,Medieval.Village.MegaKit.Standard,Architecture,DOUBLON_CONTENU,603,ea59c29633f4f175,,,,,
Medieval.Village.MegaKit.Standard/Medieval Village MegaKit[Standard]/OBJ/WindowShutters_Thin_Flat_Open.obj,Medieval.Village.MegaKit.Standard,Architecture,DOUBLON_FORMAT,6583,a4992a7e8e3d4452,,,,,
Medieval.Village.MegaKit.Standard/Medieval Village MegaKit[Standard]/OBJ/WindowShutters_Thin_Round_Closed.mtl,Medieval.Village.MegaKit.Standard,Architecture,DOUBLON_CONTENU,603,ea59c29633f4f175,,,,,
Medieval.Village.MegaKit.Standard/Medieval Village MegaKit[Standard]/OBJ/WindowShutters_Thin_Round_Closed.obj,Medieval.Village.MegaKit.Standard,Architecture,DOUBLON_FORMAT,7567,7b169acb0a2674f5,,,,,
Medieval.Village.MegaKit.Standard/Medieval Village MegaKit[Standard]/OBJ/WindowShutters_Thin_Round_Open.mtl,Medieval.Village.MegaKit.Standard,Architecture,DOUBLON_CONTENU,603,ea59c29633f4f175,,,,,
Medieval.Village.MegaKit.Standard/Medieval Village MegaKit[Standard]/OBJ/WindowShutters_Thin_Round_Open.obj,Medieval.Village.MegaKit.Standard,Architecture,DOUBLON_FORMAT,7647,c6412df349bbb01a,,,,,
Medieval.Village.MegaKit.Standard/Medieval Village MegaKit[Standard]/OBJ/WindowShutters_Wide_Flat_Closed.mtl,Medieval.Village.MegaKit.Standard,Architecture,DOUBLON_CONTENU,603,ea59c29633f4f175,,,,,
Medieval.Village.MegaKit.Standard/Medieval Village MegaKit[Standard]/OBJ/WindowShutters_Wide_Flat_Closed.obj,Medieval.Village.MegaKit.Standard,Architecture,DOUBLON_FORMAT,6777,a70c6e8c857034b1,,,,,
Medieval.Village.MegaKit.Standard/Medieval Village MegaKit[Standard]/OBJ/WindowShutters_Wide_Flat_Open.mtl,Medieval.Village.MegaKit.Standard,Architecture,DOUBLON_CONTENU,603,ea59c29633f4f175,,,,,
Medieval.Village.MegaKit.Standard/Medieval Village MegaKit[Standard]/OBJ/WindowShutters_Wide_Flat_Open.obj,Medieval.Village.MegaKit.Standard,Architecture,DOUBLON_FORMAT,6900,0746ed78004af705,,,,,
Medieval.Village.MegaKit.Standard/Medieval Village MegaKit[Standard]/OBJ/WindowShutters_Wide_Round_Closed.mtl,Medieval.Village.MegaKit.Standard,Architecture,DOUBLON_CONTENU,603,ea59c29633f4f175,,,,,
Medieval.Village.MegaKit.Standard/Medieval Village MegaKit[Standard]/OBJ/WindowShutters_Wide_Round_Closed.obj,Medieval.Village.MegaKit.Standard,Architecture,DOUBLON_FORMAT,8052,d0035de4c4bd714f,,,,,
Medieval.Village.MegaKit.Standard/Medieval Village MegaKit[Standard]/OBJ/WindowShutters_Wide_Round_Open.mtl,Medieval.Village.MegaKit.Standard,Architecture,DOUBLON_CONTENU,603,ea59c29633f4f175,,,,,
Medieval.Village.MegaKit.Standard/Medieval Village MegaKit[Standard]/OBJ/WindowShutters_Wide_Round_Open.obj,Medieval.Village.MegaKit.Standard,Architecture,DOUBLON_FORMAT,8172,72e70185998b1a40,,,,,
Medieval.Village.MegaKit.Standard/Medieval Village MegaKit[Standard]/OBJ/Window_Roof_Thin.mtl,Medieval.Village.MegaKit.Standard,Architecture,DOUBLON_CONTENU,1116,679a273fcdd1a2b0,,,,,
Medieval.Village.MegaKit.Standard/Medieval Village MegaKit[Standard]/OBJ/Window_Roof_Thin.obj,Medieval.Village.MegaKit.Standard,Architecture,DOUBLON_FORMAT,3726,429905e2fc799e8a,,,,,
Medieval.Village.MegaKit.Standard/Medieval Village MegaKit[Standard]/OBJ/Window_Roof_Wide.mtl,Medieval.Village.MegaKit.Standard,Architecture,DOUBLON_CONTENU,1116,679a273fcdd1a2b0,,,,,
Medieval.Village.MegaKit.Standard/Medieval Village MegaKit[Standard]/OBJ/Window_Roof_Wide.obj,Medieval.Village.MegaKit.Standard,Architecture,DOUBLON_FORMAT,5012,53406efd81882b77,,,,,
Medieval.Village.MegaKit.Standard/Medieval Village MegaKit[Standard]/OBJ/Window_Thin_Flat1.mtl,Medieval.Village.MegaKit.Standard,Architecture,DOUBLON_CONTENU,786,74b13678a8ebf384,,,,,
Medieval.Village.MegaKit.Standard/Medieval Village MegaKit[Standard]/OBJ/Window_Thin_Flat1.obj,Medieval.Village.MegaKit.Standard,Architecture,DOUBLON_FORMAT,6541,78bee0d95a02874d,,,,,
Medieval.Village.MegaKit.Standard/Medieval Village MegaKit[Standard]/OBJ/Window_Thin_Round1.mtl,Medieval.Village.MegaKit.Standard,Architecture,SOURCE_TECHNIQUE,791,faf9fdb614a540e2,,,,,
Medieval.Village.MegaKit.Standard/Medieval Village MegaKit[Standard]/OBJ/Window_Thin_Round1.obj,Medieval.Village.MegaKit.Standard,Architecture,DOUBLON_FORMAT,26608,a3268a895c14d8c2,,,,,
Medieval.Village.MegaKit.Standard/Medieval Village MegaKit[Standard]/OBJ/Window_Wide_Flat1.mtl,Medieval.Village.MegaKit.Standard,Architecture,DOUBLON_CONTENU,786,74b13678a8ebf384,,,,,
Medieval.Village.MegaKit.Standard/Medieval Village MegaKit[Standard]/OBJ/Window_Wide_Flat1.obj,Medieval.Village.MegaKit.Standard,Architecture,DOUBLON_FORMAT,8694,be0b8443717cdc2b,,,,,
Medieval.Village.MegaKit.Standard/Medieval Village MegaKit[Standard]/OBJ/Window_Wide_Round1.mtl,Medieval.Village.MegaKit.Standard,Architecture,DOUBLON_CONTENU,791,faf9fdb614a540e2,,,,,
Medieval.Village.MegaKit.Standard/Medieval Village MegaKit[Standard]/OBJ/Window_Wide_Round1.obj,Medieval.Village.MegaKit.Standard,Architecture,DOUBLON_FORMAT,23627,86afe0183128890a,,,,,
Fantasy.Props.MegaKit.Standard/License_Standard.txt,Fantasy.Props.MegaKit.Standard,Props,SOURCE_TECHNIQUE,837,edad12240087a33e,,,,,
Fantasy.Props.MegaKit.Standard/Preview_1.jpg,Fantasy.Props.MegaKit.Standard,Props,GALERIE,502435,4086549966a54ca6,,,,,
Fantasy.Props.MegaKit.Standard/Preview_2.jpg,Fantasy.Props.MegaKit.Standard,Props,GALERIE,661996,ce2eb3ed6398de10,,,,,
Fantasy.Props.MegaKit.Standard/Preview_3.jpg,Fantasy.Props.MegaKit.Standard,Props,GALERIE,525641,ce7f189ba15e6f45,,,,,
Fantasy.Props.MegaKit.Standard/Textures/T_Page_Noise.png,Fantasy.Props.MegaKit.Standard,Props,GALERIE,7486734,4d4069a8d588dab3,,,,,
Fantasy.Props.MegaKit.Standard/Textures/T_Trim_Cloth_BaseColor.png,Fantasy.Props.MegaKit.Standard,Props,GALERIE,1936754,c4d0e14506e05cc5,,,,,
Fantasy.Props.MegaKit.Standard/Textures/T_Trim_Cloth_Normal.png,Fantasy.Props.MegaKit.Standard,Props,GALERIE,3920858,e91a490f94bc0070,,,,,
Fantasy.Props.MegaKit.Standard/Textures/T_Trim_Cloth_ORM.png,Fantasy.Props.MegaKit.Standard,Props,GALERIE,623426,9bdaa0d1be8c393b,,,,,
Fantasy.Props.MegaKit.Standard/Textures/T_Trim_Furniture_BaseColor.png,Fantasy.Props.MegaKit.Standard,Props,UTILISÉ_RUNTIME,2232961,075fbc9ec2fabc15,,,,,
Fantasy.Props.MegaKit.Standard/Textures/T_Trim_Furniture_Normal.png,Fantasy.Props.MegaKit.Standard,Props,UTILISÉ_RUNTIME,3485710,3340c4cc47ff06d5,,,,,
Fantasy.Props.MegaKit.Standard/Textures/T_Trim_Furniture_ORM.png,Fantasy.Props.MegaKit.Standard,Props,UTILISÉ_RUNTIME,2064585,7bf417e82baf3137,,,,,
Fantasy.Props.MegaKit.Standard/Textures/T_Trim_Metal_BaseColor.png,Fantasy.Props.MegaKit.Standard,Props,UTILISÉ_RUNTIME,1361221,50422bbda9661eff,,,,,
Fantasy.Props.MegaKit.Standard/Textures/T_Trim_Metal_Normal.png,Fantasy.Props.MegaKit.Standard,Props,UTILISÉ_RUNTIME,3625541,ab7315c864c9a9e6,,,,,
Fantasy.Props.MegaKit.Standard/Textures/T_Trim_Metal_ORM.png,Fantasy.Props.MegaKit.Standard,Props,UTILISÉ_RUNTIME,1871475,7407bccfc39ca74e,,,,,
Fantasy.Props.MegaKit.Standard/Textures/T_Trim_Props_BaseColor.png,Fantasy.Props.MegaKit.Standard,Props,GALERIE,2263132,75225a4ccfd8cc35,,,,,
Fantasy.Props.MegaKit.Standard/Textures/T_Trim_Props_Normal.png,Fantasy.Props.MegaKit.Standard,Props,GALERIE,4441458,c4b28a8ba8efe310,,,,,
Fantasy.Props.MegaKit.Standard/Textures/T_Trim_Props_ORM.png,Fantasy.Props.MegaKit.Standard,Props,GALERIE,3017151,2d83d8df79aca2c8,,,,,
Fantasy.Props.MegaKit.Standard/Textures/Normals-UnrealEngine/T_Trim_Cloth_Normal.png,Fantasy.Props.MegaKit.Standard,Props,GALERIE,3917916,190f4abbc70957a5,,,,,
Fantasy.Props.MegaKit.Standard/Textures/Normals-UnrealEngine/T_Trim_Furniture_Normal.png,Fantasy.Props.MegaKit.Standard,Props,UTILISÉ_RUNTIME,3478660,6e83ad61cebdafee,,,,,
Fantasy.Props.MegaKit.Standard/Textures/Normals-UnrealEngine/T_Trim_Metal_Normal.png,Fantasy.Props.MegaKit.Standard,Props,UTILISÉ_RUNTIME,3622271,b67264721d453d57,,,,,
Fantasy.Props.MegaKit.Standard/Textures/Normals-UnrealEngine/T_Trim_Props_Normal.png,Fantasy.Props.MegaKit.Standard,Props,GALERIE,4449962,a6b4862aa273d8c6,,,,,
Fantasy.Props.MegaKit.Standard/Exports/glTF/Anvil.bin,Fantasy.Props.MegaKit.Standard,Props,SOURCE_TECHNIQUE,24020,d52a9ab436577e8e,,,,,
Fantasy.Props.MegaKit.Standard/Exports/glTF/Anvil.gltf,Fantasy.Props.MegaKit.Standard,Props,À_ADAPTER,3189,29e0a6a19f9a579f,750,0,0,62,
Fantasy.Props.MegaKit.Standard/Exports/glTF/Anvil_Log.bin,Fantasy.Props.MegaKit.Standard,Props,SOURCE_TECHNIQUE,130880,7d3d078f1be72c9c,,,,,
Fantasy.Props.MegaKit.Standard/Exports/glTF/Anvil_Log.gltf,Fantasy.Props.MegaKit.Standard,Props,CANDIDAT_RUNTIME,5580,878f803a0d8d7a4d,3808,0,0,71,
Fantasy.Props.MegaKit.Standard/Exports/glTF/Axe_Bronze.bin,Fantasy.Props.MegaKit.Standard,Props,SOURCE_TECHNIQUE,31156,d608e8dea796ae8a,,,,,
Fantasy.Props.MegaKit.Standard/Exports/glTF/Axe_Bronze.gltf,Fantasy.Props.MegaKit.Standard,Props,CANDIDAT_RUNTIME,2591,338ce6e6947b8849,826,0,0,68,armes_decor
Fantasy.Props.MegaKit.Standard/Exports/glTF/Bag.bin,Fantasy.Props.MegaKit.Standard,Props,SOURCE_TECHNIQUE,27188,6bf8ad99d0048264,,,,,
Fantasy.Props.MegaKit.Standard/Exports/glTF/Bag.gltf,Fantasy.Props.MegaKit.Standard,Props,À_ADAPTER,4318,ccbf22a9162a2a21,858,0,0,48,
Fantasy.Props.MegaKit.Standard/Exports/glTF/Banner_1.bin,Fantasy.Props.MegaKit.Standard,Props,SOURCE_TECHNIQUE,20976,7d98308055e39b01,,,,,
Fantasy.Props.MegaKit.Standard/Exports/glTF/Banner_1.gltf,Fantasy.Props.MegaKit.Standard,Props,CANDIDAT_RUNTIME,6789,a00162c8ef35912d,448,0,0,76,citadelle
Fantasy.Props.MegaKit.Standard/Exports/glTF/Banner_1_Cloth.bin,Fantasy.Props.MegaKit.Standard,Props,SOURCE_TECHNIQUE,6636,30cc64edb6898f37,,,,,
Fantasy.Props.MegaKit.Standard/Exports/glTF/Banner_1_Cloth.gltf,Fantasy.Props.MegaKit.Standard,Props,CANDIDAT_RUNTIME,4670,ab59fad1699f4d04,138,0,0,76,citadelle
Fantasy.Props.MegaKit.Standard/Exports/glTF/Banner_2.bin,Fantasy.Props.MegaKit.Standard,Props,SOURCE_TECHNIQUE,19280,bb694e19ced6d0a7,,,,,
Fantasy.Props.MegaKit.Standard/Exports/glTF/Banner_2.gltf,Fantasy.Props.MegaKit.Standard,Props,CANDIDAT_RUNTIME,6788,c759b5da84c6b7b9,429,0,0,76,citadelle
Fantasy.Props.MegaKit.Standard/Exports/glTF/Banner_2_Cloth.bin,Fantasy.Props.MegaKit.Standard,Props,SOURCE_TECHNIQUE,4940,258fa990f1093533,,,,,
Fantasy.Props.MegaKit.Standard/Exports/glTF/Banner_2_Cloth.gltf,Fantasy.Props.MegaKit.Standard,Props,CANDIDAT_RUNTIME,4671,fd5e8d3ededb8404,119,0,0,73,citadelle
Fantasy.Props.MegaKit.Standard/Exports/glTF/Barrel.bin,Fantasy.Props.MegaKit.Standard,Props,SOURCE_TECHNIQUE,57144,d8f963e2975b6bbd,,,,,
Fantasy.Props.MegaKit.Standard/Exports/glTF/Barrel.gltf,Fantasy.Props.MegaKit.Standard,Props,UTILISÉ_RUNTIME,4311,cececb2da345addb,824,0,0,75,camp
Fantasy.Props.MegaKit.Standard/Exports/glTF/Barrel_Apples.bin,Fantasy.Props.MegaKit.Standard,Props,SOURCE_TECHNIQUE,104600,774c97d9b2b2faa0,,,,,
Fantasy.Props.MegaKit.Standard/Exports/glTF/Barrel_Apples.gltf,Fantasy.Props.MegaKit.Standard,Props,CANDIDAT_RUNTIME,6241,07520279b51bd1cc,2480,0,0,75,camp
Fantasy.Props.MegaKit.Standard/Exports/glTF/Barrel_Holder.bin,Fantasy.Props.MegaKit.Standard,Props,SOURCE_TECHNIQUE,161816,a4aa5eb66d426156,,,,,
Fantasy.Props.MegaKit.Standard/Exports/glTF/Barrel_Holder.gltf,Fantasy.Props.MegaKit.Standard,Props,CANDIDAT_RUNTIME,4347,aa318d71e8d5ebca,2676,0,0,75,camp
Fantasy.Props.MegaKit.Standard/Exports/glTF/Bed_Twin1.bin,Fantasy.Props.MegaKit.Standard,Props,SOURCE_TECHNIQUE,77360,72bdaa973e348dea,,,,,
Fantasy.Props.MegaKit.Standard/Exports/glTF/Bed_Twin1.gltf,Fantasy.Props.MegaKit.Standard,Props,À_ADAPTER,6217,fcb79a79d71d1b24,1600,0,0,51,
Fantasy.Props.MegaKit.Standard/Exports/glTF/Bed_Twin2.bin,Fantasy.Props.MegaKit.Standard,Props,SOURCE_TECHNIQUE,76624,57131a881f542545,,,,,
Fantasy.Props.MegaKit.Standard/Exports/glTF/Bed_Twin2.gltf,Fantasy.Props.MegaKit.Standard,Props,À_ADAPTER,6217,339511be568ed72a,1584,0,0,48,
Fantasy.Props.MegaKit.Standard/Exports/glTF/Bench.bin,Fantasy.Props.MegaKit.Standard,Props,SOURCE_TECHNIQUE,19304,08d6976112645dc1,,,,,
Fantasy.Props.MegaKit.Standard/Exports/glTF/Bench.gltf,Fantasy.Props.MegaKit.Standard,Props,CANDIDAT_RUNTIME,4298,0184d3b128a8a3bc,404,0,0,70,camp
Fantasy.Props.MegaKit.Standard/Exports/glTF/BookGroup_Medium_1.bin,Fantasy.Props.MegaKit.Standard,Props,SOURCE_TECHNIQUE,25536,cd8cefe75031456e,,,,,
Fantasy.Props.MegaKit.Standard/Exports/glTF/BookGroup_Medium_1.gltf,Fantasy.Props.MegaKit.Standard,Props,À_ADAPTER,2429,4c6977e7e3f33800,416,0,0,62,
Fantasy.Props.MegaKit.Standard/Exports/glTF/BookGroup_Medium_2.bin,Fantasy.Props.MegaKit.Standard,Props,SOURCE_TECHNIQUE,28728,ebb1753b10d01163,,,,,
Fantasy.Props.MegaKit.Standard/Exports/glTF/BookGroup_Medium_2.gltf,Fantasy.Props.MegaKit.Standard,Props,À_ADAPTER,2431,d59e653417907c5a,468,0,0,62,
Fantasy.Props.MegaKit.Standard/Exports/glTF/BookGroup_Medium_3.bin,Fantasy.Props.MegaKit.Standard,Props,SOURCE_TECHNIQUE,28728,0a1b75cf436490ed,,,,,
Fantasy.Props.MegaKit.Standard/Exports/glTF/BookGroup_Medium_3.gltf,Fantasy.Props.MegaKit.Standard,Props,À_ADAPTER,2432,9ed38c0df898d9e8,468,0,0,62,
Fantasy.Props.MegaKit.Standard/Exports/glTF/BookGroup_Small_1.bin,Fantasy.Props.MegaKit.Standard,Props,SOURCE_TECHNIQUE,6384,0c76ff8480fadbee,,,,,
Fantasy.Props.MegaKit.Standard/Exports/glTF/BookGroup_Small_1.gltf,Fantasy.Props.MegaKit.Standard,Props,À_ADAPTER,2423,81228320dc30d9cb,104,0,0,62,
Fantasy.Props.MegaKit.Standard/Exports/glTF/BookGroup_Small_2.bin,Fantasy.Props.MegaKit.Standard,Props,SOURCE_TECHNIQUE,6384,6bf51789b559ff21,,,,,
Fantasy.Props.MegaKit.Standard/Exports/glTF/BookGroup_Small_2.gltf,Fantasy.Props.MegaKit.Standard,Props,À_ADAPTER,2426,1dec2d5166936357,104,0,0,62,
Fantasy.Props.MegaKit.Standard/Exports/glTF/BookGroup_Small_3.bin,Fantasy.Props.MegaKit.Standard,Props,SOURCE_TECHNIQUE,7980,007557c58c3bdde0,,,,,
Fantasy.Props.MegaKit.Standard/Exports/glTF/BookGroup_Small_3.gltf,Fantasy.Props.MegaKit.Standard,Props,À_ADAPTER,2424,07e7c65cd831fde0,130,0,0,62,
Fantasy.Props.MegaKit.Standard/Exports/glTF/BookStand.bin,Fantasy.Props.MegaKit.Standard,Props,SOURCE_TECHNIQUE,62020,153aa58a6296d61d,,,,,
Fantasy.Props.MegaKit.Standard/Exports/glTF/BookStand.gltf,Fantasy.Props.MegaKit.Standard,Props,CANDIDAT_RUNTIME,2223,c7b717e6388bc151,1526,0,0,65,
Fantasy.Props.MegaKit.Standard/Exports/glTF/Book_5.bin,Fantasy.Props.MegaKit.Standard,Props,SOURCE_TECHNIQUE,5856,32060c5c94d297a4,,,,,
Fantasy.Props.MegaKit.Standard/Exports/glTF/Book_5.gltf,Fantasy.Props.MegaKit.Standard,Props,À_ADAPTER,2403,10b082a9984c355b,96,0,0,62,
Fantasy.Props.MegaKit.Standard/Exports/glTF/Book_7.bin,Fantasy.Props.MegaKit.Standard,Props,SOURCE_TECHNIQUE,32664,0716b65db72ba78e,,,,,
Fantasy.Props.MegaKit.Standard/Exports/glTF/Book_7.gltf,Fantasy.Props.MegaKit.Standard,Props,À_ADAPTER,4290,7f12a3d7a0d8d108,724,0,0,62,
Fantasy.Props.MegaKit.Standard/Exports/glTF/Book_Simplified_Single.bin,Fantasy.Props.MegaKit.Standard,Props,SOURCE_TECHNIQUE,3192,22aeb14e052eb5ff,,,,,
Fantasy.Props.MegaKit.Standard/Exports/glTF/Book_Simplified_Single.gltf,Fantasy.Props.MegaKit.Standard,Props,À_ADAPTER,2428,70c50a7dd573f49e,52,0,0,62,
Fantasy.Props.MegaKit.Standard/Exports/glTF/Book_Stack_1.bin,Fantasy.Props.MegaKit.Standard,Props,SOURCE_TECHNIQUE,12768,cdbe0b7f468ac171,,,,,
Fantasy.Props.MegaKit.Standard/Exports/glTF/Book_Stack_1.gltf,Fantasy.Props.MegaKit.Standard,Props,À_ADAPTER,2418,aac90f5a6859acb1,208,0,0,62,
Fantasy.Props.MegaKit.Standard/Exports/glTF/Book_Stack_2.bin,Fantasy.Props.MegaKit.Standard,Props,SOURCE_TECHNIQUE,23956,3f3e48b029bb932c,,,,,
Fantasy.Props.MegaKit.Standard/Exports/glTF/Book_Stack_2.gltf,Fantasy.Props.MegaKit.Standard,Props,À_ADAPTER,4309,5c0fdceea9211552,446,0,0,62,
Fantasy.Props.MegaKit.Standard/Exports/glTF/Bookcase_2.bin,Fantasy.Props.MegaKit.Standard,Props,SOURCE_TECHNIQUE,92968,2d61ba836ecd93e3,,,,,
Fantasy.Props.MegaKit.Standard/Exports/glTF/Bookcase_2.gltf,Fantasy.Props.MegaKit.Standard,Props,CANDIDAT_RUNTIME,4329,58bb7dcdc7f0a9e4,2148,0,0,68,
Fantasy.Props.MegaKit.Standard/Exports/glTF/Bottle_1.bin,Fantasy.Props.MegaKit.Standard,Props,SOURCE_TECHNIQUE,13952,9f4147c9184b86c9,,,,,
Fantasy.Props.MegaKit.Standard/Exports/glTF/Bottle_1.gltf,Fantasy.Props.MegaKit.Standard,Props,À_ADAPTER,2413,d23c52823303be9d,312,0,0,62,
Fantasy.Props.MegaKit.Standard/Exports/glTF/Bucket_Metal.bin,Fantasy.Props.MegaKit.Standard,Props,SOURCE_TECHNIQUE,18824,21ed9b3699a07707,,,,,
Fantasy.Props.MegaKit.Standard/Exports/glTF/Bucket_Metal.gltf,Fantasy.Props.MegaKit.Standard,Props,À_ADAPTER,2206,0601c71ce5291f7c,540,0,0,62,
Fantasy.Props.MegaKit.Standard/Exports/glTF/Bucket_Wooden_1.bin,Fantasy.Props.MegaKit.Standard,Props,SOURCE_TECHNIQUE,32544,be608473cd78557d,,,,,
Fantasy.Props.MegaKit.Standard/Exports/glTF/Bucket_Wooden_1.gltf,Fantasy.Props.MegaKit.Standard,Props,À_ADAPTER,3911,b4f93568d96d38dc,976,0,0,62,
Fantasy.Props.MegaKit.Standard/Exports/glTF/Cabinet.bin,Fantasy.Props.MegaKit.Standard,Props,SOURCE_TECHNIQUE,114768,dcfed47cc9155640,,,,,
Fantasy.Props.MegaKit.Standard/Exports/glTF/Cabinet.gltf,Fantasy.Props.MegaKit.Standard,Props,À_ADAPTER,4324,43df513943cde059,2388,0,0,51,
Fantasy.Props.MegaKit.Standard/Exports/glTF/Cage_Small.bin,Fantasy.Props.MegaKit.Standard,Props,SOURCE_TECHNIQUE,171848,bdee89659cd0bf76,,,,,
Fantasy.Props.MegaKit.Standard/Exports/glTF/Cage_Small.gltf,Fantasy.Props.MegaKit.Standard,Props,À_ADAPTER,2207,17c14a9f1f6d1d33,4588,0,0,46,
Fantasy.Props.MegaKit.Standard/Exports/glTF/CandleStick.bin,Fantasy.Props.MegaKit.Standard,Props,SOURCE_TECHNIQUE,21436,45ad392961f6389a,,,,,
Fantasy.Props.MegaKit.Standard/Exports/glTF/CandleStick.gltf,Fantasy.Props.MegaKit.Standard,Props,À_ADAPTER,2199,f57eaff5b2b61bda,730,0,0,62,
Fantasy.Props.MegaKit.Standard/Exports/glTF/CandleStick_Stand.bin,Fantasy.Props.MegaKit.Standard,Props,SOURCE_TECHNIQUE,226228,8d3300e0ab2563b7,,,,,
Fantasy.Props.MegaKit.Standard/Exports/glTF/CandleStick_Stand.gltf,Fantasy.Props.MegaKit.Standard,Props,CANDIDAT_RUNTIME,4347,4255072b144deb6a,5738,0,0,65,
Fantasy.Props.MegaKit.Standard/Exports/glTF/CandleStick_Triple.bin,Fantasy.Props.MegaKit.Standard,Props,SOURCE_TECHNIQUE,74368,35bf25557f28b7c6,,,,,
Fantasy.Props.MegaKit.Standard/Exports/glTF/CandleStick_Triple.gltf,Fantasy.Props.MegaKit.Standard,Props,À_ADAPTER,3900,a65eea34c6af2372,2528,0,0,62,
Fantasy.Props.MegaKit.Standard/Exports/glTF/Candle_1.bin,Fantasy.Props.MegaKit.Standard,Props,SOURCE_TECHNIQUE,6200,18ce193bb7326429,,,,,
Fantasy.Props.MegaKit.Standard/Exports/glTF/Candle_1.gltf,Fantasy.Props.MegaKit.Standard,Props,À_ADAPTER,2191,9539cc17bdc7b774,212,0,0,62,
Fantasy.Props.MegaKit.Standard/Exports/glTF/Candle_2.bin,Fantasy.Props.MegaKit.Standard,Props,SOURCE_TECHNIQUE,6124,0d7edbc4ddb7bff3,,,,,
Fantasy.Props.MegaKit.Standard/Exports/glTF/Candle_2.gltf,Fantasy.Props.MegaKit.Standard,Props,À_ADAPTER,2191,4856167e1e1c6c03,210,0,0,62,
Fantasy.Props.MegaKit.Standard/Exports/glTF/Carrot.bin,Fantasy.Props.MegaKit.Standard,Props,SOURCE_TECHNIQUE,22244,a551591fc5f300e4,,,,,
Fantasy.Props.MegaKit.Standard/Exports/glTF/Carrot.gltf,Fantasy.Props.MegaKit.Standard,Props,REJETÉ_ARTISTIQUEMENT,2411,7554921323c16180,634,0,0,43,
Fantasy.Props.MegaKit.Standard/Exports/glTF/Cauldron.bin,Fantasy.Props.MegaKit.Standard,Props,SOURCE_TECHNIQUE,62712,63fd1b9d8d44a12f,,,,,
Fantasy.Props.MegaKit.Standard/Exports/glTF/Cauldron.gltf,Fantasy.Props.MegaKit.Standard,Props,CANDIDAT_RUNTIME,2195,3937dcadb9b920ae,2020,0,0,79,cuisine
Fantasy.Props.MegaKit.Standard/Exports/glTF/Chain_Coil.bin,Fantasy.Props.MegaKit.Standard,Props,SOURCE_TECHNIQUE,193664,ee403f5a0068cbad,,,,,
Fantasy.Props.MegaKit.Standard/Exports/glTF/Chain_Coil.gltf,Fantasy.Props.MegaKit.Standard,Props,À_ADAPTER,2424,a1ddf045b66e6433,3744,0,0,48,
Fantasy.Props.MegaKit.Standard/Exports/glTF/Chair_1.bin,Fantasy.Props.MegaKit.Standard,Props,SOURCE_TECHNIQUE,28096,dc16da2a14704460,,,,,
Fantasy.Props.MegaKit.Standard/Exports/glTF/Chair_1.gltf,Fantasy.Props.MegaKit.Standard,Props,À_ADAPTER,4312,9c3e659f25c85099,496,0,0,51,
Fantasy.Props.MegaKit.Standard/Exports/glTF/Chalice.bin,Fantasy.Props.MegaKit.Standard,Props,SOURCE_TECHNIQUE,15644,5e71580a7eb8e262,,,,,
Fantasy.Props.MegaKit.Standard/Exports/glTF/Chalice.gltf,Fantasy.Props.MegaKit.Standard,Props,REJETÉ_ARTISTIQUEMENT,2197,435d3f90c2be5f1d,458,0,0,43,
Fantasy.Props.MegaKit.Standard/Exports/glTF/Chandelier.bin,Fantasy.Props.MegaKit.Standard,Props,SOURCE_TECHNIQUE,266680,6ee3fc5a8dcd4b5f,,,,,
Fantasy.Props.MegaKit.Standard/Exports/glTF/Chandelier.gltf,Fantasy.Props.MegaKit.Standard,Props,À_ADAPTER,6259,2fa74c8bb413a864,5680,0,0,46,
Fantasy.Props.MegaKit.Standard/Exports/glTF/Chest_Wood.bin,Fantasy.Props.MegaKit.Standard,Props,SOURCE_TECHNIQUE,184356,e4aea6f99587b8ad,,,,,
Fantasy.Props.MegaKit.Standard/Exports/glTF/Chest_Wood.gltf,Fantasy.Props.MegaKit.Standard,Props,UTILISÉ_RUNTIME,21402,b2022f69b76526fc,2546,3,4,76,loot
Fantasy.Props.MegaKit.Standard/Exports/glTF/Coin.bin,Fantasy.Props.MegaKit.Standard,Props,SOURCE_TECHNIQUE,14464,090091faeeb77273,,,,,
Fantasy.Props.MegaKit.Standard/Exports/glTF/Coin.gltf,Fantasy.Props.MegaKit.Standard,Props,REJETÉ_ARTISTIQUEMENT,2408,79c3f75e5d8d56c8,304,0,0,43,
Fantasy.Props.MegaKit.Standard/Exports/glTF/Coin_Pile.bin,Fantasy.Props.MegaKit.Standard,Props,SOURCE_TECHNIQUE,47520,e18ad9b7cfe2304f,,,,,
Fantasy.Props.MegaKit.Standard/Exports/glTF/Coin_Pile.gltf,Fantasy.Props.MegaKit.Standard,Props,REJETÉ_ARTISTIQUEMENT,2424,aec9db3acc8a8011,960,0,0,43,
Fantasy.Props.MegaKit.Standard/Exports/glTF/Coin_Pile_2.bin,Fantasy.Props.MegaKit.Standard,Props,SOURCE_TECHNIQUE,52612,24f55251a466526d,,,,,
Fantasy.Props.MegaKit.Standard/Exports/glTF/Coin_Pile_2.gltf,Fantasy.Props.MegaKit.Standard,Props,REJETÉ_ARTISTIQUEMENT,2429,13e3fcf52255db66,1062,0,0,43,
Fantasy.Props.MegaKit.Standard/Exports/glTF/Crate_Metal.bin,Fantasy.Props.MegaKit.Standard,Props,SOURCE_TECHNIQUE,126828,cb52d28715b6a908,,,,,
Fantasy.Props.MegaKit.Standard/Exports/glTF/Crate_Metal.gltf,Fantasy.Props.MegaKit.Standard,Props,CANDIDAT_RUNTIME,4335,55fd4a7f499ceded,2738,0,0,75,camp
Fantasy.Props.MegaKit.Standard/Exports/glTF/Crate_Wooden.bin,Fantasy.Props.MegaKit.Standard,Props,SOURCE_TECHNIQUE,66496,7ae016386790e599,,,,,
Fantasy.Props.MegaKit.Standard/Exports/glTF/Crate_Wooden.gltf,Fantasy.Props.MegaKit.Standard,Props,UTILISÉ_RUNTIME,4412,fb06d4b7b9bbfbb9,1576,0,0,75,camp
Fantasy.Props.MegaKit.Standard/Exports/glTF/Dummy.bin,Fantasy.Props.MegaKit.Standard,Props,SOURCE_TECHNIQUE,80988,a8c0897c085b0cee,,,,,
Fantasy.Props.MegaKit.Standard/Exports/glTF/Dummy.gltf,Fantasy.Props.MegaKit.Standard,Props,À_ADAPTER,5570,e7acf49819a78d0f,2858,0,0,46,
Fantasy.Props.MegaKit.Standard/Exports/glTF/FarmCrate_Apple.bin,Fantasy.Props.MegaKit.Standard,Props,SOURCE_TECHNIQUE,134488,9f764bf2f2e960ec,,,,,
Fantasy.Props.MegaKit.Standard/Exports/glTF/FarmCrate_Apple.gltf,Fantasy.Props.MegaKit.Standard,Props,CANDIDAT_RUNTIME,6263,56de7097ddbf2280,4028,0,0,72,camp
Fantasy.Props.MegaKit.Standard/Exports/glTF/FarmCrate_Carrot.bin,Fantasy.Props.MegaKit.Standard,Props,SOURCE_TECHNIQUE,204292,18858970c67b1e6f,,,,,
Fantasy.Props.MegaKit.Standard/Exports/glTF/FarmCrate_Carrot.gltf,Fantasy.Props.MegaKit.Standard,Props,À_ADAPTER,6273,6aaa750a27ee652c,5262,0,0,53,camp
Fantasy.Props.MegaKit.Standard/Exports/glTF/FarmCrate_Empty.bin,Fantasy.Props.MegaKit.Standard,Props,SOURCE_TECHNIQUE,54704,9c380c8ff9314aa5,,,,,
Fantasy.Props.MegaKit.Standard/Exports/glTF/FarmCrate_Empty.gltf,Fantasy.Props.MegaKit.Standard,Props,CANDIDAT_RUNTIME,3915,7dccd0a93f29a31f,1928,0,0,72,camp
Fantasy.Props.MegaKit.Standard/Exports/glTF/Key_Gold.bin,Fantasy.Props.MegaKit.Standard,Props,SOURCE_TECHNIQUE,58636,d610e8bafb8a2e4a,,,,,
Fantasy.Props.MegaKit.Standard/Exports/glTF/Key_Gold.gltf,Fantasy.Props.MegaKit.Standard,Props,À_ADAPTER,2424,12decc702c2933e5,1366,0,0,48,
Fantasy.Props.MegaKit.Standard/Exports/glTF/Key_Metal.bin,Fantasy.Props.MegaKit.Standard,Props,SOURCE_TECHNIQUE,19340,18ba4046bfb0c97a,,,,,
Fantasy.Props.MegaKit.Standard/Exports/glTF/Key_Metal.gltf,Fantasy.Props.MegaKit.Standard,Props,À_ADAPTER,2197,e77faacb776d8082,546,0,0,48,
Fantasy.Props.MegaKit.Standard/Exports/glTF/Lantern_Wall.bin,Fantasy.Props.MegaKit.Standard,Props,SOURCE_TECHNIQUE,120036,fe9f381613058730,,,,,
Fantasy.Props.MegaKit.Standard/Exports/glTF/Lantern_Wall.gltf,Fantasy.Props.MegaKit.Standard,Props,CANDIDAT_RUNTIME,2203,9e7623e1d3a16f92,2822,0,0,85,citadelle
Fantasy.Props.MegaKit.Standard/Exports/glTF/Mug.bin,Fantasy.Props.MegaKit.Standard,Props,SOURCE_TECHNIQUE,12488,bbf61011611387a2,,,,,
Fantasy.Props.MegaKit.Standard/Exports/glTF/Mug.gltf,Fantasy.Props.MegaKit.Standard,Props,À_ADAPTER,3881,73c4cb7e575685d0,268,0,0,62,
Fantasy.Props.MegaKit.Standard/Exports/glTF/Nightstand_Shelf.bin,Fantasy.Props.MegaKit.Standard,Props,SOURCE_TECHNIQUE,21412,8b3be7b1a3ae6e30,,,,,
Fantasy.Props.MegaKit.Standard/Exports/glTF/Nightstand_Shelf.gltf,Fantasy.Props.MegaKit.Standard,Props,À_ADAPTER,2447,31d1a892ebfc4221,262,0,0,51,
Fantasy.Props.MegaKit.Standard/Exports/glTF/Peg_Rack.bin,Fantasy.Props.MegaKit.Standard,Props,SOURCE_TECHNIQUE,26672,47cc2c0d449f96c7,,,,,
Fantasy.Props.MegaKit.Standard/Exports/glTF/Peg_Rack.gltf,Fantasy.Props.MegaKit.Standard,Props,À_ADAPTER,3879,7fa0747b6225a259,712,0,0,54,
Fantasy.Props.MegaKit.Standard/Exports/glTF/Pickaxe_Bronze.bin,Fantasy.Props.MegaKit.Standard,Props,SOURCE_TECHNIQUE,30736,df51d6075a9d1a8c,,,,,
Fantasy.Props.MegaKit.Standard/Exports/glTF/Pickaxe_Bronze.gltf,Fantasy.Props.MegaKit.Standard,Props,CANDIDAT_RUNTIME,2425,2a934389f82610fc,776,0,0,71,armes_decor
Fantasy.Props.MegaKit.Standard/Exports/glTF/Pot_1.bin,Fantasy.Props.MegaKit.Standard,Props,SOURCE_TECHNIQUE,37160,eebe6918dbdc7435,,,,,
Fantasy.Props.MegaKit.Standard/Exports/glTF/Pot_1.gltf,Fantasy.Props.MegaKit.Standard,Props,À_ADAPTER,2185,d925a5e5541d83d2,1068,0,0,62,
Fantasy.Props.MegaKit.Standard/Exports/glTF/Pot_1_Lid.bin,Fantasy.Props.MegaKit.Standard,Props,SOURCE_TECHNIQUE,46120,5c125852b29cf3af,,,,,
Fantasy.Props.MegaKit.Standard/Exports/glTF/Pot_1_Lid.gltf,Fantasy.Props.MegaKit.Standard,Props,CANDIDAT_RUNTIME,2196,b8455f37f1eee179,1292,0,0,68,
Fantasy.Props.MegaKit.Standard/Exports/glTF/Potion_1.bin,Fantasy.Props.MegaKit.Standard,Props,SOURCE_TECHNIQUE,18200,6838b7e7a740a91f,,,,,
Fantasy.Props.MegaKit.Standard/Exports/glTF/Potion_1.gltf,Fantasy.Props.MegaKit.Standard,Props,À_ADAPTER,2418,fc53caca616741a2,440,0,0,48,
Fantasy.Props.MegaKit.Standard/Exports/glTF/Potion_2.bin,Fantasy.Props.MegaKit.Standard,Props,SOURCE_TECHNIQUE,19672,f1eb3a0b72839076,,,,,
Fantasy.Props.MegaKit.Standard/Exports/glTF/Potion_2.gltf,Fantasy.Props.MegaKit.Standard,Props,À_ADAPTER,2418,42d889170fdad73d,472,0,0,48,
Fantasy.Props.MegaKit.Standard/Exports/glTF/Potion_4.bin,Fantasy.Props.MegaKit.Standard,Props,SOURCE_TECHNIQUE,22536,e656d1279c6e010c,,,,,
Fantasy.Props.MegaKit.Standard/Exports/glTF/Potion_4.gltf,Fantasy.Props.MegaKit.Standard,Props,À_ADAPTER,2418,1040842ccc81da5f,536,0,0,48,
Fantasy.Props.MegaKit.Standard/Exports/glTF/Pouch_Large.bin,Fantasy.Props.MegaKit.Standard,Props,SOURCE_TECHNIQUE,31580,e83904bdef5ea9b4,,,,,
Fantasy.Props.MegaKit.Standard/Exports/glTF/Pouch_Large.gltf,Fantasy.Props.MegaKit.Standard,Props,CANDIDAT_RUNTIME,4306,9af4639dfbf39f07,730,0,0,68,
Fantasy.Props.MegaKit.Standard/Exports/glTF/Rope_1.bin,Fantasy.Props.MegaKit.Standard,Props,SOURCE_TECHNIQUE,41624,950d7977e2dcd8fa,,,,,
Fantasy.Props.MegaKit.Standard/Exports/glTF/Rope_1.gltf,Fantasy.Props.MegaKit.Standard,Props,À_ADAPTER,2223,b4722ec5baf1313b,1748,0,0,48,
Fantasy.Props.MegaKit.Standard/Exports/glTF/Rope_2.bin,Fantasy.Props.MegaKit.Standard,Props,SOURCE_TECHNIQUE,34904,412afce0c7a43f3b,,,,,
Fantasy.Props.MegaKit.Standard/Exports/glTF/Rope_2.gltf,Fantasy.Props.MegaKit.Standard,Props,À_ADAPTER,2223,2df33e9eef473315,1460,0,0,48,
Fantasy.Props.MegaKit.Standard/Exports/glTF/Rope_3.bin,Fantasy.Props.MegaKit.Standard,Props,SOURCE_TECHNIQUE,41624,8c647df0b8dce95e,,,,,
Fantasy.Props.MegaKit.Standard/Exports/glTF/Rope_3.gltf,Fantasy.Props.MegaKit.Standard,Props,À_ADAPTER,2225,b87badbc1eeff690,1748,0,0,48,
Fantasy.Props.MegaKit.Standard/Exports/glTF/Scroll_1.bin,Fantasy.Props.MegaKit.Standard,Props,SOURCE_TECHNIQUE,20112,884fe80cb3075c27,,,,,
Fantasy.Props.MegaKit.Standard/Exports/glTF/Scroll_1.gltf,Fantasy.Props.MegaKit.Standard,Props,À_ADAPTER,3954,f8b03860718121bf,512,0,0,48,
Fantasy.Props.MegaKit.Standard/Exports/glTF/Scroll_2.bin,Fantasy.Props.MegaKit.Standard,Props,SOURCE_TECHNIQUE,28392,5e1dfa4c4eaa03b3,,,,,
Fantasy.Props.MegaKit.Standard/Exports/glTF/Scroll_2.gltf,Fantasy.Props.MegaKit.Standard,Props,À_ADAPTER,3968,4dfb8f44b30afdbe,672,0,0,48,
Fantasy.Props.MegaKit.Standard/Exports/glTF/Shelf_Arch.bin,Fantasy.Props.MegaKit.Standard,Props,SOURCE_TECHNIQUE,64836,4e1d171e1a4c1ad5,,,,,
Fantasy.Props.MegaKit.Standard/Exports/glTF/Shelf_Arch.gltf,Fantasy.Props.MegaKit.Standard,Props,CANDIDAT_RUNTIME,4332,f8fb72e169162f99,1286,0,0,77,citadelle
Fantasy.Props.MegaKit.Standard/Exports/glTF/Shelf_Simple.bin,Fantasy.Props.MegaKit.Standard,Props,SOURCE_TECHNIQUE,22016,0064b2a3fc0f3252,,,,,
Fantasy.Props.MegaKit.Standard/Exports/glTF/Shelf_Simple.gltf,Fantasy.Props.MegaKit.Standard,Props,À_ADAPTER,2224,aaddd9bf393cf4ed,480,0,0,48,
Fantasy.Props.MegaKit.Standard/Exports/glTF/Shelf_Small_Bottles.bin,Fantasy.Props.MegaKit.Standard,Props,SOURCE_TECHNIQUE,229484,af17c1712a12f1ca,,,,,
Fantasy.Props.MegaKit.Standard/Exports/glTF/Shelf_Small_Bottles.gltf,Fantasy.Props.MegaKit.Standard,Props,À_ADAPTER,6266,acc121bf8385e8cf,5234,0,0,62,
Fantasy.Props.MegaKit.Standard/Exports/glTF/Shield_Wooden.bin,Fantasy.Props.MegaKit.Standard,Props,SOURCE_TECHNIQUE,64184,98b663ab52b6e72b,,,,,
Fantasy.Props.MegaKit.Standard/Exports/glTF/Shield_Wooden.gltf,Fantasy.Props.MegaKit.Standard,Props,CANDIDAT_RUNTIME,6243,57d46c4a5f34cad7,1404,0,0,68,armes_decor
Fantasy.Props.MegaKit.Standard/Exports/glTF/SmallBottle.bin,Fantasy.Props.MegaKit.Standard,Props,SOURCE_TECHNIQUE,5700,b94056fc489201a8,,,,,
Fantasy.Props.MegaKit.Standard/Exports/glTF/SmallBottle.gltf,Fantasy.Props.MegaKit.Standard,Props,À_ADAPTER,2392,70447d0fe55cbbf8,130,0,0,62,
Fantasy.Props.MegaKit.Standard/Exports/glTF/SmallBottles_1.bin,Fantasy.Props.MegaKit.Standard,Props,SOURCE_TECHNIQUE,20556,723e7877365cec96,,,,,
Fantasy.Props.MegaKit.Standard/Exports/glTF/SmallBottles_1.gltf,Fantasy.Props.MegaKit.Standard,Props,À_ADAPTER,2423,dd4b7672bd0faccd,486,0,0,62,
Fantasy.Props.MegaKit.Standard/Exports/glTF/Stall_Cart_Empty.bin,Fantasy.Props.MegaKit.Standard,Props,SOURCE_TECHNIQUE,237264,d70b989c539d9883,,,,,
Fantasy.Props.MegaKit.Standard/Exports/glTF/Stall_Cart_Empty.gltf,Fantasy.Props.MegaKit.Standard,Props,À_ADAPTER,6857,aaeda0ad9ffe8c31,3936,0,0,49,
Fantasy.Props.MegaKit.Standard/Exports/glTF/Stall_Empty.bin,Fantasy.Props.MegaKit.Standard,Props,SOURCE_TECHNIQUE,88176,9ddececa6f5e0922,,,,,
Fantasy.Props.MegaKit.Standard/Exports/glTF/Stall_Empty.gltf,Fantasy.Props.MegaKit.Standard,Props,À_ADAPTER,6804,b0e6b4f6cb6b9dc0,1496,0,0,54,
Fantasy.Props.MegaKit.Standard/Exports/glTF/Stool.bin,Fantasy.Props.MegaKit.Standard,Props,SOURCE_TECHNIQUE,11472,6ca3a6bc9b415409,,,,,
Fantasy.Props.MegaKit.Standard/Exports/glTF/Stool.gltf,Fantasy.Props.MegaKit.Standard,Props,À_ADAPTER,2423,55a111d97463adb7,152,0,0,48,
Fantasy.Props.MegaKit.Standard/Exports/glTF/Sword_Bronze.bin,Fantasy.Props.MegaKit.Standard,Props,SOURCE_TECHNIQUE,69920,01a7a71363446873,,,,,
Fantasy.Props.MegaKit.Standard/Exports/glTF/Sword_Bronze.gltf,Fantasy.Props.MegaKit.Standard,Props,CANDIDAT_RUNTIME,2436,fcfbcee736bc6b04,1540,0,0,71,armes_decor
Fantasy.Props.MegaKit.Standard/Exports/glTF/T_Page_Noise.png,Fantasy.Props.MegaKit.Standard,Props,DOUBLON_CONTENU,7486734,4d4069a8d588dab3,,,,,
Fantasy.Props.MegaKit.Standard/Exports/glTF/T_Trim_Cloth_BaseColor.png,Fantasy.Props.MegaKit.Standard,Props,DOUBLON_CONTENU,1936754,c4d0e14506e05cc5,,,,,
Fantasy.Props.MegaKit.Standard/Exports/glTF/T_Trim_Cloth_Normal.png,Fantasy.Props.MegaKit.Standard,Props,DOUBLON_CONTENU,3920858,e91a490f94bc0070,,,,,
Fantasy.Props.MegaKit.Standard/Exports/glTF/T_Trim_Cloth_ORM.png,Fantasy.Props.MegaKit.Standard,Props,DOUBLON_CONTENU,623426,9bdaa0d1be8c393b,,,,,
Fantasy.Props.MegaKit.Standard/Exports/glTF/T_Trim_Furniture_BaseColor.png,Fantasy.Props.MegaKit.Standard,Props,DOUBLON_CONTENU,2232961,075fbc9ec2fabc15,,,,,
Fantasy.Props.MegaKit.Standard/Exports/glTF/T_Trim_Furniture_Normal.png,Fantasy.Props.MegaKit.Standard,Props,DOUBLON_CONTENU,3485710,3340c4cc47ff06d5,,,,,
Fantasy.Props.MegaKit.Standard/Exports/glTF/T_Trim_Furniture_ORM.png,Fantasy.Props.MegaKit.Standard,Props,DOUBLON_CONTENU,2064585,7bf417e82baf3137,,,,,
Fantasy.Props.MegaKit.Standard/Exports/glTF/T_Trim_Metal_BaseColor.png,Fantasy.Props.MegaKit.Standard,Props,DOUBLON_CONTENU,1361221,50422bbda9661eff,,,,,
Fantasy.Props.MegaKit.Standard/Exports/glTF/T_Trim_Metal_Normal.png,Fantasy.Props.MegaKit.Standard,Props,DOUBLON_CONTENU,3625541,ab7315c864c9a9e6,,,,,
Fantasy.Props.MegaKit.Standard/Exports/glTF/T_Trim_Metal_ORM.png,Fantasy.Props.MegaKit.Standard,Props,DOUBLON_CONTENU,1871475,7407bccfc39ca74e,,,,,
Fantasy.Props.MegaKit.Standard/Exports/glTF/T_Trim_Props_BaseColor.png,Fantasy.Props.MegaKit.Standard,Props,DOUBLON_CONTENU,2263132,75225a4ccfd8cc35,,,,,
Fantasy.Props.MegaKit.Standard/Exports/glTF/T_Trim_Props_Normal.png,Fantasy.Props.MegaKit.Standard,Props,DOUBLON_CONTENU,4441458,c4b28a8ba8efe310,,,,,
Fantasy.Props.MegaKit.Standard/Exports/glTF/T_Trim_Props_ORM.png,Fantasy.Props.MegaKit.Standard,Props,DOUBLON_CONTENU,3017151,2d83d8df79aca2c8,,,,,
Fantasy.Props.MegaKit.Standard/Exports/glTF/Table_Fork.bin,Fantasy.Props.MegaKit.Standard,Props,SOURCE_TECHNIQUE,4936,ea1fab5b06e061cc,,,,,
Fantasy.Props.MegaKit.Standard/Exports/glTF/Table_Fork.gltf,Fantasy.Props.MegaKit.Standard,Props,CANDIDAT_RUNTIME,2189,f64b0048d2f2facf,108,0,0,70,interieurs
Fantasy.Props.MegaKit.Standard/Exports/glTF/Table_Knife.bin,Fantasy.Props.MegaKit.Standard,Props,SOURCE_TECHNIQUE,2180,88c0560af9520d91,,,,,
Fantasy.Props.MegaKit.Standard/Exports/glTF/Table_Knife.gltf,Fantasy.Props.MegaKit.Standard,Props,CANDIDAT_RUNTIME,2186,df21830a582ba5c1,54,0,0,70,interieurs
Fantasy.Props.MegaKit.Standard/Exports/glTF/Table_Large.bin,Fantasy.Props.MegaKit.Standard,Props,SOURCE_TECHNIQUE,56396,af7bfe0cbf0532e0,,,,,
Fantasy.Props.MegaKit.Standard/Exports/glTF/Table_Large.gltf,Fantasy.Props.MegaKit.Standard,Props,CANDIDAT_RUNTIME,4316,ffd4e5b803f38f02,986,0,0,79,interieurs
Fantasy.Props.MegaKit.Standard/Exports/glTF/Table_Plate.bin,Fantasy.Props.MegaKit.Standard,Props,SOURCE_TECHNIQUE,6792,23c73317b3936f39,,,,,
Fantasy.Props.MegaKit.Standard/Exports/glTF/Table_Plate.gltf,Fantasy.Props.MegaKit.Standard,Props,CANDIDAT_RUNTIME,2199,306bf85a1b02df6d,172,0,0,70,interieurs
Fantasy.Props.MegaKit.Standard/Exports/glTF/Table_Spoon.bin,Fantasy.Props.MegaKit.Standard,Props,SOURCE_TECHNIQUE,4856,e48524e0b974fb0c,,,,,
Fantasy.Props.MegaKit.Standard/Exports/glTF/Table_Spoon.gltf,Fantasy.Props.MegaKit.Standard,Props,CANDIDAT_RUNTIME,2191,f6bde9a1928e169a,164,0,0,70,interieurs
Fantasy.Props.MegaKit.Standard/Exports/glTF/Torch_Metal.bin,Fantasy.Props.MegaKit.Standard,Props,SOURCE_TECHNIQUE,39100,522de8798b4c2e0d,,,,,
Fantasy.Props.MegaKit.Standard/Exports/glTF/Torch_Metal.gltf,Fantasy.Props.MegaKit.Standard,Props,CANDIDAT_RUNTIME,2203,f28978f4f3510307,970,0,0,74,eclairage
Fantasy.Props.MegaKit.Standard/Exports/glTF/Vase_2.bin,Fantasy.Props.MegaKit.Standard,Props,SOURCE_TECHNIQUE,21188,1dce19b5d65d83c2,,,,,
Fantasy.Props.MegaKit.Standard/Exports/glTF/Vase_2.gltf,Fantasy.Props.MegaKit.Standard,Props,À_ADAPTER,2407,92218a88b02bac2b,598,0,0,48,
Fantasy.Props.MegaKit.Standard/Exports/glTF/Vase_4.bin,Fantasy.Props.MegaKit.Standard,Props,SOURCE_TECHNIQUE,22028,3348683b971156e4,,,,,
Fantasy.Props.MegaKit.Standard/Exports/glTF/Vase_4.gltf,Fantasy.Props.MegaKit.Standard,Props,À_ADAPTER,2412,bfc60358ab3bab21,598,0,0,48,
Fantasy.Props.MegaKit.Standard/Exports/glTF/Vase_Rubble_Medium.bin,Fantasy.Props.MegaKit.Standard,Props,SOURCE_TECHNIQUE,85960,0667be3cbda69ec6,,,,,
Fantasy.Props.MegaKit.Standard/Exports/glTF/Vase_Rubble_Medium.gltf,Fantasy.Props.MegaKit.Standard,Props,À_ADAPTER,2453,e6177cb94c8eca55,1113,0,0,54,
Fantasy.Props.MegaKit.Standard/Exports/glTF/WeaponStand.bin,Fantasy.Props.MegaKit.Standard,Props,SOURCE_TECHNIQUE,76312,ac76bb8f6a511179,,,,,
Fantasy.Props.MegaKit.Standard/Exports/glTF/WeaponStand.gltf,Fantasy.Props.MegaKit.Standard,Props,À_ADAPTER,3903,039675f0ea79a861,2084,0,0,51,
Fantasy.Props.MegaKit.Standard/Exports/glTF/Whetstone.bin,Fantasy.Props.MegaKit.Standard,Props,SOURCE_TECHNIQUE,59280,c3aae752f1a92cc5,,,,,
Fantasy.Props.MegaKit.Standard/Exports/glTF/Whetstone.gltf,Fantasy.Props.MegaKit.Standard,Props,CANDIDAT_RUNTIME,6212,ec0f5173ac53dba3,1100,0,0,65,
Fantasy.Props.MegaKit.Standard/Exports/glTF/Workbench.bin,Fantasy.Props.MegaKit.Standard,Props,SOURCE_TECHNIQUE,63408,d26f2a0ba01b4a8d,,,,,
Fantasy.Props.MegaKit.Standard/Exports/glTF/Workbench.gltf,Fantasy.Props.MegaKit.Standard,Props,CANDIDAT_RUNTIME,4318,518fc5c955def18c,1368,0,0,73,camp
Fantasy.Props.MegaKit.Standard/Exports/glTF/Workbench_Drawers.bin,Fantasy.Props.MegaKit.Standard,Props,SOURCE_TECHNIQUE,16824,1c59f665e4c12ee9,,,,,
Fantasy.Props.MegaKit.Standard/Exports/glTF/Workbench_Drawers.gltf,Fantasy.Props.MegaKit.Standard,Props,CANDIDAT_RUNTIME,4313,f7f5a88b34e29dbc,364,0,0,70,camp
Fantasy.Props.MegaKit.Standard/Exports/FBX/Anvil.fbx,Fantasy.Props.MegaKit.Standard,Props,DOUBLON_FORMAT,40652,ec935b1c75d95033,,,,,
Fantasy.Props.MegaKit.Standard/Exports/FBX/Anvil_Log.fbx,Fantasy.Props.MegaKit.Standard,Props,DOUBLON_FORMAT,137564,730ebfb3f45e66c4,,,,,
Fantasy.Props.MegaKit.Standard/Exports/FBX/Axe_Bronze.fbx,Fantasy.Props.MegaKit.Standard,Props,DOUBLON_FORMAT,44028,0537c04224927cdd,,,,,
Fantasy.Props.MegaKit.Standard/Exports/FBX/Bag.fbx,Fantasy.Props.MegaKit.Standard,Props,DOUBLON_FORMAT,50956,8956620ef6badc17,,,,,
Fantasy.Props.MegaKit.Standard/Exports/FBX/Banner_1.fbx,Fantasy.Props.MegaKit.Standard,Props,DOUBLON_FORMAT,42492,c6197d606a80270c,,,,,
Fantasy.Props.MegaKit.Standard/Exports/FBX/Banner_1_Cloth.fbx,Fantasy.Props.MegaKit.Standard,Props,DOUBLON_FORMAT,29084,fc00d771cdc4f88d,,,,,
Fantasy.Props.MegaKit.Standard/Exports/FBX/Banner_2.fbx,Fantasy.Props.MegaKit.Standard,Props,DOUBLON_FORMAT,42028,0104a899f92ba275,,,,,
Fantasy.Props.MegaKit.Standard/Exports/FBX/Banner_2_Cloth.fbx,Fantasy.Props.MegaKit.Standard,Props,DOUBLON_FORMAT,28588,839705303518a320,,,,,
Fantasy.Props.MegaKit.Standard/Exports/FBX/Barrel.fbx,Fantasy.Props.MegaKit.Standard,Props,DOUBLON_FORMAT,43820,ab4fa392eb5122fc,,,,,
Fantasy.Props.MegaKit.Standard/Exports/FBX/Barrel_Apples.fbx,Fantasy.Props.MegaKit.Standard,Props,DOUBLON_FORMAT,92412,0882b91c09e70fff,,,,,
Fantasy.Props.MegaKit.Standard/Exports/FBX/Barrel_Holder.fbx,Fantasy.Props.MegaKit.Standard,Props,DOUBLON_FORMAT,85356,96a6a87e35db39ab,,,,,
Fantasy.Props.MegaKit.Standard/Exports/FBX/Bed_Twin1.fbx,Fantasy.Props.MegaKit.Standard,Props,DOUBLON_FORMAT,71436,5f6dfbbc2331e385,,,,,
Fantasy.Props.MegaKit.Standard/Exports/FBX/Bed_Twin2.fbx,Fantasy.Props.MegaKit.Standard,Props,DOUBLON_FORMAT,70620,072471a39e443fe5,,,,,
Fantasy.Props.MegaKit.Standard/Exports/FBX/Bench.fbx,Fantasy.Props.MegaKit.Standard,Props,DOUBLON_FORMAT,34604,cd55d1c21ee5055a,,,,,
Fantasy.Props.MegaKit.Standard/Exports/FBX/BookGroup_Medium_1.fbx,Fantasy.Props.MegaKit.Standard,Props,DOUBLON_FORMAT,33100,defa754938f38714,,,,,
Fantasy.Props.MegaKit.Standard/Exports/FBX/BookGroup_Medium_2.fbx,Fantasy.Props.MegaKit.Standard,Props,DOUBLON_FORMAT,34460,e51011591f255328,,,,,
Fantasy.Props.MegaKit.Standard/Exports/FBX/BookGroup_Medium_3.fbx,Fantasy.Props.MegaKit.Standard,Props,DOUBLON_FORMAT,34684,2209d789f80fa515,,,,,
Fantasy.Props.MegaKit.Standard/Exports/FBX/BookGroup_Small_1.fbx,Fantasy.Props.MegaKit.Standard,Props,DOUBLON_FORMAT,24204,06511d6077d4ffda,,,,,
Fantasy.Props.MegaKit.Standard/Exports/FBX/BookGroup_Small_2.fbx,Fantasy.Props.MegaKit.Standard,Props,DOUBLON_FORMAT,24140,94484100e6e17d14,,,,,
Fantasy.Props.MegaKit.Standard/Exports/FBX/BookGroup_Small_3.fbx,Fantasy.Props.MegaKit.Standard,Props,DOUBLON_FORMAT,24988,b5a8a71ab7165b9d,,,,,
Fantasy.Props.MegaKit.Standard/Exports/FBX/BookStand.fbx,Fantasy.Props.MegaKit.Standard,Props,DOUBLON_FORMAT,63068,ddf01cd6d9b887af,,,,,
Fantasy.Props.MegaKit.Standard/Exports/FBX/Book_5.fbx,Fantasy.Props.MegaKit.Standard,Props,DOUBLON_FORMAT,23116,37a275d6ad874dc7,,,,,
Fantasy.Props.MegaKit.Standard/Exports/FBX/Book_7.fbx,Fantasy.Props.MegaKit.Standard,Props,DOUBLON_FORMAT,42300,b08f60d40df652e0,,,,,
Fantasy.Props.MegaKit.Standard/Exports/FBX/Book_Simplified_Single.fbx,Fantasy.Props.MegaKit.Standard,Props,DOUBLON_FORMAT,22348,22f6218c8c9770ac,,,,,
Fantasy.Props.MegaKit.Standard/Exports/FBX/Book_Stack_1.fbx,Fantasy.Props.MegaKit.Standard,Props,DOUBLON_FORMAT,27228,0e17cd5a69a74992,,,,,
Fantasy.Props.MegaKit.Standard/Exports/FBX/Book_Stack_2.fbx,Fantasy.Props.MegaKit.Standard,Props,DOUBLON_FORMAT,38444,329c48220ba1b3e7,,,,,
Fantasy.Props.MegaKit.Standard/Exports/FBX/Bookcase_2.fbx,Fantasy.Props.MegaKit.Standard,Props,DOUBLON_FORMAT,78940,776c74cd83aba7e6,,,,,
Fantasy.Props.MegaKit.Standard/Exports/FBX/Bottle_1.fbx,Fantasy.Props.MegaKit.Standard,Props,DOUBLON_FORMAT,28556,720b7c0e7619d408,,,,,
Fantasy.Props.MegaKit.Standard/Exports/FBX/Bucket_Metal.fbx,Fantasy.Props.MegaKit.Standard,Props,DOUBLON_FORMAT,34092,7f43ad711dc68292,,,,,
Fantasy.Props.MegaKit.Standard/Exports/FBX/Bucket_Wooden_1.fbx,Fantasy.Props.MegaKit.Standard,Props,DOUBLON_FORMAT,52828,4d8d3ce8f7b38a65,,,,,
Fantasy.Props.MegaKit.Standard/Exports/FBX/Cabinet.fbx,Fantasy.Props.MegaKit.Standard,Props,DOUBLON_FORMAT,81724,a2c25c2b20e8b722,,,,,
Fantasy.Props.MegaKit.Standard/Exports/FBX/Cage_Small.fbx,Fantasy.Props.MegaKit.Standard,Props,DOUBLON_FORMAT,127004,1f61dc3ed31ca2c5,,,,,
Fantasy.Props.MegaKit.Standard/Exports/FBX/CandleStick.fbx,Fantasy.Props.MegaKit.Standard,Props,DOUBLON_FORMAT,39900,b3269fb36cb783a5,,,,,
Fantasy.Props.MegaKit.Standard/Exports/FBX/CandleStick_Stand.fbx,Fantasy.Props.MegaKit.Standard,Props,DOUBLON_FORMAT,180812,a432b8029584a536,,,,,
Fantasy.Props.MegaKit.Standard/Exports/FBX/CandleStick_Triple.fbx,Fantasy.Props.MegaKit.Standard,Props,DOUBLON_FORMAT,88636,fecf7045bde5616f,,,,,
Fantasy.Props.MegaKit.Standard/Exports/FBX/Candle_1.fbx,Fantasy.Props.MegaKit.Standard,Props,DOUBLON_FORMAT,26876,a59efc5441093250,,,,,
Fantasy.Props.MegaKit.Standard/Exports/FBX/Candle_2.fbx,Fantasy.Props.MegaKit.Standard,Props,DOUBLON_FORMAT,26892,b70f9aca714341f9,,,,,
Fantasy.Props.MegaKit.Standard/Exports/FBX/Carrot.fbx,Fantasy.Props.MegaKit.Standard,Props,DOUBLON_FORMAT,42364,09a259c7cfa709c7,,,,,
Fantasy.Props.MegaKit.Standard/Exports/FBX/Cauldron.fbx,Fantasy.Props.MegaKit.Standard,Props,DOUBLON_FORMAT,72188,510551a8b6468978,,,,,
Fantasy.Props.MegaKit.Standard/Exports/FBX/Chain_Coil.fbx,Fantasy.Props.MegaKit.Standard,Props,DOUBLON_FORMAT,134524,2a009605f2c15955,,,,,
Fantasy.Props.MegaKit.Standard/Exports/FBX/Chair_1.fbx,Fantasy.Props.MegaKit.Standard,Props,DOUBLON_FORMAT,37084,f779954e1f6264a9,,,,,
Fantasy.Props.MegaKit.Standard/Exports/FBX/Chalice.fbx,Fantasy.Props.MegaKit.Standard,Props,DOUBLON_FORMAT,31116,3b728b77189e3fa2,,,,,
Fantasy.Props.MegaKit.Standard/Exports/FBX/Chandelier.fbx,Fantasy.Props.MegaKit.Standard,Props,DOUBLON_FORMAT,183676,3c5e59841e83e850,,,,,
Fantasy.Props.MegaKit.Standard/Exports/FBX/Chest_Wood.fbx,Fantasy.Props.MegaKit.Standard,Props,DOUBLON_FORMAT,10892188,18ce299c1f6e9198,,,,,
Fantasy.Props.MegaKit.Standard/Exports/FBX/Coin.fbx,Fantasy.Props.MegaKit.Standard,Props,DOUBLON_FORMAT,26764,5c24fcfbb756cc6c,,,,,
Fantasy.Props.MegaKit.Standard/Exports/FBX/Coin_Pile.fbx,Fantasy.Props.MegaKit.Standard,Props,DOUBLON_FORMAT,41148,08c22aab969c9f65,,,,,
Fantasy.Props.MegaKit.Standard/Exports/FBX/Coin_Pile_2.fbx,Fantasy.Props.MegaKit.Standard,Props,DOUBLON_FORMAT,43644,089583207bb031e6,,,,,
Fantasy.Props.MegaKit.Standard/Exports/FBX/Crate_Metal.fbx,Fantasy.Props.MegaKit.Standard,Props,DOUBLON_FORMAT,90284,742758355e2fa933,,,,,
Fantasy.Props.MegaKit.Standard/Exports/FBX/Crate_Wooden.fbx,Fantasy.Props.MegaKit.Standard,Props,DOUBLON_FORMAT,59580,1cea14e2d9375861,,,,,
Fantasy.Props.MegaKit.Standard/Exports/FBX/Dummy.fbx,Fantasy.Props.MegaKit.Standard,Props,DOUBLON_FORMAT,111212,84109720c77e2937,,,,,
Fantasy.Props.MegaKit.Standard/Exports/FBX/FarmCrate_Apple.fbx,Fantasy.Props.MegaKit.Standard,Props,DOUBLON_FORMAT,129596,9f038d2e5dec9ff1,,,,,
Fantasy.Props.MegaKit.Standard/Exports/FBX/FarmCrate_Carrot.fbx,Fantasy.Props.MegaKit.Standard,Props,DOUBLON_FORMAT,211500,6b04c4873bd01d69,,,,,
Fantasy.Props.MegaKit.Standard/Exports/FBX/FarmCrate_Empty.fbx,Fantasy.Props.MegaKit.Standard,Props,DOUBLON_FORMAT,66668,ed5f0e07797526f3,,,,,
Fantasy.Props.MegaKit.Standard/Exports/FBX/Key_Gold.fbx,Fantasy.Props.MegaKit.Standard,Props,DOUBLON_FORMAT,52060,72299a60d6f32014,,,,,
Fantasy.Props.MegaKit.Standard/Exports/FBX/Key_Metal.fbx,Fantasy.Props.MegaKit.Standard,Props,DOUBLON_FORMAT,34860,2b506ba5e134320e,,,,,
Fantasy.Props.MegaKit.Standard/Exports/FBX/Lantern_Wall.fbx,Fantasy.Props.MegaKit.Standard,Props,DOUBLON_FORMAT,95484,1ca62ceccecc644e,,,,,
Fantasy.Props.MegaKit.Standard/Exports/FBX/Mug.fbx,Fantasy.Props.MegaKit.Standard,Props,DOUBLON_FORMAT,32396,8faae7c09627c709,,,,,
Fantasy.Props.MegaKit.Standard/Exports/FBX/Nightstand_Shelf.fbx,Fantasy.Props.MegaKit.Standard,Props,DOUBLON_FORMAT,26556,3b47c30eb4261960,,,,,
Fantasy.Props.MegaKit.Standard/Exports/FBX/Peg_Rack.fbx,Fantasy.Props.MegaKit.Standard,Props,DOUBLON_FORMAT,41788,547c51f0c5b93260,,,,,
Fantasy.Props.MegaKit.Standard/Exports/FBX/Pickaxe_Bronze.fbx,Fantasy.Props.MegaKit.Standard,Props,DOUBLON_FORMAT,43100,caea677b87535a16,,,,,
Fantasy.Props.MegaKit.Standard/Exports/FBX/Pot_1.fbx,Fantasy.Props.MegaKit.Standard,Props,DOUBLON_FORMAT,47228,98b6d67dae73fcd0,,,,,
Fantasy.Props.MegaKit.Standard/Exports/FBX/Pot_1_Lid.fbx,Fantasy.Props.MegaKit.Standard,Props,DOUBLON_FORMAT,53052,6fd53c25f3c9bb3d,,,,,
Fantasy.Props.MegaKit.Standard/Exports/FBX/Potion_1.fbx,Fantasy.Props.MegaKit.Standard,Props,DOUBLON_FORMAT,31084,a7af4d8ab430d43d,,,,,
Fantasy.Props.MegaKit.Standard/Exports/FBX/Potion_2.fbx,Fantasy.Props.MegaKit.Standard,Props,DOUBLON_FORMAT,31724,1e303425cd6224b6,,,,,
Fantasy.Props.MegaKit.Standard/Exports/FBX/Potion_4.fbx,Fantasy.Props.MegaKit.Standard,Props,DOUBLON_FORMAT,33580,abcb1a8b69362477,,,,,
Fantasy.Props.MegaKit.Standard/Exports/FBX/Pouch_Large.fbx,Fantasy.Props.MegaKit.Standard,Props,DOUBLON_FORMAT,44924,da4265f08adfe0a6,,,,,
Fantasy.Props.MegaKit.Standard/Exports/FBX/Rope_1.fbx,Fantasy.Props.MegaKit.Standard,Props,DOUBLON_FORMAT,61532,1f91365215840b22,,,,,
Fantasy.Props.MegaKit.Standard/Exports/FBX/Rope_2.fbx,Fantasy.Props.MegaKit.Standard,Props,DOUBLON_FORMAT,57420,c050bd42cdb4ba1f,,,,,
Fantasy.Props.MegaKit.Standard/Exports/FBX/Rope_3.fbx,Fantasy.Props.MegaKit.Standard,Props,DOUBLON_FORMAT,60524,b6ceea01f9914bc1,,,,,
Fantasy.Props.MegaKit.Standard/Exports/FBX/Scroll_1.fbx,Fantasy.Props.MegaKit.Standard,Props,DOUBLON_FORMAT,36380,05d7f02201c7d846,,,,,
Fantasy.Props.MegaKit.Standard/Exports/FBX/Scroll_2.fbx,Fantasy.Props.MegaKit.Standard,Props,DOUBLON_FORMAT,40668,41e72615126aa6c8,,,,,
Fantasy.Props.MegaKit.Standard/Exports/FBX/Shelf_Arch.fbx,Fantasy.Props.MegaKit.Standard,Props,DOUBLON_FORMAT,55052,615c3493c52c0fb8,,,,,
Fantasy.Props.MegaKit.Standard/Exports/FBX/Shelf_Simple.fbx,Fantasy.Props.MegaKit.Standard,Props,DOUBLON_FORMAT,33276,4f8998b68bc89651,,,,,
Fantasy.Props.MegaKit.Standard/Exports/FBX/Shelf_Small_Bottles.fbx,Fantasy.Props.MegaKit.Standard,Props,DOUBLON_FORMAT,162092,6364279cd03945dd,,,,,
Fantasy.Props.MegaKit.Standard/Exports/FBX/Shield_Wooden.fbx,Fantasy.Props.MegaKit.Standard,Props,DOUBLON_FORMAT,65164,bdca70514954fd22,,,,,
Fantasy.Props.MegaKit.Standard/Exports/FBX/SmallBottle.fbx,Fantasy.Props.MegaKit.Standard,Props,DOUBLON_FORMAT,24492,a525cfe702029671,,,,,
Fantasy.Props.MegaKit.Standard/Exports/FBX/SmallBottles_1.fbx,Fantasy.Props.MegaKit.Standard,Props,DOUBLON_FORMAT,32956,9e6570571640d4bb,,,,,
Fantasy.Props.MegaKit.Standard/Exports/FBX/Stall_Cart_Empty.fbx,Fantasy.Props.MegaKit.Standard,Props,DOUBLON_FORMAT,143324,0d3f61b9f5d572b6,,,,,
Fantasy.Props.MegaKit.Standard/Exports/FBX/Stall_Empty.fbx,Fantasy.Props.MegaKit.Standard,Props,DOUBLON_FORMAT,73708,127a6a628dd17d7b,,,,,
Fantasy.Props.MegaKit.Standard/Exports/FBX/Stool.fbx,Fantasy.Props.MegaKit.Standard,Props,DOUBLON_FORMAT,24540,4eed4a314f637344,,,,,
Fantasy.Props.MegaKit.Standard/Exports/FBX/Sword_Bronze.fbx,Fantasy.Props.MegaKit.Standard,Props,DOUBLON_FORMAT,69516,1603c4c478f56300,,,,,
Fantasy.Props.MegaKit.Standard/Exports/FBX/Table_Fork.fbx,Fantasy.Props.MegaKit.Standard,Props,DOUBLON_FORMAT,22684,ee9ce7240538a6af,,,,,
Fantasy.Props.MegaKit.Standard/Exports/FBX/Table_Knife.fbx,Fantasy.Props.MegaKit.Standard,Props,DOUBLON_FORMAT,21516,331b84f6cc4bd30b,,,,,
Fantasy.Props.MegaKit.Standard/Exports/FBX/Table_Large.fbx,Fantasy.Props.MegaKit.Standard,Props,DOUBLON_FORMAT,47516,64560001286e1698,,,,,
Fantasy.Props.MegaKit.Standard/Exports/FBX/Table_Plate.fbx,Fantasy.Props.MegaKit.Standard,Props,DOUBLON_FORMAT,24748,52e30e84d4add9c9,,,,,
Fantasy.Props.MegaKit.Standard/Exports/FBX/Table_Spoon.fbx,Fantasy.Props.MegaKit.Standard,Props,DOUBLON_FORMAT,24556,895c2b0f14f61384,,,,,
Fantasy.Props.MegaKit.Standard/Exports/FBX/Torch_Metal.fbx,Fantasy.Props.MegaKit.Standard,Props,DOUBLON_FORMAT,48700,3e4e58e9d6abc660,,,,,
Fantasy.Props.MegaKit.Standard/Exports/FBX/Vase_2.fbx,Fantasy.Props.MegaKit.Standard,Props,DOUBLON_FORMAT,34908,2e3c993b19cfbd86,,,,,
Fantasy.Props.MegaKit.Standard/Exports/FBX/Vase_4.fbx,Fantasy.Props.MegaKit.Standard,Props,DOUBLON_FORMAT,34764,8e6ddea0da718608,,,,,
Fantasy.Props.MegaKit.Standard/Exports/FBX/Vase_Rubble_Medium.fbx,Fantasy.Props.MegaKit.Standard,Props,DOUBLON_FORMAT,74924,b19366f66e4917fe,,,,,
Fantasy.Props.MegaKit.Standard/Exports/FBX/WeaponStand.fbx,Fantasy.Props.MegaKit.Standard,Props,DOUBLON_FORMAT,74796,8ee1f840b862214d,,,,,
Fantasy.Props.MegaKit.Standard/Exports/FBX/Whetstone.fbx,Fantasy.Props.MegaKit.Standard,Props,DOUBLON_FORMAT,54124,8087a71192d85058,,,,,
Fantasy.Props.MegaKit.Standard/Exports/FBX/Workbench.fbx,Fantasy.Props.MegaKit.Standard,Props,DOUBLON_FORMAT,58668,e2ec81a9d82a59bf,,,,,
Fantasy.Props.MegaKit.Standard/Exports/FBX/Workbench_Drawers.fbx,Fantasy.Props.MegaKit.Standard,Props,DOUBLON_FORMAT,32956,29a0e6991ebef8d1,,,,,
Fantasy.Props.MegaKit.Standard/Exports/OBJ/Anvil.mtl,Fantasy.Props.MegaKit.Standard,Props,SOURCE_TECHNIQUE,313,aecd3c0cc9a62a1c,,,,,
Fantasy.Props.MegaKit.Standard/Exports/OBJ/Anvil.obj,Fantasy.Props.MegaKit.Standard,Props,DOUBLON_FORMAT,49578,c9b1b663962f5dcc,,,,,
Fantasy.Props.MegaKit.Standard/Exports/OBJ/Anvil_Log.mtl,Fantasy.Props.MegaKit.Standard,Props,SOURCE_TECHNIQUE,831,cc6453fa333c356b,,,,,
Fantasy.Props.MegaKit.Standard/Exports/OBJ/Anvil_Log.obj,Fantasy.Props.MegaKit.Standard,Props,DOUBLON_FORMAT,279712,4536e6ed5fb11afd,,,,,
Fantasy.Props.MegaKit.Standard/Exports/OBJ/Axe_Bronze.mtl,Fantasy.Props.MegaKit.Standard,Props,SOURCE_TECHNIQUE,320,233ddd79ebb73315,,,,,
Fantasy.Props.MegaKit.Standard/Exports/OBJ/Axe_Bronze.obj,Fantasy.Props.MegaKit.Standard,Props,DOUBLON_FORMAT,56263,b0ad96e84e7d3c7d,,,,,
Fantasy.Props.MegaKit.Standard/Exports/OBJ/Bag.mtl,Fantasy.Props.MegaKit.Standard,Props,SOURCE_TECHNIQUE,579,a30f797d13f77794,,,,,
Fantasy.Props.MegaKit.Standard/Exports/OBJ/Bag.obj,Fantasy.Props.MegaKit.Standard,Props,DOUBLON_FORMAT,59303,6aa7124265768200,,,,,
Fantasy.Props.MegaKit.Standard/Exports/OBJ/Banner_1.mtl,Fantasy.Props.MegaKit.Standard,Props,SOURCE_TECHNIQUE,828,141aa149d410f37a,,,,,
Fantasy.Props.MegaKit.Standard/Exports/OBJ/Banner_1.obj,Fantasy.Props.MegaKit.Standard,Props,DOUBLON_FORMAT,29349,e3beb4724591370e,,,,,
Fantasy.Props.MegaKit.Standard/Exports/OBJ/Banner_1_Cloth.mtl,Fantasy.Props.MegaKit.Standard,Props,SOURCE_TECHNIQUE,563,52017aab343efef0,,,,,
Fantasy.Props.MegaKit.Standard/Exports/OBJ/Banner_1_Cloth.obj,Fantasy.Props.MegaKit.Standard,Props,DOUBLON_FORMAT,8702,d22fab9815ed3dbd,,,,,
Fantasy.Props.MegaKit.Standard/Exports/OBJ/Banner_2.mtl,Fantasy.Props.MegaKit.Standard,Props,DOUBLON_CONTENU,828,141aa149d410f37a,,,,,
Fantasy.Props.MegaKit.Standard/Exports/OBJ/Banner_2.obj,Fantasy.Props.MegaKit.Standard,Props,DOUBLON_FORMAT,28419,88e40f0f7e8c6d23,,,,,
Fantasy.Props.MegaKit.Standard/Exports/OBJ/Banner_2_Cloth.mtl,Fantasy.Props.MegaKit.Standard,Props,DOUBLON_CONTENU,563,52017aab343efef0,,,,,
Fantasy.Props.MegaKit.Standard/Exports/OBJ/Banner_2_Cloth.obj,Fantasy.Props.MegaKit.Standard,Props,DOUBLON_FORMAT,7807,81204f85b3eb15f8,,,,,
Fantasy.Props.MegaKit.Standard/Exports/OBJ/Barrel.mtl,Fantasy.Props.MegaKit.Standard,Props,SOURCE_TECHNIQUE,578,67cae750c2c7a7fc,,,,,
Fantasy.Props.MegaKit.Standard/Exports/OBJ/Barrel.obj,Fantasy.Props.MegaKit.Standard,Props,DOUBLON_FORMAT,62845,57532d8fe5a5e93c,,,,,
Fantasy.Props.MegaKit.Standard/Exports/OBJ/Barrel_Apples.mtl,Fantasy.Props.MegaKit.Standard,Props,SOURCE_TECHNIQUE,838,8fba89aa3ee0716d,,,,,
Fantasy.Props.MegaKit.Standard/Exports/OBJ/Barrel_Apples.obj,Fantasy.Props.MegaKit.Standard,Props,DOUBLON_FORMAT,173900,e63e34ea37b556b2,,,,,
Fantasy.Props.MegaKit.Standard/Exports/OBJ/Barrel_Holder.mtl,Fantasy.Props.MegaKit.Standard,Props,DOUBLON_CONTENU,578,67cae750c2c7a7fc,,,,,
Fantasy.Props.MegaKit.Standard/Exports/OBJ/Barrel_Holder.obj,Fantasy.Props.MegaKit.Standard,Props,DOUBLON_FORMAT,198171,303721758d3dba22,,,,,
Fantasy.Props.MegaKit.Standard/Exports/OBJ/Bed_Twin1.mtl,Fantasy.Props.MegaKit.Standard,Props,SOURCE_TECHNIQUE,832,c9ba0ef7b0102c3f,,,,,
Fantasy.Props.MegaKit.Standard/Exports/OBJ/Bed_Twin1.obj,Fantasy.Props.MegaKit.Standard,Props,DOUBLON_FORMAT,118107,eb7caaf50ddb9484,,,,,
Fantasy.Props.MegaKit.Standard/Exports/OBJ/Bed_Twin2.mtl,Fantasy.Props.MegaKit.Standard,Props,DOUBLON_CONTENU,832,c9ba0ef7b0102c3f,,,,,
Fantasy.Props.MegaKit.Standard/Exports/OBJ/Bed_Twin2.obj,Fantasy.Props.MegaKit.Standard,Props,DOUBLON_FORMAT,116970,82c389b3f2442aa8,,,,,
Fantasy.Props.MegaKit.Standard/Exports/OBJ/Bench.mtl,Fantasy.Props.MegaKit.Standard,Props,DOUBLON_CONTENU,578,67cae750c2c7a7fc,,,,,
Fantasy.Props.MegaKit.Standard/Exports/OBJ/Bench.obj,Fantasy.Props.MegaKit.Standard,Props,DOUBLON_FORMAT,29311,dd8d3c1b186efab2,,,,,
Fantasy.Props.MegaKit.Standard/Exports/OBJ/BookGroup_Medium_1.mtl,Fantasy.Props.MegaKit.Standard,Props,DOUBLON_CONTENU,320,233ddd79ebb73315,,,,,
Fantasy.Props.MegaKit.Standard/Exports/OBJ/BookGroup_Medium_1.obj,Fantasy.Props.MegaKit.Standard,Props,DOUBLON_FORMAT,34431,929f626b265bc5bb,,,,,
Fantasy.Props.MegaKit.Standard/Exports/OBJ/BookGroup_Medium_2.mtl,Fantasy.Props.MegaKit.Standard,Props,DOUBLON_CONTENU,320,233ddd79ebb73315,,,,,
Fantasy.Props.MegaKit.Standard/Exports/OBJ/BookGroup_Medium_2.obj,Fantasy.Props.MegaKit.Standard,Props,DOUBLON_FORMAT,38347,41d29784c82ff0ca,,,,,
Fantasy.Props.MegaKit.Standard/Exports/OBJ/BookGroup_Medium_3.mtl,Fantasy.Props.MegaKit.Standard,Props,DOUBLON_CONTENU,320,233ddd79ebb73315,,,,,
Fantasy.Props.MegaKit.Standard/Exports/OBJ/BookGroup_Medium_3.obj,Fantasy.Props.MegaKit.Standard,Props,DOUBLON_FORMAT,40084,0d1751111944c11d,,,,,
Fantasy.Props.MegaKit.Standard/Exports/OBJ/BookGroup_Small_1.mtl,Fantasy.Props.MegaKit.Standard,Props,DOUBLON_CONTENU,320,233ddd79ebb73315,,,,,
Fantasy.Props.MegaKit.Standard/Exports/OBJ/BookGroup_Small_1.obj,Fantasy.Props.MegaKit.Standard,Props,DOUBLON_FORMAT,9108,2623fdd995f3f045,,,,,
Fantasy.Props.MegaKit.Standard/Exports/OBJ/BookGroup_Small_2.mtl,Fantasy.Props.MegaKit.Standard,Props,DOUBLON_CONTENU,320,233ddd79ebb73315,,,,,
Fantasy.Props.MegaKit.Standard/Exports/OBJ/BookGroup_Small_2.obj,Fantasy.Props.MegaKit.Standard,Props,DOUBLON_FORMAT,8795,6a24b8c786b17348,,,,,
Fantasy.Props.MegaKit.Standard/Exports/OBJ/BookGroup_Small_3.mtl,Fantasy.Props.MegaKit.Standard,Props,DOUBLON_CONTENU,320,233ddd79ebb73315,,,,,
Fantasy.Props.MegaKit.Standard/Exports/OBJ/BookGroup_Small_3.obj,Fantasy.Props.MegaKit.Standard,Props,DOUBLON_FORMAT,11667,6de91a9ddad1f1db,,,,,
Fantasy.Props.MegaKit.Standard/Exports/OBJ/BookStand.mtl,Fantasy.Props.MegaKit.Standard,Props,SOURCE_TECHNIQUE,325,196971693ac14f26,,,,,
Fantasy.Props.MegaKit.Standard/Exports/OBJ/BookStand.obj,Fantasy.Props.MegaKit.Standard,Props,DOUBLON_FORMAT,116756,6eba2659157fbddd,,,,,
Fantasy.Props.MegaKit.Standard/Exports/OBJ/Book_5.mtl,Fantasy.Props.MegaKit.Standard,Props,DOUBLON_CONTENU,320,233ddd79ebb73315,,,,,
Fantasy.Props.MegaKit.Standard/Exports/OBJ/Book_5.obj,Fantasy.Props.MegaKit.Standard,Props,DOUBLON_FORMAT,7026,f6ac5fdf14827b44,,,,,
Fantasy.Props.MegaKit.Standard/Exports/OBJ/Book_7.mtl,Fantasy.Props.MegaKit.Standard,Props,SOURCE_TECHNIQUE,573,e34e118e14c0f1ef,,,,,
Fantasy.Props.MegaKit.Standard/Exports/OBJ/Book_7.obj,Fantasy.Props.MegaKit.Standard,Props,DOUBLON_FORMAT,48541,f65e5f4f68c92b63,,,,,
Fantasy.Props.MegaKit.Standard/Exports/OBJ/Book_Simplified_Single.mtl,Fantasy.Props.MegaKit.Standard,Props,DOUBLON_CONTENU,320,233ddd79ebb73315,,,,,
Fantasy.Props.MegaKit.Standard/Exports/OBJ/Book_Simplified_Single.obj,Fantasy.Props.MegaKit.Standard,Props,DOUBLON_FORMAT,3848,c62b56891b41d9c8,,,,,
Fantasy.Props.MegaKit.Standard/Exports/OBJ/Book_Stack_1.mtl,Fantasy.Props.MegaKit.Standard,Props,DOUBLON_CONTENU,320,233ddd79ebb73315,,,,,
Fantasy.Props.MegaKit.Standard/Exports/OBJ/Book_Stack_1.obj,Fantasy.Props.MegaKit.Standard,Props,DOUBLON_FORMAT,15103,5efd4638fef8e2c8,,,,,
Fantasy.Props.MegaKit.Standard/Exports/OBJ/Book_Stack_2.mtl,Fantasy.Props.MegaKit.Standard,Props,DOUBLON_CONTENU,573,e34e118e14c0f1ef,,,,,
Fantasy.Props.MegaKit.Standard/Exports/OBJ/Book_Stack_2.obj,Fantasy.Props.MegaKit.Standard,Props,DOUBLON_FORMAT,33006,c5e87c7133ec1af1,,,,,
Fantasy.Props.MegaKit.Standard/Exports/OBJ/Bookcase_2.mtl,Fantasy.Props.MegaKit.Standard,Props,DOUBLON_CONTENU,578,67cae750c2c7a7fc,,,,,
Fantasy.Props.MegaKit.Standard/Exports/OBJ/Bookcase_2.obj,Fantasy.Props.MegaKit.Standard,Props,DOUBLON_FORMAT,154161,8d6bbfb9ed47b7fb,,,,,
Fantasy.Props.MegaKit.Standard/Exports/OBJ/Bottle_1.mtl,Fantasy.Props.MegaKit.Standard,Props,DOUBLON_CONTENU,320,233ddd79ebb73315,,,,,
Fantasy.Props.MegaKit.Standard/Exports/OBJ/Bottle_1.obj,Fantasy.Props.MegaKit.Standard,Props,DOUBLON_FORMAT,21217,f0e5980f964d997f,,,,,
Fantasy.Props.MegaKit.Standard/Exports/OBJ/Bucket_Metal.mtl,Fantasy.Props.MegaKit.Standard,Props,DOUBLON_CONTENU,313,aecd3c0cc9a62a1c,,,,,
Fantasy.Props.MegaKit.Standard/Exports/OBJ/Bucket_Metal.obj,Fantasy.Props.MegaKit.Standard,Props,DOUBLON_FORMAT,38430,60a46a4e56405bb3,,,,,
Fantasy.Props.MegaKit.Standard/Exports/OBJ/Bucket_Wooden_1.mtl,Fantasy.Props.MegaKit.Standard,Props,DOUBLON_CONTENU,578,67cae750c2c7a7fc,,,,,
Fantasy.Props.MegaKit.Standard/Exports/OBJ/Bucket_Wooden_1.obj,Fantasy.Props.MegaKit.Standard,Props,DOUBLON_FORMAT,70192,72f937cdf47190b8,,,,,
Fantasy.Props.MegaKit.Standard/Exports/OBJ/Cabinet.mtl,Fantasy.Props.MegaKit.Standard,Props,DOUBLON_CONTENU,578,67cae750c2c7a7fc,,,,,
Fantasy.Props.MegaKit.Standard/Exports/OBJ/Cabinet.obj,Fantasy.Props.MegaKit.Standard,Props,DOUBLON_FORMAT,169268,e6163d4e45173691,,,,,
Fantasy.Props.MegaKit.Standard/Exports/OBJ/Cage_Small.mtl,Fantasy.Props.MegaKit.Standard,Props,DOUBLON_CONTENU,313,aecd3c0cc9a62a1c,,,,,
Fantasy.Props.MegaKit.Standard/Exports/OBJ/Cage_Small.obj,Fantasy.Props.MegaKit.Standard,Props,DOUBLON_FORMAT,324681,cb23c614882608c2,,,,,
Fantasy.Props.MegaKit.Standard/Exports/OBJ/CandleStick.mtl,Fantasy.Props.MegaKit.Standard,Props,DOUBLON_CONTENU,313,aecd3c0cc9a62a1c,,,,,
Fantasy.Props.MegaKit.Standard/Exports/OBJ/CandleStick.obj,Fantasy.Props.MegaKit.Standard,Props,DOUBLON_FORMAT,49000,7d01969c638b2019,,,,,
Fantasy.Props.MegaKit.Standard/Exports/OBJ/CandleStick_Stand.mtl,Fantasy.Props.MegaKit.Standard,Props,DOUBLON_CONTENU,573,e34e118e14c0f1ef,,,,,
Fantasy.Props.MegaKit.Standard/Exports/OBJ/CandleStick_Stand.obj,Fantasy.Props.MegaKit.Standard,Props,DOUBLON_FORMAT,449557,1df4736e17531b9c,,,,,
Fantasy.Props.MegaKit.Standard/Exports/OBJ/CandleStick_Triple.mtl,Fantasy.Props.MegaKit.Standard,Props,SOURCE_TECHNIQUE,566,395c2340cb931bea,,,,,
Fantasy.Props.MegaKit.Standard/Exports/OBJ/CandleStick_Triple.obj,Fantasy.Props.MegaKit.Standard,Props,DOUBLON_FORMAT,171725,c7373b58beb38db5,,,,,
Fantasy.Props.MegaKit.Standard/Exports/OBJ/Candle_1.mtl,Fantasy.Props.MegaKit.Standard,Props,SOURCE_TECHNIQUE,313,60ef278151027598,,,,,
Fantasy.Props.MegaKit.Standard/Exports/OBJ/Candle_1.obj,Fantasy.Props.MegaKit.Standard,Props,DOUBLON_FORMAT,13661,165e30adffdc4887,,,,,
Fantasy.Props.MegaKit.Standard/Exports/OBJ/Candle_2.mtl,Fantasy.Props.MegaKit.Standard,Props,DOUBLON_CONTENU,313,60ef278151027598,,,,,
Fantasy.Props.MegaKit.Standard/Exports/OBJ/Candle_2.obj,Fantasy.Props.MegaKit.Standard,Props,DOUBLON_FORMAT,13591,804491862ad1b0a2,,,,,
Fantasy.Props.MegaKit.Standard/Exports/OBJ/Carrot.mtl,Fantasy.Props.MegaKit.Standard,Props,DOUBLON_CONTENU,320,233ddd79ebb73315,,,,,
Fantasy.Props.MegaKit.Standard/Exports/OBJ/Carrot.obj,Fantasy.Props.MegaKit.Standard,Props,DOUBLON_FORMAT,43653,c8afb5dd5bddc146,,,,,
Fantasy.Props.MegaKit.Standard/Exports/OBJ/Cauldron.mtl,Fantasy.Props.MegaKit.Standard,Props,DOUBLON_CONTENU,313,aecd3c0cc9a62a1c,,,,,
Fantasy.Props.MegaKit.Standard/Exports/OBJ/Cauldron.obj,Fantasy.Props.MegaKit.Standard,Props,DOUBLON_FORMAT,141918,551ec682c62294a0,,,,,
Fantasy.Props.MegaKit.Standard/Exports/OBJ/Chain_Coil.mtl,Fantasy.Props.MegaKit.Standard,Props,DOUBLON_CONTENU,313,aecd3c0cc9a62a1c,,,,,
Fantasy.Props.MegaKit.Standard/Exports/OBJ/Chain_Coil.obj,Fantasy.Props.MegaKit.Standard,Props,DOUBLON_FORMAT,333533,97fd678e980a6781,,,,,
Fantasy.Props.MegaKit.Standard/Exports/OBJ/Chair_1.mtl,Fantasy.Props.MegaKit.Standard,Props,DOUBLON_CONTENU,578,67cae750c2c7a7fc,,,,,
Fantasy.Props.MegaKit.Standard/Exports/OBJ/Chair_1.obj,Fantasy.Props.MegaKit.Standard,Props,DOUBLON_FORMAT,40423,1154620b56007cf6,,,,,
Fantasy.Props.MegaKit.Standard/Exports/OBJ/Chalice.mtl,Fantasy.Props.MegaKit.Standard,Props,DOUBLON_CONTENU,313,aecd3c0cc9a62a1c,,,,,
Fantasy.Props.MegaKit.Standard/Exports/OBJ/Chalice.obj,Fantasy.Props.MegaKit.Standard,Props,DOUBLON_FORMAT,29909,2feab00713c14d38,,,,,
Fantasy.Props.MegaKit.Standard/Exports/OBJ/Chandelier.mtl,Fantasy.Props.MegaKit.Standard,Props,DOUBLON_CONTENU,838,8fba89aa3ee0716d,,,,,
Fantasy.Props.MegaKit.Standard/Exports/OBJ/Chandelier.obj,Fantasy.Props.MegaKit.Standard,Props,DOUBLON_FORMAT,440952,20375f59dcb82beb,,,,,
Fantasy.Props.MegaKit.Standard/Exports/OBJ/Chest_Legendary.mtl,Fantasy.Props.MegaKit.Standard,Props,SOURCE_TECHNIQUE,311,eba3411e741e9809,,,,,
Fantasy.Props.MegaKit.Standard/Exports/OBJ/Chest_Wood.obj,Fantasy.Props.MegaKit.Standard,Props,DOUBLON_FORMAT,168115,bcbc95810a938a4b,,,,,
Fantasy.Props.MegaKit.Standard/Exports/OBJ/Coin.mtl,Fantasy.Props.MegaKit.Standard,Props,SOURCE_TECHNIQUE,287,4c79e2285a7e463d,,,,,
Fantasy.Props.MegaKit.Standard/Exports/OBJ/Coin.obj,Fantasy.Props.MegaKit.Standard,Props,DOUBLON_FORMAT,19990,4df8b82495c5b061,,,,,
Fantasy.Props.MegaKit.Standard/Exports/OBJ/Coin_Pile.mtl,Fantasy.Props.MegaKit.Standard,Props,DOUBLON_CONTENU,287,4c79e2285a7e463d,,,,,
Fantasy.Props.MegaKit.Standard/Exports/OBJ/Coin_Pile.obj,Fantasy.Props.MegaKit.Standard,Props,DOUBLON_FORMAT,65100,50b98391792ca244,,,,,
Fantasy.Props.MegaKit.Standard/Exports/OBJ/Coin_Pile_2.mtl,Fantasy.Props.MegaKit.Standard,Props,DOUBLON_CONTENU,287,4c79e2285a7e463d,,,,,
Fantasy.Props.MegaKit.Standard/Exports/OBJ/Coin_Pile_2.obj,Fantasy.Props.MegaKit.Standard,Props,DOUBLON_FORMAT,74946,a892f1dae1b5dfa0,,,,,
Fantasy.Props.MegaKit.Standard/Exports/OBJ/Crate_Metal.mtl,Fantasy.Props.MegaKit.Standard,Props,DOUBLON_CONTENU,578,67cae750c2c7a7fc,,,,,
Fantasy.Props.MegaKit.Standard/Exports/OBJ/Crate_Metal.obj,Fantasy.Props.MegaKit.Standard,Props,DOUBLON_FORMAT,206440,a44affedb0bc0d03,,,,,
Fantasy.Props.MegaKit.Standard/Exports/OBJ/Crate_Wooden.mtl,Fantasy.Props.MegaKit.Standard,Props,DOUBLON_CONTENU,578,67cae750c2c7a7fc,,,,,
Fantasy.Props.MegaKit.Standard/Exports/OBJ/Crate_Wooden.obj,Fantasy.Props.MegaKit.Standard,Props,DOUBLON_FORMAT,111592,5452e2aa770f6bff,,,,,
Fantasy.Props.MegaKit.Standard/Exports/OBJ/Dummy.mtl,Fantasy.Props.MegaKit.Standard,Props,DOUBLON_CONTENU,832,c9ba0ef7b0102c3f,,,,,
Fantasy.Props.MegaKit.Standard/Exports/OBJ/Dummy.obj,Fantasy.Props.MegaKit.Standard,Props,DOUBLON_FORMAT,217183,37c9bf7a7316244a,,,,,
Fantasy.Props.MegaKit.Standard/Exports/OBJ/FarmCrate_Apple.mtl,Fantasy.Props.MegaKit.Standard,Props,DOUBLON_CONTENU,838,8fba89aa3ee0716d,,,,,
Fantasy.Props.MegaKit.Standard/Exports/OBJ/FarmCrate_Apple.obj,Fantasy.Props.MegaKit.Standard,Props,DOUBLON_FORMAT,276910,cab1c67391a55221,,,,,
Fantasy.Props.MegaKit.Standard/Exports/OBJ/FarmCrate_Carrot.mtl,Fantasy.Props.MegaKit.Standard,Props,DOUBLON_CONTENU,838,8fba89aa3ee0716d,,,,,
Fantasy.Props.MegaKit.Standard/Exports/OBJ/FarmCrate_Carrot.obj,Fantasy.Props.MegaKit.Standard,Props,DOUBLON_FORMAT,402688,172a1d8b78ba964f,,,,,
Fantasy.Props.MegaKit.Standard/Exports/OBJ/FarmCrate_Empty.mtl,Fantasy.Props.MegaKit.Standard,Props,DOUBLON_CONTENU,578,67cae750c2c7a7fc,,,,,
Fantasy.Props.MegaKit.Standard/Exports/OBJ/FarmCrate_Empty.obj,Fantasy.Props.MegaKit.Standard,Props,DOUBLON_FORMAT,132184,3b4073623936af19,,,,,
Fantasy.Props.MegaKit.Standard/Exports/OBJ/Key_Gold.mtl,Fantasy.Props.MegaKit.Standard,Props,DOUBLON_CONTENU,287,4c79e2285a7e463d,,,,,
Fantasy.Props.MegaKit.Standard/Exports/OBJ/Key_Gold.obj,Fantasy.Props.MegaKit.Standard,Props,DOUBLON_FORMAT,92285,1013528f94ffbb72,,,,,
Fantasy.Props.MegaKit.Standard/Exports/OBJ/Key_Metal.mtl,Fantasy.Props.MegaKit.Standard,Props,DOUBLON_CONTENU,313,aecd3c0cc9a62a1c,,,,,
Fantasy.Props.MegaKit.Standard/Exports/OBJ/Key_Metal.obj,Fantasy.Props.MegaKit.Standard,Props,DOUBLON_FORMAT,37117,e82483ee581effeb,,,,,
Fantasy.Props.MegaKit.Standard/Exports/OBJ/Lantern_Wall.mtl,Fantasy.Props.MegaKit.Standard,Props,DOUBLON_CONTENU,313,aecd3c0cc9a62a1c,,,,,
Fantasy.Props.MegaKit.Standard/Exports/OBJ/Lantern_Wall.obj,Fantasy.Props.MegaKit.Standard,Props,DOUBLON_FORMAT,221168,7acff034e0ad398f,,,,,
Fantasy.Props.MegaKit.Standard/Exports/OBJ/Mug.mtl,Fantasy.Props.MegaKit.Standard,Props,DOUBLON_CONTENU,578,67cae750c2c7a7fc,,,,,
Fantasy.Props.MegaKit.Standard/Exports/OBJ/Mug.obj,Fantasy.Props.MegaKit.Standard,Props,DOUBLON_FORMAT,22773,243d7fb9ebf4c769,,,,,
Fantasy.Props.MegaKit.Standard/Exports/OBJ/Nightstand_Shelf.mtl,Fantasy.Props.MegaKit.Standard,Props,DOUBLON_CONTENU,325,196971693ac14f26,,,,,
Fantasy.Props.MegaKit.Standard/Exports/OBJ/Nightstand_Shelf.obj,Fantasy.Props.MegaKit.Standard,Props,DOUBLON_FORMAT,22165,a7c3ece67e0dd787,,,,,
Fantasy.Props.MegaKit.Standard/Exports/OBJ/Peg_Rack.mtl,Fantasy.Props.MegaKit.Standard,Props,DOUBLON_CONTENU,578,67cae750c2c7a7fc,,,,,
Fantasy.Props.MegaKit.Standard/Exports/OBJ/Peg_Rack.obj,Fantasy.Props.MegaKit.Standard,Props,DOUBLON_FORMAT,50307,466d60ed0dfe5a3e,,,,,
Fantasy.Props.MegaKit.Standard/Exports/OBJ/Pickaxe_Bronze.mtl,Fantasy.Props.MegaKit.Standard,Props,DOUBLON_CONTENU,320,233ddd79ebb73315,,,,,
Fantasy.Props.MegaKit.Standard/Exports/OBJ/Pickaxe_Bronze.obj,Fantasy.Props.MegaKit.Standard,Props,DOUBLON_FORMAT,54507,0cd098d269077e5a,,,,,
Fantasy.Props.MegaKit.Standard/Exports/OBJ/Pot_1.mtl,Fantasy.Props.MegaKit.Standard,Props,DOUBLON_CONTENU,313,aecd3c0cc9a62a1c,,,,,
Fantasy.Props.MegaKit.Standard/Exports/OBJ/Pot_1.obj,Fantasy.Props.MegaKit.Standard,Props,DOUBLON_FORMAT,72662,e60b957443e2bd25,,,,,
Fantasy.Props.MegaKit.Standard/Exports/OBJ/Pot_1_Lid.mtl,Fantasy.Props.MegaKit.Standard,Props,DOUBLON_CONTENU,313,aecd3c0cc9a62a1c,,,,,
Fantasy.Props.MegaKit.Standard/Exports/OBJ/Pot_1_Lid.obj,Fantasy.Props.MegaKit.Standard,Props,DOUBLON_FORMAT,88617,825402b4b2a93638,,,,,
Fantasy.Props.MegaKit.Standard/Exports/OBJ/Potion_1.mtl,Fantasy.Props.MegaKit.Standard,Props,DOUBLON_CONTENU,320,233ddd79ebb73315,,,,,
Fantasy.Props.MegaKit.Standard/Exports/OBJ/Potion_1.obj,Fantasy.Props.MegaKit.Standard,Props,DOUBLON_FORMAT,29767,7af11d54d104d3cf,,,,,
Fantasy.Props.MegaKit.Standard/Exports/OBJ/Potion_2.mtl,Fantasy.Props.MegaKit.Standard,Props,DOUBLON_CONTENU,320,233ddd79ebb73315,,,,,
Fantasy.Props.MegaKit.Standard/Exports/OBJ/Potion_2.obj,Fantasy.Props.MegaKit.Standard,Props,DOUBLON_FORMAT,32228,9fa5e54d7a617b17,,,,,
Fantasy.Props.MegaKit.Standard/Exports/OBJ/Potion_4.mtl,Fantasy.Props.MegaKit.Standard,Props,DOUBLON_CONTENU,320,233ddd79ebb73315,,,,,
Fantasy.Props.MegaKit.Standard/Exports/OBJ/Potion_4.obj,Fantasy.Props.MegaKit.Standard,Props,DOUBLON_FORMAT,37425,f4c8e08054309390,,,,,
Fantasy.Props.MegaKit.Standard/Exports/OBJ/Pouch_Large.mtl,Fantasy.Props.MegaKit.Standard,Props,DOUBLON_CONTENU,573,e34e118e14c0f1ef,,,,,
Fantasy.Props.MegaKit.Standard/Exports/OBJ/Pouch_Large.obj,Fantasy.Props.MegaKit.Standard,Props,DOUBLON_FORMAT,48891,02b8bfb614af9113,,,,,
Fantasy.Props.MegaKit.Standard/Exports/OBJ/Rope_1.mtl,Fantasy.Props.MegaKit.Standard,Props,DOUBLON_CONTENU,325,196971693ac14f26,,,,,
Fantasy.Props.MegaKit.Standard/Exports/OBJ/Rope_1.obj,Fantasy.Props.MegaKit.Standard,Props,DOUBLON_FORMAT,112197,d00896434e09b4d9,,,,,
Fantasy.Props.MegaKit.Standard/Exports/OBJ/Rope_2.mtl,Fantasy.Props.MegaKit.Standard,Props,DOUBLON_CONTENU,325,196971693ac14f26,,,,,
Fantasy.Props.MegaKit.Standard/Exports/OBJ/Rope_2.obj,Fantasy.Props.MegaKit.Standard,Props,DOUBLON_FORMAT,93254,0d07308064a18bc8,,,,,
Fantasy.Props.MegaKit.Standard/Exports/OBJ/Rope_3.mtl,Fantasy.Props.MegaKit.Standard,Props,DOUBLON_CONTENU,325,196971693ac14f26,,,,,
Fantasy.Props.MegaKit.Standard/Exports/OBJ/Rope_3.obj,Fantasy.Props.MegaKit.Standard,Props,DOUBLON_FORMAT,112445,c3df5eed5e06703d,,,,,
Fantasy.Props.MegaKit.Standard/Exports/OBJ/Scroll_1.mtl,Fantasy.Props.MegaKit.Standard,Props,SOURCE_TECHNIQUE,507,5fef141b4e0f0862,,,,,
Fantasy.Props.MegaKit.Standard/Exports/OBJ/Scroll_1.obj,Fantasy.Props.MegaKit.Standard,Props,DOUBLON_FORMAT,34471,c8165a9f6ae3763d,,,,,
Fantasy.Props.MegaKit.Standard/Exports/OBJ/Scroll_2.mtl,Fantasy.Props.MegaKit.Standard,Props,DOUBLON_CONTENU,507,5fef141b4e0f0862,,,,,
Fantasy.Props.MegaKit.Standard/Exports/OBJ/Scroll_2.obj,Fantasy.Props.MegaKit.Standard,Props,DOUBLON_FORMAT,44431,f1dba7752d00b796,,,,,
Fantasy.Props.MegaKit.Standard/Exports/OBJ/Shelf_Arch.mtl,Fantasy.Props.MegaKit.Standard,Props,DOUBLON_CONTENU,578,67cae750c2c7a7fc,,,,,
Fantasy.Props.MegaKit.Standard/Exports/OBJ/Shelf_Arch.obj,Fantasy.Props.MegaKit.Standard,Props,DOUBLON_FORMAT,87518,9fd144bacd89c985,,,,,
Fantasy.Props.MegaKit.Standard/Exports/OBJ/Shelf_Simple.mtl,Fantasy.Props.MegaKit.Standard,Props,DOUBLON_CONTENU,325,196971693ac14f26,,,,,
Fantasy.Props.MegaKit.Standard/Exports/OBJ/Shelf_Simple.obj,Fantasy.Props.MegaKit.Standard,Props,DOUBLON_FORMAT,33937,cd53335930e3219c,,,,,
Fantasy.Props.MegaKit.Standard/Exports/OBJ/Shelf_Small_Bottles.mtl,Fantasy.Props.MegaKit.Standard,Props,DOUBLON_CONTENU,838,8fba89aa3ee0716d,,,,,
Fantasy.Props.MegaKit.Standard/Exports/OBJ/Shelf_Small_Bottles.obj,Fantasy.Props.MegaKit.Standard,Props,DOUBLON_FORMAT,361973,c0cd8990303562b7,,,,,
Fantasy.Props.MegaKit.Standard/Exports/OBJ/Shield_Wooden.mtl,Fantasy.Props.MegaKit.Standard,Props,SOURCE_TECHNIQUE,805,b02d205fc47af7b2,,,,,
Fantasy.Props.MegaKit.Standard/Exports/OBJ/Shield_Wooden.obj,Fantasy.Props.MegaKit.Standard,Props,DOUBLON_FORMAT,101508,0160a20da6aea615,,,,,
Fantasy.Props.MegaKit.Standard/Exports/OBJ/SmallBottle.mtl,Fantasy.Props.MegaKit.Standard,Props,DOUBLON_CONTENU,320,233ddd79ebb73315,,,,,
Fantasy.Props.MegaKit.Standard/Exports/OBJ/SmallBottle.obj,Fantasy.Props.MegaKit.Standard,Props,DOUBLON_FORMAT,9494,da8cec43bbec774f,,,,,
Fantasy.Props.MegaKit.Standard/Exports/OBJ/SmallBottles_1.mtl,Fantasy.Props.MegaKit.Standard,Props,DOUBLON_CONTENU,320,233ddd79ebb73315,,,,,
Fantasy.Props.MegaKit.Standard/Exports/OBJ/SmallBottles_1.obj,Fantasy.Props.MegaKit.Standard,Props,DOUBLON_FORMAT,35542,cdd9368bd5a7f509,,,,,
Fantasy.Props.MegaKit.Standard/Exports/OBJ/Stall_Cart_Empty.mtl,Fantasy.Props.MegaKit.Standard,Props,DOUBLON_CONTENU,828,141aa149d410f37a,,,,,
Fantasy.Props.MegaKit.Standard/Exports/OBJ/Stall_Cart_Empty.obj,Fantasy.Props.MegaKit.Standard,Props,DOUBLON_FORMAT,291655,c9ceb94ed2af1824,,,,,
Fantasy.Props.MegaKit.Standard/Exports/OBJ/Stall_Empty.mtl,Fantasy.Props.MegaKit.Standard,Props,DOUBLON_CONTENU,828,141aa149d410f37a,,,,,
Fantasy.Props.MegaKit.Standard/Exports/OBJ/Stall_Empty.obj,Fantasy.Props.MegaKit.Standard,Props,DOUBLON_FORMAT,112533,453023ed3fa155f2,,,,,
Fantasy.Props.MegaKit.Standard/Exports/OBJ/Stool.mtl,Fantasy.Props.MegaKit.Standard,Props,DOUBLON_CONTENU,325,196971693ac14f26,,,,,
Fantasy.Props.MegaKit.Standard/Exports/OBJ/Stool.obj,Fantasy.Props.MegaKit.Standard,Props,DOUBLON_FORMAT,13676,d12f9114d293b24a,,,,,
Fantasy.Props.MegaKit.Standard/Exports/OBJ/Sword_Bronze.mtl,Fantasy.Props.MegaKit.Standard,Props,DOUBLON_CONTENU,320,233ddd79ebb73315,,,,,
Fantasy.Props.MegaKit.Standard/Exports/OBJ/Sword_Bronze.obj,Fantasy.Props.MegaKit.Standard,Props,DOUBLON_FORMAT,131109,4d5aa9e2242f2445,,,,,
Fantasy.Props.MegaKit.Standard/Exports/OBJ/T_Page_Noise.png,Fantasy.Props.MegaKit.Standard,Props,DOUBLON_CONTENU,7486734,4d4069a8d588dab3,,,,,
Fantasy.Props.MegaKit.Standard/Exports/OBJ/T_Trim_Cloth_BaseColor.png,Fantasy.Props.MegaKit.Standard,Props,DOUBLON_CONTENU,1936754,c4d0e14506e05cc5,,,,,
Fantasy.Props.MegaKit.Standard/Exports/OBJ/T_Trim_Cloth_Normal.png,Fantasy.Props.MegaKit.Standard,Props,DOUBLON_CONTENU,3920858,e91a490f94bc0070,,,,,
Fantasy.Props.MegaKit.Standard/Exports/OBJ/T_Trim_Cloth_ORM.png,Fantasy.Props.MegaKit.Standard,Props,DOUBLON_CONTENU,623426,9bdaa0d1be8c393b,,,,,
Fantasy.Props.MegaKit.Standard/Exports/OBJ/T_Trim_Furniture_BaseColor.png,Fantasy.Props.MegaKit.Standard,Props,DOUBLON_CONTENU,2232961,075fbc9ec2fabc15,,,,,
Fantasy.Props.MegaKit.Standard/Exports/OBJ/T_Trim_Furniture_Normal.png,Fantasy.Props.MegaKit.Standard,Props,DOUBLON_CONTENU,3485710,3340c4cc47ff06d5,,,,,
Fantasy.Props.MegaKit.Standard/Exports/OBJ/T_Trim_Furniture_ORM.png,Fantasy.Props.MegaKit.Standard,Props,DOUBLON_CONTENU,2064585,7bf417e82baf3137,,,,,
Fantasy.Props.MegaKit.Standard/Exports/OBJ/T_Trim_Metal_BaseColor.png,Fantasy.Props.MegaKit.Standard,Props,DOUBLON_CONTENU,1361221,50422bbda9661eff,,,,,
Fantasy.Props.MegaKit.Standard/Exports/OBJ/T_Trim_Metal_Normal.png,Fantasy.Props.MegaKit.Standard,Props,DOUBLON_CONTENU,3625541,ab7315c864c9a9e6,,,,,
Fantasy.Props.MegaKit.Standard/Exports/OBJ/T_Trim_Metal_ORM.png,Fantasy.Props.MegaKit.Standard,Props,DOUBLON_CONTENU,1871475,7407bccfc39ca74e,,,,,
Fantasy.Props.MegaKit.Standard/Exports/OBJ/T_Trim_Props_BaseColor.png,Fantasy.Props.MegaKit.Standard,Props,DOUBLON_CONTENU,2263132,75225a4ccfd8cc35,,,,,
Fantasy.Props.MegaKit.Standard/Exports/OBJ/T_Trim_Props_Normal.png,Fantasy.Props.MegaKit.Standard,Props,DOUBLON_CONTENU,4441458,c4b28a8ba8efe310,,,,,
Fantasy.Props.MegaKit.Standard/Exports/OBJ/T_Trim_Props_ORM.png,Fantasy.Props.MegaKit.Standard,Props,DOUBLON_CONTENU,3017151,2d83d8df79aca2c8,,,,,
Fantasy.Props.MegaKit.Standard/Exports/OBJ/Table_Fork.mtl,Fantasy.Props.MegaKit.Standard,Props,DOUBLON_CONTENU,313,aecd3c0cc9a62a1c,,,,,
Fantasy.Props.MegaKit.Standard/Exports/OBJ/Table_Fork.obj,Fantasy.Props.MegaKit.Standard,Props,DOUBLON_FORMAT,7068,66def67d4406bbc3,,,,,
Fantasy.Props.MegaKit.Standard/Exports/OBJ/Table_Knife.mtl,Fantasy.Props.MegaKit.Standard,Props,DOUBLON_CONTENU,313,aecd3c0cc9a62a1c,,,,,
Fantasy.Props.MegaKit.Standard/Exports/OBJ/Table_Knife.obj,Fantasy.Props.MegaKit.Standard,Props,DOUBLON_FORMAT,3839,5d9b166e16ca54b3,,,,,
Fantasy.Props.MegaKit.Standard/Exports/OBJ/Table_Large.mtl,Fantasy.Props.MegaKit.Standard,Props,DOUBLON_CONTENU,578,67cae750c2c7a7fc,,,,,
Fantasy.Props.MegaKit.Standard/Exports/OBJ/Table_Large.obj,Fantasy.Props.MegaKit.Standard,Props,DOUBLON_FORMAT,70134,55cab222b49f8ea4,,,,,
Fantasy.Props.MegaKit.Standard/Exports/OBJ/Table_Plate.mtl,Fantasy.Props.MegaKit.Standard,Props,DOUBLON_CONTENU,313,aecd3c0cc9a62a1c,,,,,
Fantasy.Props.MegaKit.Standard/Exports/OBJ/Table_Plate.obj,Fantasy.Props.MegaKit.Standard,Props,DOUBLON_FORMAT,10915,959d56bf768a9590,,,,,
Fantasy.Props.MegaKit.Standard/Exports/OBJ/Table_Spoon.mtl,Fantasy.Props.MegaKit.Standard,Props,DOUBLON_CONTENU,313,aecd3c0cc9a62a1c,,,,,
Fantasy.Props.MegaKit.Standard/Exports/OBJ/Table_Spoon.obj,Fantasy.Props.MegaKit.Standard,Props,DOUBLON_FORMAT,9883,1c246741b1d25001,,,,,
Fantasy.Props.MegaKit.Standard/Exports/OBJ/Torch_Metal.mtl,Fantasy.Props.MegaKit.Standard,Props,DOUBLON_CONTENU,313,aecd3c0cc9a62a1c,,,,,
Fantasy.Props.MegaKit.Standard/Exports/OBJ/Torch_Metal.obj,Fantasy.Props.MegaKit.Standard,Props,DOUBLON_FORMAT,77653,6723fcce073f066c,,,,,
Fantasy.Props.MegaKit.Standard/Exports/OBJ/Vase_2.mtl,Fantasy.Props.MegaKit.Standard,Props,DOUBLON_CONTENU,320,233ddd79ebb73315,,,,,
Fantasy.Props.MegaKit.Standard/Exports/OBJ/Vase_2.obj,Fantasy.Props.MegaKit.Standard,Props,DOUBLON_FORMAT,39921,78411cd3d955cf1c,,,,,
Fantasy.Props.MegaKit.Standard/Exports/OBJ/Vase_4.mtl,Fantasy.Props.MegaKit.Standard,Props,DOUBLON_CONTENU,320,233ddd79ebb73315,,,,,
Fantasy.Props.MegaKit.Standard/Exports/OBJ/Vase_4.obj,Fantasy.Props.MegaKit.Standard,Props,DOUBLON_FORMAT,39399,e482e6ed896db06d,,,,,
Fantasy.Props.MegaKit.Standard/Exports/OBJ/Vase_Rubble_Medium.mtl,Fantasy.Props.MegaKit.Standard,Props,DOUBLON_CONTENU,320,233ddd79ebb73315,,,,,
Fantasy.Props.MegaKit.Standard/Exports/OBJ/Vase_Rubble_Medium.obj,Fantasy.Props.MegaKit.Standard,Props,DOUBLON_FORMAT,107992,f445de2b09ba3198,,,,,
Fantasy.Props.MegaKit.Standard/Exports/OBJ/WeaponStand.mtl,Fantasy.Props.MegaKit.Standard,Props,DOUBLON_CONTENU,578,67cae750c2c7a7fc,,,,,
Fantasy.Props.MegaKit.Standard/Exports/OBJ/WeaponStand.obj,Fantasy.Props.MegaKit.Standard,Props,DOUBLON_FORMAT,149155,d4198d9cb0a58b28,,,,,
Fantasy.Props.MegaKit.Standard/Exports/OBJ/Whetstone.mtl,Fantasy.Props.MegaKit.Standard,Props,DOUBLON_CONTENU,838,8fba89aa3ee0716d,,,,,
Fantasy.Props.MegaKit.Standard/Exports/OBJ/Whetstone.obj,Fantasy.Props.MegaKit.Standard,Props,DOUBLON_FORMAT,78596,480adfe010eb3c98,,,,,
Fantasy.Props.MegaKit.Standard/Exports/OBJ/Workbench.mtl,Fantasy.Props.MegaKit.Standard,Props,DOUBLON_CONTENU,578,67cae750c2c7a7fc,,,,,
Fantasy.Props.MegaKit.Standard/Exports/OBJ/Workbench.obj,Fantasy.Props.MegaKit.Standard,Props,DOUBLON_FORMAT,99793,e1b9edabb95e1085,,,,,
Fantasy.Props.MegaKit.Standard/Exports/OBJ/Workbench_Drawers.mtl,Fantasy.Props.MegaKit.Standard,Props,DOUBLON_CONTENU,578,67cae750c2c7a7fc,,,,,
Fantasy.Props.MegaKit.Standard/Exports/OBJ/Workbench_Drawers.obj,Fantasy.Props.MegaKit.Standard,Props,DOUBLON_FORMAT,23953,a7c74369e969501a,,,,,
Universal.Base.Characters.Standard/Universal Base Characters[Standard]/License_Standard.txt,Universal.Base.Characters.Standard,Personnages,SOURCE_TECHNIQUE,806,0f4beaf0fe360a77,,,,,
Universal.Base.Characters.Standard/Universal Base Characters[Standard]/Preview.png,Universal.Base.Characters.Standard,Personnages,GALERIE,2109533,84933b9356eb6998,,,,,
Universal.Base.Characters.Standard/Universal Base Characters[Standard]/Base Characters/Unreal-Engine-README.txt,Universal.Base.Characters.Standard,Personnages,SOURCE_TECHNIQUE,289,b2e4b0fc7ab3c619,,,,,
Universal.Base.Characters.Standard/Universal Base Characters[Standard]/Base Characters/Textures/T_Eye_Brown.png,Universal.Base.Characters.Standard,Personnages,GALERIE,35958,d08e3356a83211bc,,,,,
Universal.Base.Characters.Standard/Universal Base Characters[Standard]/Base Characters/Textures/T_Eye_Normal.png,Universal.Base.Characters.Standard,Personnages,GALERIE,15097,a74aa37050f26fe3,,,,,
Universal.Base.Characters.Standard/Universal Base Characters[Standard]/Base Characters/Textures/T_Hair_1_BaseColor.png,Universal.Base.Characters.Standard,Coiffures,GALERIE,1570376,bc7aa863bd22ab0a,,,,,
Universal.Base.Characters.Standard/Universal Base Characters[Standard]/Base Characters/Textures/T_Hair_1_Normal.png,Universal.Base.Characters.Standard,Coiffures,GALERIE,3770683,fd4530bb696a083a,,,,,
Universal.Base.Characters.Standard/Universal Base Characters[Standard]/Base Characters/Textures/T_Hair_2_BaseColor.png,Universal.Base.Characters.Standard,Coiffures,GALERIE,1729467,f9f4f2fb3eeeefb0,,,,,
Universal.Base.Characters.Standard/Universal Base Characters[Standard]/Base Characters/Textures/T_Hair_2_Normal.png,Universal.Base.Characters.Standard,Coiffures,GALERIE,4109628,214dff8981ab8731,,,,,
Universal.Base.Characters.Standard/Universal Base Characters[Standard]/Base Characters/Textures/T_Superhero_Female_Dark_BaseColor.png,Universal.Base.Characters.Standard,Personnages,GALERIE,1319410,d366843ee7d9e9f3,,,,,
Universal.Base.Characters.Standard/Universal Base Characters[Standard]/Base Characters/Textures/T_Superhero_Female_Light_BaseColor.png,Universal.Base.Characters.Standard,Personnages,GALERIE,1317541,743f811857db0b95,,,,,
Universal.Base.Characters.Standard/Universal Base Characters[Standard]/Base Characters/Textures/T_Superhero_Female_Normal.png,Universal.Base.Characters.Standard,Personnages,GALERIE,3420584,3b90600cbd90d1e8,,,,,
Universal.Base.Characters.Standard/Universal Base Characters[Standard]/Base Characters/Textures/T_Superhero_Female_Roughness.png,Universal.Base.Characters.Standard,Personnages,GALERIE,1997719,4e00eb2d8196ceba,,,,,
Universal.Base.Characters.Standard/Universal Base Characters[Standard]/Base Characters/Textures/T_Superhero_Male_Dark.png,Universal.Base.Characters.Standard,Personnages,GALERIE,1384380,df680cbc1967a61e,,,,,
Universal.Base.Characters.Standard/Universal Base Characters[Standard]/Base Characters/Textures/T_Superhero_Male_Ligh.png,Universal.Base.Characters.Standard,Personnages,GALERIE,1389170,419f96dbb8811511,,,,,
Universal.Base.Characters.Standard/Universal Base Characters[Standard]/Base Characters/Textures/T_Superhero_Male_Normal.png,Universal.Base.Characters.Standard,Personnages,GALERIE,3687166,3645858289beb516,,,,,
Universal.Base.Characters.Standard/Universal Base Characters[Standard]/Base Characters/Textures/T_Superhero_Male_Roughness.png,Universal.Base.Characters.Standard,Personnages,GALERIE,1912686,5079fd95603bdd34,,,,,
Universal.Base.Characters.Standard/Universal Base Characters[Standard]/Base Characters/Textures/Normals Unity - Godot/T_Eye_Normal.png,Universal.Base.Characters.Standard,Personnages,GALERIE,15099,9ed61f7726a54fe3,,,,,
Universal.Base.Characters.Standard/Universal Base Characters[Standard]/Base Characters/Textures/Normals Unity - Godot/T_Hair_1_Normal.png,Universal.Base.Characters.Standard,Coiffures,GALERIE,4326126,57fd0ad8c96a4d01,,,,,
Universal.Base.Characters.Standard/Universal Base Characters[Standard]/Base Characters/Textures/Normals Unity - Godot/T_Hair_2_Normal.png,Universal.Base.Characters.Standard,Coiffures,GALERIE,4710013,172f230aae0d4366,,,,,
Universal.Base.Characters.Standard/Universal Base Characters[Standard]/Base Characters/Textures/Normals Unity - Godot/T_Superhero_Female_Normal.png,Universal.Base.Characters.Standard,Personnages,GALERIE,3940537,cf922460b43ccd31,,,,,
Universal.Base.Characters.Standard/Universal Base Characters[Standard]/Base Characters/Textures/Normals Unity - Godot/T_Superhero_Male_Normal.png,Universal.Base.Characters.Standard,Personnages,GALERIE,4252937,9b25cf9200216eb7,,,,,
Universal.Base.Characters.Standard/Universal Base Characters[Standard]/Base Characters/Godot - UE/Superhero_Female_FullBody.bin,Universal.Base.Characters.Standard,Personnages,SOURCE_TECHNIQUE,990808,3a8220a485b33d05,,,,,
Universal.Base.Characters.Standard/Universal Base Characters[Standard]/Base Characters/Godot - UE/Superhero_Female_FullBody.gltf,Universal.Base.Characters.Standard,Personnages,À_ADAPTER,31656,adedf28000a0716f,15060,65,0,60,personnages
Universal.Base.Characters.Standard/Universal Base Characters[Standard]/Base Characters/Godot - UE/Superhero_Male_FullBody.bin,Universal.Base.Characters.Standard,Personnages,SOURCE_TECHNIQUE,720076,459003f9745853ae,,,,,
Universal.Base.Characters.Standard/Universal Base Characters[Standard]/Base Characters/Godot - UE/Superhero_Male_FullBody.gltf,Universal.Base.Characters.Standard,Personnages,À_ADAPTER,30989,e7fcea214ecf8855,14318,65,0,60,personnages
Universal.Base.Characters.Standard/Universal Base Characters[Standard]/Base Characters/Godot - UE/T_Eye_Brown.png,Universal.Base.Characters.Standard,Personnages,DOUBLON_CONTENU,35958,d08e3356a83211bc,,,,,
Universal.Base.Characters.Standard/Universal Base Characters[Standard]/Base Characters/Godot - UE/T_Eye_Normal.png,Universal.Base.Characters.Standard,Personnages,DOUBLON_CONTENU,15099,9ed61f7726a54fe3,,,,,
Universal.Base.Characters.Standard/Universal Base Characters[Standard]/Base Characters/Godot - UE/T_Hair_1_BaseColor.png,Universal.Base.Characters.Standard,Coiffures,DOUBLON_CONTENU,1570376,bc7aa863bd22ab0a,,,,,
Universal.Base.Characters.Standard/Universal Base Characters[Standard]/Base Characters/Godot - UE/T_Hair_1_BaseColor_png.png,Universal.Base.Characters.Standard,Coiffures,DOUBLON_CONTENU,1570376,bc7aa863bd22ab0a,,,,,
Universal.Base.Characters.Standard/Universal Base Characters[Standard]/Base Characters/Godot - UE/T_Hair_1_Normal.png,Universal.Base.Characters.Standard,Coiffures,DOUBLON_CONTENU,4326126,57fd0ad8c96a4d01,,,,,
Universal.Base.Characters.Standard/Universal Base Characters[Standard]/Base Characters/Godot - UE/T_Hair_2_BaseColor.png,Universal.Base.Characters.Standard,Coiffures,DOUBLON_CONTENU,1729467,f9f4f2fb3eeeefb0,,,,,
Universal.Base.Characters.Standard/Universal Base Characters[Standard]/Base Characters/Godot - UE/T_Hair_2_BaseColor_png.png,Universal.Base.Characters.Standard,Coiffures,DOUBLON_CONTENU,1729467,f9f4f2fb3eeeefb0,,,,,
Universal.Base.Characters.Standard/Universal Base Characters[Standard]/Base Characters/Godot - UE/T_Hair_2_Normal.png,Universal.Base.Characters.Standard,Coiffures,DOUBLON_CONTENU,4710013,172f230aae0d4366,,,,,
Universal.Base.Characters.Standard/Universal Base Characters[Standard]/Base Characters/Godot - UE/T_Superhero_Female_Dark_BaseColor.png,Universal.Base.Characters.Standard,Personnages,DOUBLON_CONTENU,1319410,d366843ee7d9e9f3,,,,,
Universal.Base.Characters.Standard/Universal Base Characters[Standard]/Base Characters/Godot - UE/T_Superhero_Female_Normal.png,Universal.Base.Characters.Standard,Personnages,DOUBLON_CONTENU,3940537,cf922460b43ccd31,,,,,
Universal.Base.Characters.Standard/Universal Base Characters[Standard]/Base Characters/Godot - UE/T_Superhero_Female_Roughness.png,Universal.Base.Characters.Standard,Personnages,GALERIE,3277022,d2beabf2bd0313e3,,,,,
Universal.Base.Characters.Standard/Universal Base Characters[Standard]/Base Characters/Godot - UE/T_Superhero_Male_Dark.png,Universal.Base.Characters.Standard,Personnages,DOUBLON_CONTENU,1384380,df680cbc1967a61e,,,,,
Universal.Base.Characters.Standard/Universal Base Characters[Standard]/Base Characters/Godot - UE/T_Superhero_Male_Normal.png,Universal.Base.Characters.Standard,Personnages,DOUBLON_CONTENU,4252937,9b25cf9200216eb7,,,,,
Universal.Base.Characters.Standard/Universal Base Characters[Standard]/Base Characters/Godot - UE/T_Superhero_Male_Roughness.png,Universal.Base.Characters.Standard,Personnages,GALERIE,3152049,c70dabf48574cda5,,,,,
Universal.Base.Characters.Standard/Universal Base Characters[Standard]/Base Characters/Unity/Superhero_Female_FullBody.fbx,Universal.Base.Characters.Standard,Personnages,DOUBLON_FORMAT,1006508,0727e7b236eeea41,,,,,
Universal.Base.Characters.Standard/Universal Base Characters[Standard]/Base Characters/Unity/Superhero_Male_FullBody.fbx,Universal.Base.Characters.Standard,Personnages,DOUBLON_FORMAT,826876,79344418d754a597,,,,,
Universal.Base.Characters.Standard/Universal Base Characters[Standard]/Hairstyles/Textures/T_Hair_1_BaseColor.png,Universal.Base.Characters.Standard,Coiffures,DOUBLON_CONTENU,1570376,bc7aa863bd22ab0a,,,,,
Universal.Base.Characters.Standard/Universal Base Characters[Standard]/Hairstyles/Textures/T_Hair_1_Normal.png,Universal.Base.Characters.Standard,Coiffures,DOUBLON_CONTENU,3770683,fd4530bb696a083a,,,,,
Universal.Base.Characters.Standard/Universal Base Characters[Standard]/Hairstyles/Textures/T_Hair_2_BaseColor.png,Universal.Base.Characters.Standard,Coiffures,DOUBLON_CONTENU,1729467,f9f4f2fb3eeeefb0,,,,,
Universal.Base.Characters.Standard/Universal Base Characters[Standard]/Hairstyles/Textures/T_Hair_2_Normal.png,Universal.Base.Characters.Standard,Coiffures,DOUBLON_CONTENU,4109628,214dff8981ab8731,,,,,
Universal.Base.Characters.Standard/Universal Base Characters[Standard]/Hairstyles/Textures/Normals Unity - Godot/T_Hair_1_Normal.png,Universal.Base.Characters.Standard,Coiffures,DOUBLON_CONTENU,4326126,57fd0ad8c96a4d01,,,,,
Universal.Base.Characters.Standard/Universal Base Characters[Standard]/Hairstyles/Textures/Normals Unity - Godot/T_Hair_2_Normal.png,Universal.Base.Characters.Standard,Coiffures,DOUBLON_CONTENU,4710013,172f230aae0d4366,,,,,
Universal.Base.Characters.Standard/Universal Base Characters[Standard]/Hairstyles/Origin at 0/FBX (Unity)/Eyebrows_Female.fbx,Universal.Base.Characters.Standard,Coiffures,DOUBLON_FORMAT,73596,fccb1043cfa5fd3c,,,,,
Universal.Base.Characters.Standard/Universal Base Characters[Standard]/Hairstyles/Origin at 0/FBX (Unity)/Eyebrows_Regular.fbx,Universal.Base.Characters.Standard,Coiffures,DOUBLON_FORMAT,47132,52da1303f33042b3,,,,,
Universal.Base.Characters.Standard/Universal Base Characters[Standard]/Hairstyles/Origin at 0/FBX (Unity)/Hair_Beard.fbx,Universal.Base.Characters.Standard,Coiffures,DOUBLON_FORMAT,48444,675541ea0dfc95fe,,,,,
Universal.Base.Characters.Standard/Universal Base Characters[Standard]/Hairstyles/Origin at 0/FBX (Unity)/Hair_Buns.fbx,Universal.Base.Characters.Standard,Coiffures,DOUBLON_FORMAT,135388,e0dc086cfc9c20ef,,,,,
Universal.Base.Characters.Standard/Universal Base Characters[Standard]/Hairstyles/Origin at 0/FBX (Unity)/Hair_Buzzed.fbx,Universal.Base.Characters.Standard,Coiffures,DOUBLON_FORMAT,45036,45cfb65bedb69845,,,,,
Universal.Base.Characters.Standard/Universal Base Characters[Standard]/Hairstyles/Origin at 0/FBX (Unity)/Hair_BuzzedFemale.fbx,Universal.Base.Characters.Standard,Coiffures,DOUBLON_FORMAT,43004,5b226ec4d3f5e779,,,,,
Universal.Base.Characters.Standard/Universal Base Characters[Standard]/Hairstyles/Origin at 0/FBX (Unity)/Hair_Long.fbx,Universal.Base.Characters.Standard,Coiffures,DOUBLON_FORMAT,125036,d2547c3e508ee7c0,,,,,
Universal.Base.Characters.Standard/Universal Base Characters[Standard]/Hairstyles/Origin at 0/FBX (Unity)/Hair_SimpleParted.fbx,Universal.Base.Characters.Standard,Coiffures,DOUBLON_FORMAT,62668,7612975d40a7520f,,,,,
Universal.Base.Characters.Standard/Universal Base Characters[Standard]/Hairstyles/Origin at 0/glTF (Godot)/Eyebrows_Female.bin,Universal.Base.Characters.Standard,Coiffures,SOURCE_TECHNIQUE,67248,f2efdf2b9d441376,,,,,
Universal.Base.Characters.Standard/Universal Base Characters[Standard]/Hairstyles/Origin at 0/glTF (Godot)/Eyebrows_Female.gltf,Universal.Base.Characters.Standard,Coiffures,À_ADAPTER,2855,9d24b43ac63197c3,1480,0,0,47,
Universal.Base.Characters.Standard/Universal Base Characters[Standard]/Hairstyles/Origin at 0/glTF (Godot)/Eyebrows_Regular.bin,Universal.Base.Characters.Standard,Coiffures,SOURCE_TECHNIQUE,26576,434c62e704037b5d,,,,,
Universal.Base.Characters.Standard/Universal Base Characters[Standard]/Hairstyles/Origin at 0/glTF (Godot)/Eyebrows_Regular.gltf,Universal.Base.Characters.Standard,Coiffures,À_ADAPTER,2018,a91059d18fad4bd3,984,0,0,53,
Universal.Base.Characters.Standard/Universal Base Characters[Standard]/Hairstyles/Origin at 0/glTF (Godot)/Hair_Beard.bin,Universal.Base.Characters.Standard,Coiffures,SOURCE_TECHNIQUE,25276,781cf9b719d75a9f,,,,,
Universal.Base.Characters.Standard/Universal Base Characters[Standard]/Hairstyles/Origin at 0/glTF (Godot)/Hair_Beard.gltf,Universal.Base.Characters.Standard,Coiffures,À_ADAPTER,2005,c91ef54606aad25a,1034,0,0,47,
Universal.Base.Characters.Standard/Universal Base Characters[Standard]/Hairstyles/Origin at 0/glTF (Godot)/Hair_Buns.bin,Universal.Base.Characters.Standard,Coiffures,SOURCE_TECHNIQUE,131768,4f6d4c0102012784,,,,,
Universal.Base.Characters.Standard/Universal Base Characters[Standard]/Hairstyles/Origin at 0/glTF (Godot)/Hair_Buns.gltf,Universal.Base.Characters.Standard,Coiffures,À_ADAPTER,2243,2bb3593575e21c9a,3284,0,0,53,
Universal.Base.Characters.Standard/Universal Base Characters[Standard]/Hairstyles/Origin at 0/glTF (Godot)/Hair_Buzzed.bin,Universal.Base.Characters.Standard,Coiffures,SOURCE_TECHNIQUE,19892,89992fc7a5319df6,,,,,
Universal.Base.Characters.Standard/Universal Base Characters[Standard]/Hairstyles/Origin at 0/glTF (Godot)/Hair_Buzzed.gltf,Universal.Base.Characters.Standard,Coiffures,À_ADAPTER,2006,43752a4c8f2464eb,830,0,0,47,
Universal.Base.Characters.Standard/Universal Base Characters[Standard]/Hairstyles/Origin at 0/glTF (Godot)/Hair_BuzzedFemale.bin,Universal.Base.Characters.Standard,Coiffures,SOURCE_TECHNIQUE,19892,6f1ab9bc997b0131,,,,,
Universal.Base.Characters.Standard/Universal Base Characters[Standard]/Hairstyles/Origin at 0/glTF (Godot)/Hair_BuzzedFemale.gltf,Universal.Base.Characters.Standard,Coiffures,À_ADAPTER,2191,3f30e5a7b0fc6d04,830,0,0,53,
Universal.Base.Characters.Standard/Universal Base Characters[Standard]/Hairstyles/Origin at 0/glTF (Godot)/Hair_Long.bin,Universal.Base.Characters.Standard,Coiffures,SOURCE_TECHNIQUE,115996,13996da35c7afbf8,,,,,
Universal.Base.Characters.Standard/Universal Base Characters[Standard]/Hairstyles/Origin at 0/glTF (Godot)/Hair_Long.gltf,Universal.Base.Characters.Standard,Coiffures,À_ADAPTER,2056,94500e2e37e09efc,2906,0,0,53,
Universal.Base.Characters.Standard/Universal Base Characters[Standard]/Hairstyles/Origin at 0/glTF (Godot)/Hair_SimpleParted.bin,Universal.Base.Characters.Standard,Coiffures,SOURCE_TECHNIQUE,32032,57c6359703a37e34,,,,,
Universal.Base.Characters.Standard/Universal Base Characters[Standard]/Hairstyles/Origin at 0/glTF (Godot)/Hair_SimpleParted.gltf,Universal.Base.Characters.Standard,Coiffures,À_ADAPTER,2010,ce6c666d00bcca2b,1301,0,0,47,
Universal.Base.Characters.Standard/Universal Base Characters[Standard]/Hairstyles/Origin at 0/glTF (Godot)/T_Hair_1_BaseColor.png,Universal.Base.Characters.Standard,Coiffures,DOUBLON_CONTENU,1570376,bc7aa863bd22ab0a,,,,,
Universal.Base.Characters.Standard/Universal Base Characters[Standard]/Hairstyles/Origin at 0/glTF (Godot)/T_Hair_1_Normal.png,Universal.Base.Characters.Standard,Coiffures,DOUBLON_CONTENU,4326126,57fd0ad8c96a4d01,,,,,
Universal.Base.Characters.Standard/Universal Base Characters[Standard]/Hairstyles/Origin at 0/glTF (Godot)/T_Hair_2_BaseColor.png,Universal.Base.Characters.Standard,Coiffures,DOUBLON_CONTENU,1729467,f9f4f2fb3eeeefb0,,,,,
Universal.Base.Characters.Standard/Universal Base Characters[Standard]/Hairstyles/Origin at 0/glTF (Godot)/T_Hair_2_Normal.png,Universal.Base.Characters.Standard,Coiffures,DOUBLON_CONTENU,4710013,172f230aae0d4366,,,,,
Universal.Base.Characters.Standard/Universal Base Characters[Standard]/Hairstyles/Origin at 0/FBX (Unreal Engine)/Eyebrows_Female.fbx,Universal.Base.Characters.Standard,Coiffures,DOUBLON_FORMAT,73548,663d262b2c08c9a8,,,,,
Universal.Base.Characters.Standard/Universal Base Characters[Standard]/Hairstyles/Origin at 0/FBX (Unreal Engine)/Eyebrows_Regular.fbx,Universal.Base.Characters.Standard,Coiffures,DOUBLON_FORMAT,47276,d2338ee402f63a86,,,,,
Universal.Base.Characters.Standard/Universal Base Characters[Standard]/Hairstyles/Origin at 0/FBX (Unreal Engine)/Hair_Beard.fbx,Universal.Base.Characters.Standard,Coiffures,DOUBLON_FORMAT,48540,2714595320ca9d7f,,,,,
Universal.Base.Characters.Standard/Universal Base Characters[Standard]/Hairstyles/Origin at 0/FBX (Unreal Engine)/Hair_Buns.fbx,Universal.Base.Characters.Standard,Coiffures,DOUBLON_FORMAT,134476,8a9e7bf4ba09c172,,,,,
Universal.Base.Characters.Standard/Universal Base Characters[Standard]/Hairstyles/Origin at 0/FBX (Unreal Engine)/Hair_Buzzed.fbx,Universal.Base.Characters.Standard,Coiffures,DOUBLON_FORMAT,44716,23017b9a2cf917b5,,,,,
Universal.Base.Characters.Standard/Universal Base Characters[Standard]/Hairstyles/Origin at 0/FBX (Unreal Engine)/Hair_BuzzedFemale.fbx,Universal.Base.Characters.Standard,Coiffures,DOUBLON_FORMAT,43036,7aed63aeace79f98,,,,,
Universal.Base.Characters.Standard/Universal Base Characters[Standard]/Hairstyles/Origin at 0/FBX (Unreal Engine)/Hair_Long.fbx,Universal.Base.Characters.Standard,Coiffures,DOUBLON_FORMAT,123612,2724f6fa8456c639,,,,,
Universal.Base.Characters.Standard/Universal Base Characters[Standard]/Hairstyles/Origin at 0/FBX (Unreal Engine)/Hair_SimpleParted.fbx,Universal.Base.Characters.Standard,Coiffures,DOUBLON_FORMAT,61932,130bb5c3dc661bc1,,,,,
Universal.Base.Characters.Standard/Universal Base Characters[Standard]/Hairstyles/Rigged to Head Bone/FBX (Unity)/Eyebrows_Female.fbx,Universal.Base.Characters.Standard,Coiffures,DOUBLON_FORMAT,194428,ea6a6d1a3deddcf2,,,,,
Universal.Base.Characters.Standard/Universal Base Characters[Standard]/Hairstyles/Rigged to Head Bone/FBX (Unity)/Eyebrows_Regular.fbx,Universal.Base.Characters.Standard,Coiffures,DOUBLON_FORMAT,168636,1005c97901cc6eb0,,,,,
Universal.Base.Characters.Standard/Universal Base Characters[Standard]/Hairstyles/Rigged to Head Bone/FBX (Unity)/Hair_Beard.fbx,Universal.Base.Characters.Standard,Coiffures,DOUBLON_FORMAT,169804,00899e7d2cceebab,,,,,
Universal.Base.Characters.Standard/Universal Base Characters[Standard]/Hairstyles/Rigged to Head Bone/FBX (Unity)/Hair_Buns.fbx,Universal.Base.Characters.Standard,Coiffures,DOUBLON_FORMAT,259420,cb45536c0e8c2b71,,,,,
Universal.Base.Characters.Standard/Universal Base Characters[Standard]/Hairstyles/Rigged to Head Bone/FBX (Unity)/Hair_Buzzed.fbx,Universal.Base.Characters.Standard,Coiffures,DOUBLON_FORMAT,165884,01c5c2ededd8b164,,,,,
Universal.Base.Characters.Standard/Universal Base Characters[Standard]/Hairstyles/Rigged to Head Bone/FBX (Unity)/Hair_BuzzedFemale.fbx,Universal.Base.Characters.Standard,Coiffures,DOUBLON_FORMAT,164492,aeb3a606d8b9b181,,,,,
Universal.Base.Characters.Standard/Universal Base Characters[Standard]/Hairstyles/Rigged to Head Bone/FBX (Unity)/Hair_Long.fbx,Universal.Base.Characters.Standard,Coiffures,DOUBLON_FORMAT,249404,206f14b69e057584,,,,,
Universal.Base.Characters.Standard/Universal Base Characters[Standard]/Hairstyles/Rigged to Head Bone/FBX (Unity)/Hair_SimpleParted.fbx,Universal.Base.Characters.Standard,Coiffures,DOUBLON_FORMAT,181628,5e98acd3561c8141,,,,,
Universal.Base.Characters.Standard/Universal Base Characters[Standard]/Hairstyles/Rigged to Head Bone/glTF (Godot -Unreal)/Eyebrows_Female.bin,Universal.Base.Characters.Standard,Coiffures,SOURCE_TECHNIQUE,100592,7a450832ca276c3d,,,,,
Universal.Base.Characters.Standard/Universal Base Characters[Standard]/Hairstyles/Rigged to Head Bone/glTF (Godot -Unreal)/Eyebrows_Female.gltf,Universal.Base.Characters.Standard,Coiffures,DOUBLON_FORMAT,25053,ec294eb3dbe1b202,,,,,
Universal.Base.Characters.Standard/Universal Base Characters[Standard]/Hairstyles/Rigged to Head Bone/glTF (Godot -Unreal)/Eyebrows_Regular.bin,Universal.Base.Characters.Standard,Coiffures,SOURCE_TECHNIQUE,43656,11b8092c27f17b32,,,,,
Universal.Base.Characters.Standard/Universal Base Characters[Standard]/Hairstyles/Rigged to Head Bone/glTF (Godot -Unreal)/Eyebrows_Regular.gltf,Universal.Base.Characters.Standard,Coiffures,DOUBLON_FORMAT,23117,ced6afcce12cc72a,,,,,
Universal.Base.Characters.Standard/Universal Base Characters[Standard]/Hairstyles/Rigged to Head Bone/glTF (Godot -Unreal)/Hair_Beard.bin,Universal.Base.Characters.Standard,Coiffures,SOURCE_TECHNIQUE,41356,bf2f46ef5808665e,,,,,
Universal.Base.Characters.Standard/Universal Base Characters[Standard]/Hairstyles/Rigged to Head Bone/glTF (Godot -Unreal)/Hair_Beard.gltf,Universal.Base.Characters.Standard,Coiffures,DOUBLON_FORMAT,23104,80013b9791ce12c6,,,,,
Universal.Base.Characters.Standard/Universal Base Characters[Standard]/Hairstyles/Rigged to Head Bone/glTF (Godot -Unreal)/Hair_Buns.bin,Universal.Base.Characters.Standard,Coiffures,SOURCE_TECHNIQUE,205916,811606cc84f0bfde,,,,,
Universal.Base.Characters.Standard/Universal Base Characters[Standard]/Hairstyles/Rigged to Head Bone/glTF (Godot -Unreal)/Hair_Buns.gltf,Universal.Base.Characters.Standard,Coiffures,DOUBLON_FORMAT,23807,cbdd6f509ec8f102,,,,,
Universal.Base.Characters.Standard/Universal Base Characters[Standard]/Hairstyles/Rigged to Head Bone/glTF (Godot -Unreal)/Hair_Buzzed.bin,Universal.Base.Characters.Standard,Coiffures,SOURCE_TECHNIQUE,33372,5d4b5452ff879ed1,,,,,
Universal.Base.Characters.Standard/Universal Base Characters[Standard]/Hairstyles/Rigged to Head Bone/glTF (Godot -Unreal)/Hair_Buzzed.gltf,Universal.Base.Characters.Standard,Coiffures,DOUBLON_FORMAT,23108,6e709c691d4feccd,,,,,
Universal.Base.Characters.Standard/Universal Base Characters[Standard]/Hairstyles/Rigged to Head Bone/glTF (Godot -Unreal)/Hair_BuzzedFemale.bin,Universal.Base.Characters.Standard,Coiffures,SOURCE_TECHNIQUE,33372,48fcdac8751e85c1,,,,,
Universal.Base.Characters.Standard/Universal Base Characters[Standard]/Hairstyles/Rigged to Head Bone/glTF (Godot -Unreal)/Hair_BuzzedFemale.gltf,Universal.Base.Characters.Standard,Coiffures,DOUBLON_FORMAT,23779,096a7a4ea5bcadc5,,,,,
Universal.Base.Characters.Standard/Universal Base Characters[Standard]/Hairstyles/Rigged to Head Bone/glTF (Godot -Unreal)/Hair_Long.bin,Universal.Base.Characters.Standard,Coiffures,SOURCE_TECHNIQUE,181756,268fd531d2c2ac32,,,,,
Universal.Base.Characters.Standard/Universal Base Characters[Standard]/Hairstyles/Rigged to Head Bone/glTF (Godot -Unreal)/Hair_Long.gltf,Universal.Base.Characters.Standard,Coiffures,DOUBLON_FORMAT,23813,27e2c63e8f98c79f,,,,,
Universal.Base.Characters.Standard/Universal Base Characters[Standard]/Hairstyles/Rigged to Head Bone/glTF (Godot -Unreal)/Hair_SimpleParted.bin,Universal.Base.Characters.Standard,Coiffures,SOURCE_TECHNIQUE,51332,ecd7c81959f3985d,,,,,
Universal.Base.Characters.Standard/Universal Base Characters[Standard]/Hairstyles/Rigged to Head Bone/glTF (Godot -Unreal)/Hair_SimpleParted.gltf,Universal.Base.Characters.Standard,Coiffures,DOUBLON_FORMAT,23114,fe0f354d7f95d83d,,,,,
Universal.Base.Characters.Standard/Universal Base Characters[Standard]/Hairstyles/Rigged to Head Bone/glTF (Godot -Unreal)/T_Hair_1_BaseColor.png,Universal.Base.Characters.Standard,Coiffures,DOUBLON_CONTENU,1570376,bc7aa863bd22ab0a,,,,,
Universal.Base.Characters.Standard/Universal Base Characters[Standard]/Hairstyles/Rigged to Head Bone/glTF (Godot -Unreal)/T_Hair_1_Normal.png,Universal.Base.Characters.Standard,Coiffures,DOUBLON_CONTENU,4326126,57fd0ad8c96a4d01,,,,,
Universal.Base.Characters.Standard/Universal Base Characters[Standard]/Hairstyles/Rigged to Head Bone/glTF (Godot -Unreal)/T_Hair_2_BaseColor.png,Universal.Base.Characters.Standard,Coiffures,DOUBLON_CONTENU,1729467,f9f4f2fb3eeeefb0,,,,,
Universal.Base.Characters.Standard/Universal Base Characters[Standard]/Hairstyles/Rigged to Head Bone/glTF (Godot -Unreal)/T_Hair_2_Normal.png,Universal.Base.Characters.Standard,Coiffures,DOUBLON_CONTENU,4710013,172f230aae0d4366,,,,,
Universal.Animation.Library.2.Standard/Universal Animation Library 2[Standard]/Godot_Setup.png,Universal.Animation.Library.2.Standard,Animations,DOUBLON_CONTENU,499312,8fde3e49385c3b3d,,,,,
Universal.Animation.Library.2.Standard/Universal Animation Library 2[Standard]/License.txt,Universal.Animation.Library.2.Standard,Animations,DOUBLON_CONTENU,332,6d01f55c6e4c49a2,,,,,
Universal.Animation.Library.2.Standard/Universal Animation Library 2[Standard]/README.txt,Universal.Animation.Library.2.Standard,Animations,DOUBLON_CONTENU,702,ccd02718886b5a57,,,,,
Universal.Animation.Library.2.Standard/Universal Animation Library 2[Standard]/Unity_Setup.png,Universal.Animation.Library.2.Standard,Animations,DOUBLON_CONTENU,237945,1f9ac00f442c4342,,,,,
Universal.Animation.Library.2.Standard/Universal Animation Library 2[Standard]/Unreal_Setup.png,Universal.Animation.Library.2.Standard,Animations,DOUBLON_CONTENU,148412,c2c64e659943c634,,,,,
Universal.Animation.Library.2.Standard/Universal Animation Library 2[Standard]/Female Mannequin/Mannequin_F.blend,Universal.Animation.Library.2.Standard,Animations,SOURCE_TECHNIQUE,4130952,980c6eee3a2fb2ee,,,,,
Universal.Animation.Library.2.Standard/Universal Animation Library 2[Standard]/Female Mannequin/README.txt,Universal.Animation.Library.2.Standard,Animations,SOURCE_TECHNIQUE,275,3447416d55d5cf3a,,,,,
Universal.Animation.Library.2.Standard/Universal Animation Library 2[Standard]/Female Mannequin/Unreal-Godot/Mannequin_F.glb,Universal.Animation.Library.2.Standard,Animations,À_ADAPTER,1442824,2ee6cc3fe888d9b1,14612,65,0,60,personnages
Universal.Animation.Library.2.Standard/Universal Animation Library 2[Standard]/Female Mannequin/Unity/Mannequin_F.fbx,Universal.Animation.Library.2.Standard,Animations,DOUBLON_FORMAT,575100,1a7fb4bb8850860e,,,,,
Universal.Animation.Library.2.Standard/Universal Animation Library 2[Standard]/Unreal-Godot/UAL2_Standard.glb,Universal.Animation.Library.2.Standard,Animations,UTILISÉ_RUNTIME,8091444,8cee20ab1bc55130,13744,65,43,60,personnages
Universal.Animation.Library.2.Standard/Universal Animation Library 2[Standard]/Unreal-Godot/UAL2_Standard_RM.glb,Universal.Animation.Library.2.Standard,Animations,VARIANTE_ROOT_MOTION,8095936,814eee878f829349,,,,,
Universal.Animation.Library.2.Standard/Universal Animation Library 2[Standard]/Unity/UAL2_Standard.fbx,Universal.Animation.Library.2.Standard,Animations,DOUBLON_FORMAT,24778332,d26d0e9f4a202d47,,,,,
Universal.Animation.Library.2.Standard/Universal Animation Library 2[Standard]/Unity/UAL2_Standard_RM.fbx,Universal.Animation.Library.2.Standard,Animations,VARIANTE_ROOT_MOTION,24805740,9c249b127154b605,,,,,
Modular.Character.Outfits.-.Fantasy.Standard/Modular Character Outfits - Fantasy[Standard]/License_Standard.txt,Modular.Character.Outfits.-.Fantasy.Standard,Tenues,SOURCE_TECHNIQUE,728,2202cc2f608c4210,,,,,
Modular.Character.Outfits.-.Fantasy.Standard/Modular Character Outfits - Fantasy[Standard]/Preview.jpg,Modular.Character.Outfits.-.Fantasy.Standard,Tenues,GALERIE,413244,99bba19a1d89c65d,,,,,
Modular.Character.Outfits.-.Fantasy.Standard/Modular Character Outfits - Fantasy[Standard]/Readme.txt,Modular.Character.Outfits.-.Fantasy.Standard,Tenues,SOURCE_TECHNIQUE,311,2f87579c277cde1e,,,,,
Modular.Character.Outfits.-.Fantasy.Standard/Modular Character Outfits - Fantasy[Standard]/Textures/Base/T_Regular_Female_Dark_BaseColor.png,Modular.Character.Outfits.-.Fantasy.Standard,Tenues,GALERIE,1348542,3b6ab973f9f3d6f8,,,,,
Modular.Character.Outfits.-.Fantasy.Standard/Modular Character Outfits - Fantasy[Standard]/Textures/Base/T_Regular_Female_Normal.png,Modular.Character.Outfits.-.Fantasy.Standard,Tenues,GALERIE,3913459,e1051d3d56df9cf0,,,,,
Modular.Character.Outfits.-.Fantasy.Standard/Modular Character Outfits - Fantasy[Standard]/Textures/Base/T_Regular_Female_Roughness.png,Modular.Character.Outfits.-.Fantasy.Standard,Tenues,GALERIE,3274215,da541fbd4b3bffe7,,,,,
Modular.Character.Outfits.-.Fantasy.Standard/Modular Character Outfits - Fantasy[Standard]/Textures/Base/T_Regular_Male_Dark_BaseColor.png,Modular.Character.Outfits.-.Fantasy.Standard,Tenues,UTILISÉ_RUNTIME,1316151,b4dcc0f4139aab54,,,,,
Modular.Character.Outfits.-.Fantasy.Standard/Modular Character Outfits - Fantasy[Standard]/Textures/Base/T_Regular_Male_Normal.png,Modular.Character.Outfits.-.Fantasy.Standard,Tenues,UTILISÉ_RUNTIME,4064184,10cd71e2453e577f,,,,,
Modular.Character.Outfits.-.Fantasy.Standard/Modular Character Outfits - Fantasy[Standard]/Textures/Base/T_Regular_Male_Roughness.png,Modular.Character.Outfits.-.Fantasy.Standard,Tenues,UTILISÉ_RUNTIME,3160102,086c2eb25bddfdb7,,,,,
Modular.Character.Outfits.-.Fantasy.Standard/Modular Character Outfits - Fantasy[Standard]/Textures/Ranger/T_Ranger_3_BaseColor.png,Modular.Character.Outfits.-.Fantasy.Standard,Tenues,GALERIE,6180183,018b93098e400421,,,,,
Modular.Character.Outfits.-.Fantasy.Standard/Modular Character Outfits - Fantasy[Standard]/Textures/Ranger/T_Ranger_BaseColor.png,Modular.Character.Outfits.-.Fantasy.Standard,Tenues,UTILISÉ_RUNTIME,6630927,846ef2170b04ee58,,,,,
Modular.Character.Outfits.-.Fantasy.Standard/Modular Character Outfits - Fantasy[Standard]/Textures/Ranger/T_Ranger_Normal.png,Modular.Character.Outfits.-.Fantasy.Standard,Tenues,UTILISÉ_RUNTIME,12713653,dd64da2af3180f0c,,,,,
Modular.Character.Outfits.-.Fantasy.Standard/Modular Character Outfits - Fantasy[Standard]/Textures/Ranger/T_Ranger_ORM.png,Modular.Character.Outfits.-.Fantasy.Standard,Tenues,UTILISÉ_RUNTIME,10792085,aca03d2fba12508e,,,,,
Modular.Character.Outfits.-.Fantasy.Standard/Modular Character Outfits - Fantasy[Standard]/Textures/Ranger/Base Chars/T_Regular_Female_Dark_BaseColor.png,Modular.Character.Outfits.-.Fantasy.Standard,Tenues,DOUBLON_CONTENU,1348542,3b6ab973f9f3d6f8,,,,,
Modular.Character.Outfits.-.Fantasy.Standard/Modular Character Outfits - Fantasy[Standard]/Textures/Ranger/Base Chars/T_Regular_Female_Normal.png,Modular.Character.Outfits.-.Fantasy.Standard,Tenues,DOUBLON_CONTENU,3913459,e1051d3d56df9cf0,,,,,
Modular.Character.Outfits.-.Fantasy.Standard/Modular Character Outfits - Fantasy[Standard]/Textures/Ranger/Base Chars/T_Regular_Female_Roughness.png,Modular.Character.Outfits.-.Fantasy.Standard,Tenues,DOUBLON_CONTENU,3274215,da541fbd4b3bffe7,,,,,
Modular.Character.Outfits.-.Fantasy.Standard/Modular Character Outfits - Fantasy[Standard]/Textures/Ranger/Base Chars/T_Regular_Male_Dark_BaseColor.png,Modular.Character.Outfits.-.Fantasy.Standard,Tenues,DOUBLON_CONTENU,1316151,b4dcc0f4139aab54,,,,,
Modular.Character.Outfits.-.Fantasy.Standard/Modular Character Outfits - Fantasy[Standard]/Textures/Ranger/Base Chars/T_Regular_Male_Normal.png,Modular.Character.Outfits.-.Fantasy.Standard,Tenues,DOUBLON_CONTENU,4064184,10cd71e2453e577f,,,,,
Modular.Character.Outfits.-.Fantasy.Standard/Modular Character Outfits - Fantasy[Standard]/Textures/Ranger/Base Chars/T_Regular_Male_Roughness.png,Modular.Character.Outfits.-.Fantasy.Standard,Tenues,DOUBLON_CONTENU,3160102,086c2eb25bddfdb7,,,,,
Modular.Character.Outfits.-.Fantasy.Standard/Modular Character Outfits - Fantasy[Standard]/Textures/Ranger/Normals-UnrealEngine/T_Ranger_Normal.png,Modular.Character.Outfits.-.Fantasy.Standard,Tenues,UTILISÉ_RUNTIME,12679906,6c76583b62e20a05,,,,,
Modular.Character.Outfits.-.Fantasy.Standard/Modular Character Outfits - Fantasy[Standard]/Textures/Peasant/T_Peasant_2_BaseColor.png,Modular.Character.Outfits.-.Fantasy.Standard,Tenues,GALERIE,4699929,0019ae4ae3f1a900,,,,,
Modular.Character.Outfits.-.Fantasy.Standard/Modular Character Outfits - Fantasy[Standard]/Textures/Peasant/T_Peasant_BaseColor.png,Modular.Character.Outfits.-.Fantasy.Standard,Tenues,UTILISÉ_RUNTIME,5055760,a43635628d95571c,,,,,
Modular.Character.Outfits.-.Fantasy.Standard/Modular Character Outfits - Fantasy[Standard]/Textures/Peasant/T_Peasant_Normal.png,Modular.Character.Outfits.-.Fantasy.Standard,Tenues,UTILISÉ_RUNTIME,14110336,7598fa7b63e46fd4,,,,,
Modular.Character.Outfits.-.Fantasy.Standard/Modular Character Outfits - Fantasy[Standard]/Textures/Peasant/T_Peasant_ORM.png,Modular.Character.Outfits.-.Fantasy.Standard,Tenues,UTILISÉ_RUNTIME,9903835,e1932f5f91104afc,,,,,
Modular.Character.Outfits.-.Fantasy.Standard/Modular Character Outfits - Fantasy[Standard]/Textures/Peasant/Normals-UnrealEngine/T_Peasant_Normal.png,Modular.Character.Outfits.-.Fantasy.Standard,Tenues,UTILISÉ_RUNTIME,14228086,42271473b0441901,,,,,
Modular.Character.Outfits.-.Fantasy.Standard/Modular Character Outfits - Fantasy[Standard]/Exports/FBX (Unity)/Outfits/Female_Peasant.fbx,Modular.Character.Outfits.-.Fantasy.Standard,Tenues,DOUBLON_FORMAT,807980,cb33c49385231040,,,,,
Modular.Character.Outfits.-.Fantasy.Standard/Modular Character Outfits - Fantasy[Standard]/Exports/FBX (Unity)/Outfits/Female_Ranger.fbx,Modular.Character.Outfits.-.Fantasy.Standard,Tenues,DOUBLON_FORMAT,1657932,63e7804f8129d507,,,,,
Modular.Character.Outfits.-.Fantasy.Standard/Modular Character Outfits - Fantasy[Standard]/Exports/FBX (Unity)/Outfits/Male_Peasant.fbx,Modular.Character.Outfits.-.Fantasy.Standard,Tenues,DOUBLON_FORMAT,840556,d083f08a910c739b,,,,,
Modular.Character.Outfits.-.Fantasy.Standard/Modular Character Outfits - Fantasy[Standard]/Exports/FBX (Unity)/Outfits/Male_Ranger.fbx,Modular.Character.Outfits.-.Fantasy.Standard,Tenues,DOUBLON_FORMAT,1648444,f142f1c0fee43d0b,,,,,
Modular.Character.Outfits.-.Fantasy.Standard/Modular Character Outfits - Fantasy[Standard]/Exports/FBX (Unity)/Modular Parts/Female_Peasant_Arms.fbx,Modular.Character.Outfits.-.Fantasy.Standard,Tenues,DOUBLON_FORMAT,368204,35ebfa4a7a67acdc,,,,,
Modular.Character.Outfits.-.Fantasy.Standard/Modular Character Outfits - Fantasy[Standard]/Exports/FBX (Unity)/Modular Parts/Female_Peasant_Body.fbx,Modular.Character.Outfits.-.Fantasy.Standard,Tenues,DOUBLON_FORMAT,239212,93531d57b49102de,,,,,
Modular.Character.Outfits.-.Fantasy.Standard/Modular Character Outfits - Fantasy[Standard]/Exports/FBX (Unity)/Modular Parts/Female_Peasant_Feet.fbx,Modular.Character.Outfits.-.Fantasy.Standard,Tenues,DOUBLON_FORMAT,228572,e90746436f8bc393,,,,,
Modular.Character.Outfits.-.Fantasy.Standard/Modular Character Outfits - Fantasy[Standard]/Exports/FBX (Unity)/Modular Parts/Female_Peasant_Legs.fbx,Modular.Character.Outfits.-.Fantasy.Standard,Tenues,DOUBLON_FORMAT,204956,817e5ed6840a29f0,,,,,
Modular.Character.Outfits.-.Fantasy.Standard/Modular Character Outfits - Fantasy[Standard]/Exports/FBX (Unity)/Modular Parts/Female_Ranger_Acc_Pauldrons.fbx,Modular.Character.Outfits.-.Fantasy.Standard,Tenues,DOUBLON_FORMAT,184220,992b49cb6aa6ffa3,,,,,
Modular.Character.Outfits.-.Fantasy.Standard/Modular Character Outfits - Fantasy[Standard]/Exports/FBX (Unity)/Modular Parts/Female_Ranger_Arms.fbx,Modular.Character.Outfits.-.Fantasy.Standard,Tenues,DOUBLON_FORMAT,500428,c5ba0ba31dccbd99,,,,,
Modular.Character.Outfits.-.Fantasy.Standard/Modular Character Outfits - Fantasy[Standard]/Exports/FBX (Unity)/Modular Parts/Female_Ranger_Body.fbx,Modular.Character.Outfits.-.Fantasy.Standard,Tenues,DOUBLON_FORMAT,474188,07a455d19f55c6b3,,,,,
Modular.Character.Outfits.-.Fantasy.Standard/Modular Character Outfits - Fantasy[Standard]/Exports/FBX (Unity)/Modular Parts/Female_Ranger_Feet.fbx,Modular.Character.Outfits.-.Fantasy.Standard,Tenues,DOUBLON_FORMAT,463884,4b25d8d735756ea8,,,,,
Modular.Character.Outfits.-.Fantasy.Standard/Modular Character Outfits - Fantasy[Standard]/Exports/FBX (Unity)/Modular Parts/Female_Ranger_Head_Hood.fbx,Modular.Character.Outfits.-.Fantasy.Standard,Tenues,DOUBLON_FORMAT,234540,fa5e0b078b0af195,,,,,
Modular.Character.Outfits.-.Fantasy.Standard/Modular Character Outfits - Fantasy[Standard]/Exports/FBX (Unity)/Modular Parts/Female_Ranger_Legs.fbx,Modular.Character.Outfits.-.Fantasy.Standard,Tenues,DOUBLON_FORMAT,185276,753ee8ab27a2da65,,,,,
Modular.Character.Outfits.-.Fantasy.Standard/Modular Character Outfits - Fantasy[Standard]/Exports/FBX (Unity)/Modular Parts/Male_Peasant_Arms.fbx,Modular.Character.Outfits.-.Fantasy.Standard,Tenues,DOUBLON_FORMAT,368316,67e91b9f9054ae0b,,,,,
Modular.Character.Outfits.-.Fantasy.Standard/Modular Character Outfits - Fantasy[Standard]/Exports/FBX (Unity)/Modular Parts/Male_Peasant_Body.fbx,Modular.Character.Outfits.-.Fantasy.Standard,Tenues,DOUBLON_FORMAT,302524,d875b268f63ddf88,,,,,
Modular.Character.Outfits.-.Fantasy.Standard/Modular Character Outfits - Fantasy[Standard]/Exports/FBX (Unity)/Modular Parts/Male_Peasant_Feet.fbx,Modular.Character.Outfits.-.Fantasy.Standard,Tenues,DOUBLON_FORMAT,226316,09defc77e6ff81dd,,,,,
Modular.Character.Outfits.-.Fantasy.Standard/Modular Character Outfits - Fantasy[Standard]/Exports/FBX (Unity)/Modular Parts/Male_Peasant_Legs.fbx,Modular.Character.Outfits.-.Fantasy.Standard,Tenues,DOUBLON_FORMAT,175884,547c90e8c7440cc1,,,,,
Modular.Character.Outfits.-.Fantasy.Standard/Modular Character Outfits - Fantasy[Standard]/Exports/FBX (Unity)/Modular Parts/Male_Ranger_Acc_Pauldron.fbx,Modular.Character.Outfits.-.Fantasy.Standard,Tenues,DOUBLON_FORMAT,182668,b0d28af472710870,,,,,
Modular.Character.Outfits.-.Fantasy.Standard/Modular Character Outfits - Fantasy[Standard]/Exports/FBX (Unity)/Modular Parts/Male_Ranger_Arms.fbx,Modular.Character.Outfits.-.Fantasy.Standard,Tenues,DOUBLON_FORMAT,525548,1f8171fa29e8ad0d,,,,,
Modular.Character.Outfits.-.Fantasy.Standard/Modular Character Outfits - Fantasy[Standard]/Exports/FBX (Unity)/Modular Parts/Male_Ranger_Body.fbx,Modular.Character.Outfits.-.Fantasy.Standard,Tenues,DOUBLON_FORMAT,478524,9f5b7866170daa1d,,,,,
Modular.Character.Outfits.-.Fantasy.Standard/Modular Character Outfits - Fantasy[Standard]/Exports/FBX (Unity)/Modular Parts/Male_Ranger_Feet_Boots.fbx,Modular.Character.Outfits.-.Fantasy.Standard,Tenues,DOUBLON_FORMAT,440540,e60d0f0eae8a9791,,,,,
Modular.Character.Outfits.-.Fantasy.Standard/Modular Character Outfits - Fantasy[Standard]/Exports/FBX (Unity)/Modular Parts/Male_Ranger_Head_Hood.fbx,Modular.Character.Outfits.-.Fantasy.Standard,Tenues,DOUBLON_FORMAT,226940,c8b6f4e01b569176,,,,,
Modular.Character.Outfits.-.Fantasy.Standard/Modular Character Outfits - Fantasy[Standard]/Exports/FBX (Unity)/Modular Parts/Male_Ranger_Legs.fbx,Modular.Character.Outfits.-.Fantasy.Standard,Tenues,DOUBLON_FORMAT,181020,f1e30b2e42100864,,,,,
Modular.Character.Outfits.-.Fantasy.Standard/Modular Character Outfits - Fantasy[Standard]/Exports/glTF (Godot-Unreal)/Outfits/Female_Peasant.bin,Modular.Character.Outfits.-.Fantasy.Standard,Tenues,SOURCE_TECHNIQUE,658600,40eccaa2bd545c89,,,,,
Modular.Character.Outfits.-.Fantasy.Standard/Modular Character Outfits - Fantasy[Standard]/Exports/glTF (Godot-Unreal)/Outfits/Female_Peasant.gltf,Modular.Character.Outfits.-.Fantasy.Standard,Tenues,CANDIDAT_RUNTIME,29529,43ba98058b933cae,13568,65,0,74,personnages
Modular.Character.Outfits.-.Fantasy.Standard/Modular Character Outfits - Fantasy[Standard]/Exports/glTF (Godot-Unreal)/Outfits/Female_Ranger.bin,Modular.Character.Outfits.-.Fantasy.Standard,Tenues,SOURCE_TECHNIQUE,1959556,d015964ba0a26eee,,,,,
Modular.Character.Outfits.-.Fantasy.Standard/Modular Character Outfits - Fantasy[Standard]/Exports/glTF (Godot-Unreal)/Outfits/Female_Ranger.gltf,Modular.Character.Outfits.-.Fantasy.Standard,Tenues,CANDIDAT_RUNTIME,45461,9b98b2ae6af3b4a1,26966,65,0,78,personnages
Modular.Character.Outfits.-.Fantasy.Standard/Modular Character Outfits - Fantasy[Standard]/Exports/glTF (Godot-Unreal)/Outfits/Male_Peasant.bin,Modular.Character.Outfits.-.Fantasy.Standard,Tenues,SOURCE_TECHNIQUE,674764,e46bde795f7b69b3,,,,,
Modular.Character.Outfits.-.Fantasy.Standard/Modular Character Outfits - Fantasy[Standard]/Exports/glTF (Godot-Unreal)/Outfits/Male_Peasant.gltf,Modular.Character.Outfits.-.Fantasy.Standard,Tenues,UTILISÉ_RUNTIME,32681,8f5a6cf6c1cf96e0,12894,65,0,74,personnages
Modular.Character.Outfits.-.Fantasy.Standard/Modular Character Outfits - Fantasy[Standard]/Exports/glTF (Godot-Unreal)/Outfits/Male_Ranger.bin,Modular.Character.Outfits.-.Fantasy.Standard,Tenues,SOURCE_TECHNIQUE,1746884,5bbb0d42cb324c6c,,,,,
Modular.Character.Outfits.-.Fantasy.Standard/Modular Character Outfits - Fantasy[Standard]/Exports/glTF (Godot-Unreal)/Outfits/Male_Ranger.gltf,Modular.Character.Outfits.-.Fantasy.Standard,Tenues,UTILISÉ_RUNTIME,41447,e1033a212332d84d,26982,65,0,78,personnages
Modular.Character.Outfits.-.Fantasy.Standard/Modular Character Outfits - Fantasy[Standard]/Exports/glTF (Godot-Unreal)/Outfits/T_Peasant_BaseColor.png,Modular.Character.Outfits.-.Fantasy.Standard,Tenues,DOUBLON_CONTENU,5055760,a43635628d95571c,,,,,
Modular.Character.Outfits.-.Fantasy.Standard/Modular Character Outfits - Fantasy[Standard]/Exports/glTF (Godot-Unreal)/Outfits/T_Peasant_Normal.png,Modular.Character.Outfits.-.Fantasy.Standard,Tenues,DOUBLON_CONTENU,14110336,7598fa7b63e46fd4,,,,,
Modular.Character.Outfits.-.Fantasy.Standard/Modular Character Outfits - Fantasy[Standard]/Exports/glTF (Godot-Unreal)/Outfits/T_Peasant_ORM.png,Modular.Character.Outfits.-.Fantasy.Standard,Tenues,DOUBLON_CONTENU,9903835,e1932f5f91104afc,,,,,
Modular.Character.Outfits.-.Fantasy.Standard/Modular Character Outfits - Fantasy[Standard]/Exports/glTF (Godot-Unreal)/Outfits/T_Ranger_BaseColor.png,Modular.Character.Outfits.-.Fantasy.Standard,Tenues,DOUBLON_CONTENU,6630927,846ef2170b04ee58,,,,,
Modular.Character.Outfits.-.Fantasy.Standard/Modular Character Outfits - Fantasy[Standard]/Exports/glTF (Godot-Unreal)/Outfits/T_Ranger_Normal.png,Modular.Character.Outfits.-.Fantasy.Standard,Tenues,DOUBLON_CONTENU,12713653,dd64da2af3180f0c,,,,,
Modular.Character.Outfits.-.Fantasy.Standard/Modular Character Outfits - Fantasy[Standard]/Exports/glTF (Godot-Unreal)/Outfits/T_Ranger_ORM.png,Modular.Character.Outfits.-.Fantasy.Standard,Tenues,DOUBLON_CONTENU,10792085,aca03d2fba12508e,,,,,
Modular.Character.Outfits.-.Fantasy.Standard/Modular Character Outfits - Fantasy[Standard]/Exports/glTF (Godot-Unreal)/Outfits/T_Regular_Female_Dark_BaseColor.png,Modular.Character.Outfits.-.Fantasy.Standard,Tenues,DOUBLON_CONTENU,1348542,3b6ab973f9f3d6f8,,,,,
Modular.Character.Outfits.-.Fantasy.Standard/Modular Character Outfits - Fantasy[Standard]/Exports/glTF (Godot-Unreal)/Outfits/T_Regular_Female_Normal.png,Modular.Character.Outfits.-.Fantasy.Standard,Tenues,DOUBLON_CONTENU,3913459,e1051d3d56df9cf0,,,,,
Modular.Character.Outfits.-.Fantasy.Standard/Modular Character Outfits - Fantasy[Standard]/Exports/glTF (Godot-Unreal)/Outfits/T_Regular_Female_Roughness.png,Modular.Character.Outfits.-.Fantasy.Standard,Tenues,DOUBLON_CONTENU,3274215,da541fbd4b3bffe7,,,,,
Modular.Character.Outfits.-.Fantasy.Standard/Modular Character Outfits - Fantasy[Standard]/Exports/glTF (Godot-Unreal)/Outfits/T_Regular_Male_Dark_BaseColor.png,Modular.Character.Outfits.-.Fantasy.Standard,Tenues,DOUBLON_CONTENU,1316151,b4dcc0f4139aab54,,,,,
Modular.Character.Outfits.-.Fantasy.Standard/Modular Character Outfits - Fantasy[Standard]/Exports/glTF (Godot-Unreal)/Outfits/T_Regular_Male_Normal.png,Modular.Character.Outfits.-.Fantasy.Standard,Tenues,DOUBLON_CONTENU,4064184,10cd71e2453e577f,,,,,
Modular.Character.Outfits.-.Fantasy.Standard/Modular Character Outfits - Fantasy[Standard]/Exports/glTF (Godot-Unreal)/Outfits/T_Regular_Male_Roughness.png,Modular.Character.Outfits.-.Fantasy.Standard,Tenues,DOUBLON_CONTENU,3160102,086c2eb25bddfdb7,,,,,
Modular.Character.Outfits.-.Fantasy.Standard/Modular Character Outfits - Fantasy[Standard]/Exports/glTF (Godot-Unreal)/Modular Parts/Female_Peasant_Arms.bin,Modular.Character.Outfits.-.Fantasy.Standard,Tenues,SOURCE_TECHNIQUE,327920,b79abe12089d1894,,,,,
Modular.Character.Outfits.-.Fantasy.Standard/Modular Character Outfits - Fantasy[Standard]/Exports/glTF (Godot-Unreal)/Modular Parts/Female_Peasant_Arms.gltf,Modular.Character.Outfits.-.Fantasy.Standard,Tenues,CANDIDAT_RUNTIME,23970,7f2446a7bab93b88,6848,65,0,73,personnages
Modular.Character.Outfits.-.Fantasy.Standard/Modular Character Outfits - Fantasy[Standard]/Exports/glTF (Godot-Unreal)/Modular Parts/Female_Peasant_Body.bin,Modular.Character.Outfits.-.Fantasy.Standard,Tenues,SOURCE_TECHNIQUE,203524,f1346372e81f9e90,,,,,
Modular.Character.Outfits.-.Fantasy.Standard/Modular Character Outfits - Fantasy[Standard]/Exports/glTF (Godot-Unreal)/Modular Parts/Female_Peasant_Body.gltf,Modular.Character.Outfits.-.Fantasy.Standard,Tenues,CANDIDAT_RUNTIME,88739,9c4edd8d18a028ee,2188,65,1,73,personnages
Modular.Character.Outfits.-.Fantasy.Standard/Modular Character Outfits - Fantasy[Standard]/Exports/glTF (Godot-Unreal)/Modular Parts/Female_Peasant_Feet.bin,Modular.Character.Outfits.-.Fantasy.Standard,Tenues,SOURCE_TECHNIQUE,140776,0e1f7ac2f5a349db,,,,,
Modular.Character.Outfits.-.Fantasy.Standard/Modular Character Outfits - Fantasy[Standard]/Exports/glTF (Godot-Unreal)/Modular Parts/Female_Peasant_Feet.gltf,Modular.Character.Outfits.-.Fantasy.Standard,Tenues,CANDIDAT_RUNTIME,24397,1c8cfde62c44e578,2588,65,0,73,personnages
Modular.Character.Outfits.-.Fantasy.Standard/Modular Character Outfits - Fantasy[Standard]/Exports/glTF (Godot-Unreal)/Modular Parts/Female_Peasant_Legs.bin,Modular.Character.Outfits.-.Fantasy.Standard,Tenues,SOURCE_TECHNIQUE,74376,4a86e2896a6efec9,,,,,
Modular.Character.Outfits.-.Fantasy.Standard/Modular Character Outfits - Fantasy[Standard]/Exports/glTF (Godot-Unreal)/Modular Parts/Female_Peasant_Legs.gltf,Modular.Character.Outfits.-.Fantasy.Standard,Tenues,CANDIDAT_RUNTIME,23962,1369d75a8197e9e9,1944,65,0,79,personnages
Modular.Character.Outfits.-.Fantasy.Standard/Modular Character Outfits - Fantasy[Standard]/Exports/glTF (Godot-Unreal)/Modular Parts/Female_Ranger_Acc_Pauldrons.bin,Modular.Character.Outfits.-.Fantasy.Standard,Tenues,SOURCE_TECHNIQUE,91040,32213f8f5d44bc2a,,,,,
Modular.Character.Outfits.-.Fantasy.Standard/Modular Character Outfits - Fantasy[Standard]/Exports/glTF (Godot-Unreal)/Modular Parts/Female_Ranger_Acc_Pauldrons.gltf,Modular.Character.Outfits.-.Fantasy.Standard,Tenues,CANDIDAT_RUNTIME,24621,9ebbd79c8cf2316f,1376,65,0,79,personnages
Modular.Character.Outfits.-.Fantasy.Standard/Modular Character Outfits - Fantasy[Standard]/Exports/glTF (Godot-Unreal)/Modular Parts/Female_Ranger_Arms.bin,Modular.Character.Outfits.-.Fantasy.Standard,Tenues,SOURCE_TECHNIQUE,557480,55592d6a2c47f120,,,,,
Modular.Character.Outfits.-.Fantasy.Standard/Modular Character Outfits - Fantasy[Standard]/Exports/glTF (Godot-Unreal)/Modular Parts/Female_Ranger_Arms.gltf,Modular.Character.Outfits.-.Fantasy.Standard,Tenues,CANDIDAT_RUNTIME,29655,98a1b7a5d5d98b6d,8508,65,0,77,personnages
Modular.Character.Outfits.-.Fantasy.Standard/Modular Character Outfits - Fantasy[Standard]/Exports/glTF (Godot-Unreal)/Modular Parts/Female_Ranger_Body.bin,Modular.Character.Outfits.-.Fantasy.Standard,Tenues,SOURCE_TECHNIQUE,421432,3c9ce3dfc1511ab2,,,,,
Modular.Character.Outfits.-.Fantasy.Standard/Modular Character Outfits - Fantasy[Standard]/Exports/glTF (Godot-Unreal)/Modular Parts/Female_Ranger_Body.gltf,Modular.Character.Outfits.-.Fantasy.Standard,Tenues,CANDIDAT_RUNTIME,29451,7215f19c1c31fa8f,4570,65,0,79,personnages
Modular.Character.Outfits.-.Fantasy.Standard/Modular Character Outfits - Fantasy[Standard]/Exports/glTF (Godot-Unreal)/Modular Parts/Female_Ranger_Feet.bin,Modular.Character.Outfits.-.Fantasy.Standard,Tenues,SOURCE_TECHNIQUE,791720,35c4350bed0931ad,,,,,
Modular.Character.Outfits.-.Fantasy.Standard/Modular Character Outfits - Fantasy[Standard]/Exports/glTF (Godot-Unreal)/Modular Parts/Female_Ranger_Feet.gltf,Modular.Character.Outfits.-.Fantasy.Standard,Tenues,CANDIDAT_RUNTIME,24625,11fef23ffa609972,9172,65,0,77,personnages
Modular.Character.Outfits.-.Fantasy.Standard/Modular Character Outfits - Fantasy[Standard]/Exports/glTF (Godot-Unreal)/Modular Parts/Female_Ranger_Head_Hood.bin,Modular.Character.Outfits.-.Fantasy.Standard,Tenues,SOURCE_TECHNIQUE,106256,ad02a4529f77562e,,,,,
Modular.Character.Outfits.-.Fantasy.Standard/Modular Character Outfits - Fantasy[Standard]/Exports/glTF (Godot-Unreal)/Modular Parts/Female_Ranger_Head_Hood.gltf,Modular.Character.Outfits.-.Fantasy.Standard,Tenues,CANDIDAT_RUNTIME,24614,3ac6867e32cba779,2136,65,0,79,personnages
Modular.Character.Outfits.-.Fantasy.Standard/Modular Character Outfits - Fantasy[Standard]/Exports/glTF (Godot-Unreal)/Modular Parts/Female_Ranger_Legs.bin,Modular.Character.Outfits.-.Fantasy.Standard,Tenues,SOURCE_TECHNIQUE,74404,aeab54821bec8c81,,,,,
Modular.Character.Outfits.-.Fantasy.Standard/Modular Character Outfits - Fantasy[Standard]/Exports/glTF (Godot-Unreal)/Modular Parts/Female_Ranger_Legs.gltf,Modular.Character.Outfits.-.Fantasy.Standard,Tenues,CANDIDAT_RUNTIME,24978,804932b0e0b49601,1204,65,0,79,personnages
Modular.Character.Outfits.-.Fantasy.Standard/Modular Character Outfits - Fantasy[Standard]/Exports/glTF (Godot-Unreal)/Modular Parts/Male_Peasant_Arms.bin,Modular.Character.Outfits.-.Fantasy.Standard,Tenues,SOURCE_TECHNIQUE,274868,d24f6475c4edf51f,,,,,
Modular.Character.Outfits.-.Fantasy.Standard/Modular Character Outfits - Fantasy[Standard]/Exports/glTF (Godot-Unreal)/Modular Parts/Male_Peasant_Arms.gltf,Modular.Character.Outfits.-.Fantasy.Standard,Tenues,CANDIDAT_RUNTIME,26703,4eb0fff5637cb659,5338,65,0,73,personnages
Modular.Character.Outfits.-.Fantasy.Standard/Modular Character Outfits - Fantasy[Standard]/Exports/glTF (Godot-Unreal)/Modular Parts/Male_Peasant_Body.bin,Modular.Character.Outfits.-.Fantasy.Standard,Tenues,SOURCE_TECHNIQUE,219680,d9b380153cbac785,,,,,
Modular.Character.Outfits.-.Fantasy.Standard/Modular Character Outfits - Fantasy[Standard]/Exports/glTF (Godot-Unreal)/Modular Parts/Male_Peasant_Body.gltf,Modular.Character.Outfits.-.Fantasy.Standard,Tenues,CANDIDAT_RUNTIME,23738,daaa452abe8762c3,3856,65,0,73,personnages
Modular.Character.Outfits.-.Fantasy.Standard/Modular Character Outfits - Fantasy[Standard]/Exports/glTF (Godot-Unreal)/Modular Parts/Male_Peasant_Feet.bin,Modular.Character.Outfits.-.Fantasy.Standard,Tenues,SOURCE_TECHNIQUE,139880,cb35f50fb3e784ca,,,,,
Modular.Character.Outfits.-.Fantasy.Standard/Modular Character Outfits - Fantasy[Standard]/Exports/glTF (Godot-Unreal)/Modular Parts/Male_Peasant_Feet.gltf,Modular.Character.Outfits.-.Fantasy.Standard,Tenues,CANDIDAT_RUNTIME,23740,191a2d70d6c2e550,2588,65,0,73,personnages
Modular.Character.Outfits.-.Fantasy.Standard/Modular Character Outfits - Fantasy[Standard]/Exports/glTF (Godot-Unreal)/Modular Parts/Male_Peasant_Legs.bin,Modular.Character.Outfits.-.Fantasy.Standard,Tenues,SOURCE_TECHNIQUE,52816,529bfc210a2de7e7,,,,,
Modular.Character.Outfits.-.Fantasy.Standard/Modular Character Outfits - Fantasy[Standard]/Exports/glTF (Godot-Unreal)/Modular Parts/Male_Peasant_Legs.gltf,Modular.Character.Outfits.-.Fantasy.Standard,Tenues,CANDIDAT_RUNTIME,23721,207933393b7a2ef4,1112,65,0,79,personnages
Modular.Character.Outfits.-.Fantasy.Standard/Modular Character Outfits - Fantasy[Standard]/Exports/glTF (Godot-Unreal)/Modular Parts/Male_Ranger_Acc_Pauldron.bin,Modular.Character.Outfits.-.Fantasy.Standard,Tenues,SOURCE_TECHNIQUE,69200,e8ccb52c8e2bc771,,,,,
Modular.Character.Outfits.-.Fantasy.Standard/Modular Character Outfits - Fantasy[Standard]/Exports/glTF (Godot-Unreal)/Modular Parts/Male_Ranger_Acc_Pauldron.gltf,Modular.Character.Outfits.-.Fantasy.Standard,Tenues,CANDIDAT_RUNTIME,23314,967bd4e8d85821fb,1376,65,0,79,personnages
Modular.Character.Outfits.-.Fantasy.Standard/Modular Character Outfits - Fantasy[Standard]/Exports/glTF (Godot-Unreal)/Modular Parts/Male_Ranger_Arms.bin,Modular.Character.Outfits.-.Fantasy.Standard,Tenues,SOURCE_TECHNIQUE,252752,d630f5cd806c8edc,,,,,
Modular.Character.Outfits.-.Fantasy.Standard/Modular Character Outfits - Fantasy[Standard]/Exports/glTF (Godot-Unreal)/Modular Parts/Male_Ranger_Arms.gltf,Modular.Character.Outfits.-.Fantasy.Standard,Tenues,CANDIDAT_RUNTIME,26704,437d71553d79dbf4,4928,65,0,79,personnages
Modular.Character.Outfits.-.Fantasy.Standard/Modular Character Outfits - Fantasy[Standard]/Exports/glTF (Godot-Unreal)/Modular Parts/Male_Ranger_Body.bin,Modular.Character.Outfits.-.Fantasy.Standard,Tenues,SOURCE_TECHNIQUE,309108,e3ebad21b1865c37,,,,,
Modular.Character.Outfits.-.Fantasy.Standard/Modular Character Outfits - Fantasy[Standard]/Exports/glTF (Godot-Unreal)/Modular Parts/Male_Ranger_Body.gltf,Modular.Character.Outfits.-.Fantasy.Standard,Tenues,CANDIDAT_RUNTIME,26865,c5bb520006116222,4606,65,0,79,personnages
Modular.Character.Outfits.-.Fantasy.Standard/Modular Character Outfits - Fantasy[Standard]/Exports/glTF (Godot-Unreal)/Modular Parts/Male_Ranger_Feet_Boots.bin,Modular.Character.Outfits.-.Fantasy.Standard,Tenues,SOURCE_TECHNIQUE,710328,8079ffa4ac2c9a35,,,,,
Modular.Character.Outfits.-.Fantasy.Standard/Modular Character Outfits - Fantasy[Standard]/Exports/glTF (Godot-Unreal)/Modular Parts/Male_Ranger_Feet_Boots.gltf,Modular.Character.Outfits.-.Fantasy.Standard,Tenues,CANDIDAT_RUNTIME,23762,e71cd92792aeabca,9172,65,0,77,personnages
Modular.Character.Outfits.-.Fantasy.Standard/Modular Character Outfits - Fantasy[Standard]/Exports/glTF (Godot-Unreal)/Modular Parts/Male_Ranger_Head_Hood.bin,Modular.Character.Outfits.-.Fantasy.Standard,Tenues,SOURCE_TECHNIQUE,96336,d126c2e043850898,,,,,
Modular.Character.Outfits.-.Fantasy.Standard/Modular Character Outfits - Fantasy[Standard]/Exports/glTF (Godot-Unreal)/Modular Parts/Male_Ranger_Head_Hood.gltf,Modular.Character.Outfits.-.Fantasy.Standard,Tenues,CANDIDAT_RUNTIME,23737,57affa34c145d2c1,2136,65,0,79,personnages
Modular.Character.Outfits.-.Fantasy.Standard/Modular Character Outfits - Fantasy[Standard]/Exports/glTF (Godot-Unreal)/Modular Parts/Male_Ranger_Legs.bin,Modular.Character.Outfits.-.Fantasy.Standard,Tenues,SOURCE_TECHNIQUE,52144,74691dd17e15f755,,,,,
Modular.Character.Outfits.-.Fantasy.Standard/Modular Character Outfits - Fantasy[Standard]/Exports/glTF (Godot-Unreal)/Modular Parts/Male_Ranger_Legs.gltf,Modular.Character.Outfits.-.Fantasy.Standard,Tenues,CANDIDAT_RUNTIME,23712,c415a01384d34b77,1128,65,0,79,personnages
Modular.Character.Outfits.-.Fantasy.Standard/Modular Character Outfits - Fantasy[Standard]/Exports/glTF (Godot-Unreal)/Modular Parts/T_Peasant_BaseColor.png,Modular.Character.Outfits.-.Fantasy.Standard,Tenues,DOUBLON_CONTENU,5055760,a43635628d95571c,,,,,
Modular.Character.Outfits.-.Fantasy.Standard/Modular Character Outfits - Fantasy[Standard]/Exports/glTF (Godot-Unreal)/Modular Parts/T_Peasant_Normal.png,Modular.Character.Outfits.-.Fantasy.Standard,Tenues,DOUBLON_CONTENU,14110336,7598fa7b63e46fd4,,,,,
Modular.Character.Outfits.-.Fantasy.Standard/Modular Character Outfits - Fantasy[Standard]/Exports/glTF (Godot-Unreal)/Modular Parts/T_Peasant_ORM.png,Modular.Character.Outfits.-.Fantasy.Standard,Tenues,DOUBLON_CONTENU,9903835,e1932f5f91104afc,,,,,
Modular.Character.Outfits.-.Fantasy.Standard/Modular Character Outfits - Fantasy[Standard]/Exports/glTF (Godot-Unreal)/Modular Parts/T_Ranger_BaseColor.png,Modular.Character.Outfits.-.Fantasy.Standard,Tenues,DOUBLON_CONTENU,6630927,846ef2170b04ee58,,,,,
Modular.Character.Outfits.-.Fantasy.Standard/Modular Character Outfits - Fantasy[Standard]/Exports/glTF (Godot-Unreal)/Modular Parts/T_Ranger_Normal.png,Modular.Character.Outfits.-.Fantasy.Standard,Tenues,DOUBLON_CONTENU,12713653,dd64da2af3180f0c,,,,,
Modular.Character.Outfits.-.Fantasy.Standard/Modular Character Outfits - Fantasy[Standard]/Exports/glTF (Godot-Unreal)/Modular Parts/T_Ranger_ORM.png,Modular.Character.Outfits.-.Fantasy.Standard,Tenues,DOUBLON_CONTENU,10792085,aca03d2fba12508e,,,,,
Modular.Character.Outfits.-.Fantasy.Standard/Modular Character Outfits - Fantasy[Standard]/Exports/glTF (Godot-Unreal)/Modular Parts/T_Regular_Female_Dark_BaseColor.png,Modular.Character.Outfits.-.Fantasy.Standard,Tenues,DOUBLON_CONTENU,1348542,3b6ab973f9f3d6f8,,,,,
Modular.Character.Outfits.-.Fantasy.Standard/Modular Character Outfits - Fantasy[Standard]/Exports/glTF (Godot-Unreal)/Modular Parts/T_Regular_Female_Normal.png,Modular.Character.Outfits.-.Fantasy.Standard,Tenues,DOUBLON_CONTENU,3913459,e1051d3d56df9cf0,,,,,
Modular.Character.Outfits.-.Fantasy.Standard/Modular Character Outfits - Fantasy[Standard]/Exports/glTF (Godot-Unreal)/Modular Parts/T_Regular_Female_Roughness.png,Modular.Character.Outfits.-.Fantasy.Standard,Tenues,DOUBLON_CONTENU,3274215,da541fbd4b3bffe7,,,,,
Modular.Character.Outfits.-.Fantasy.Standard/Modular Character Outfits - Fantasy[Standard]/Exports/glTF (Godot-Unreal)/Modular Parts/T_Regular_Male_Dark_BaseColor.png,Modular.Character.Outfits.-.Fantasy.Standard,Tenues,DOUBLON_CONTENU,1316151,b4dcc0f4139aab54,,,,,
Modular.Character.Outfits.-.Fantasy.Standard/Modular Character Outfits - Fantasy[Standard]/Exports/glTF (Godot-Unreal)/Modular Parts/T_Regular_Male_Normal.png,Modular.Character.Outfits.-.Fantasy.Standard,Tenues,DOUBLON_CONTENU,4064184,10cd71e2453e577f,,,,,
Modular.Character.Outfits.-.Fantasy.Standard/Modular Character Outfits - Fantasy[Standard]/Exports/glTF (Godot-Unreal)/Modular Parts/T_Regular_Male_Roughness.png,Modular.Character.Outfits.-.Fantasy.Standard,Tenues,DOUBLON_CONTENU,3160102,086c2eb25bddfdb7,,,,,
